ISO-10303-21;
HEADER;
FILE_DESCRIPTION(('KiCad electronic assembly'),'2;1');
FILE_NAME('hotplate controller.step','2026-08-13T11:31:19',('Pcbnew'),(
    'Kicad'),'Open CASCADE STEP processor 7.9','KiCad to STEP converter'
  ,'Unknown');
FILE_SCHEMA(('AUTOMOTIVE_DESIGN { 1 0 10303 214 1 1 1 1 }'));
ENDSEC;
DATA;
#1 = APPLICATION_PROTOCOL_DEFINITION('international standard',
  'automotive_design',2000,#2);
#2 = APPLICATION_CONTEXT(
  'core data for automotive mechanical design processes');
#3 = SHAPE_DEFINITION_REPRESENTATION(#4,#10);
#4 = PRODUCT_DEFINITION_SHAPE('','',#5);
#5 = PRODUCT_DEFINITION('design','',#6,#9);
#6 = PRODUCT_DEFINITION_FORMATION('','',#7);
#7 = PRODUCT('hotplate controller 1','hotplate controller 1','',(#8));
#8 = PRODUCT_CONTEXT('',#2,'mechanical');
#9 = PRODUCT_DEFINITION_CONTEXT('part definition',#2,'design');
#10 = SHAPE_REPRESENTATION('',(#11,#15,#19,#23,#27,#31),#35);
#11 = AXIS2_PLACEMENT_3D('',#12,#13,#14);
#12 = CARTESIAN_POINT('',(0.,0.,0.));
#13 = DIRECTION('',(0.,0.,1.));
#14 = DIRECTION('',(1.,0.,-0.));
#15 = AXIS2_PLACEMENT_3D('',#16,#17,#18);
#16 = CARTESIAN_POINT('',(173.2125,-138.65,1.595));
#17 = DIRECTION('',(0.,0.,1.));
#18 = DIRECTION('',(1.,0.,0.));
#19 = AXIS2_PLACEMENT_3D('',#20,#21,#22);
#20 = CARTESIAN_POINT('',(0.,0.,0.));
#21 = DIRECTION('',(0.,0.,1.));
#22 = DIRECTION('',(1.,0.,-0.));
#23 = AXIS2_PLACEMENT_3D('',#24,#25,#26);
#24 = CARTESIAN_POINT('',(0.,0.,0.));
#25 = DIRECTION('',(0.,0.,1.));
#26 = DIRECTION('',(1.,0.,-0.));
#27 = AXIS2_PLACEMENT_3D('',#28,#29,#30);
#28 = CARTESIAN_POINT('',(0.,0.,0.));
#29 = DIRECTION('',(0.,0.,1.));
#30 = DIRECTION('',(1.,0.,-0.));
#31 = AXIS2_PLACEMENT_3D('',#32,#33,#34);
#32 = CARTESIAN_POINT('',(0.,0.,0.));
#33 = DIRECTION('',(0.,0.,1.));
#34 = DIRECTION('',(1.,0.,-0.));
#35 = ( GEOMETRIC_REPRESENTATION_CONTEXT(3) 
GLOBAL_UNCERTAINTY_ASSIGNED_CONTEXT((#39)) GLOBAL_UNIT_ASSIGNED_CONTEXT(
(#36,#37,#38)) REPRESENTATION_CONTEXT('Context #1',
  '3D Context with UNIT and UNCERTAINTY') );
#36 = ( LENGTH_UNIT() NAMED_UNIT(*) SI_UNIT(.MILLI.,.METRE.) );
#37 = ( NAMED_UNIT(*) PLANE_ANGLE_UNIT() SI_UNIT($,.RADIAN.) );
#38 = ( NAMED_UNIT(*) SI_UNIT($,.STERADIAN.) SOLID_ANGLE_UNIT() );
#39 = UNCERTAINTY_MEASURE_WITH_UNIT(LENGTH_MEASURE(1.E-07),#36,
  'distance_accuracy_value','confusion accuracy');
#40 = PRODUCT_RELATED_PRODUCT_CATEGORY('part',$,(#7));
#41 = SHAPE_DEFINITION_REPRESENTATION(#42,#48);
#42 = PRODUCT_DEFINITION_SHAPE('','',#43);
#43 = PRODUCT_DEFINITION('design','',#44,#47);
#44 = PRODUCT_DEFINITION_FORMATION('','',#45);
#45 = PRODUCT('R_0402_1005Metric','R_0402_1005Metric','',(#46));
#46 = PRODUCT_CONTEXT('',#2,'mechanical');
#47 = PRODUCT_DEFINITION_CONTEXT('part definition',#2,'design');
#48 = SHAPE_REPRESENTATION('',(#11,#49),#53);
#49 = AXIS2_PLACEMENT_3D('',#50,#51,#52);
#50 = CARTESIAN_POINT('',(0.,0.,0.));
#51 = DIRECTION('',(0.,0.,1.));
#52 = DIRECTION('',(1.,0.,-0.));
#53 = ( GEOMETRIC_REPRESENTATION_CONTEXT(3) 
GLOBAL_UNCERTAINTY_ASSIGNED_CONTEXT((#57)) GLOBAL_UNIT_ASSIGNED_CONTEXT(
(#54,#55,#56)) REPRESENTATION_CONTEXT('Context #1',
  '3D Context with UNIT and UNCERTAINTY') );
#54 = ( LENGTH_UNIT() NAMED_UNIT(*) SI_UNIT(.MILLI.,.METRE.) );
#55 = ( NAMED_UNIT(*) PLANE_ANGLE_UNIT() SI_UNIT($,.RADIAN.) );
#56 = ( NAMED_UNIT(*) SI_UNIT($,.STERADIAN.) SOLID_ANGLE_UNIT() );
#57 = UNCERTAINTY_MEASURE_WITH_UNIT(LENGTH_MEASURE(1.E-07),#54,
  'distance_accuracy_value','confusion accuracy');
#58 = CONTEXT_DEPENDENT_SHAPE_REPRESENTATION(#59,#61);
#59 = ( REPRESENTATION_RELATIONSHIP('','',#48,#10) 
REPRESENTATION_RELATIONSHIP_WITH_TRANSFORMATION(#60) 
SHAPE_REPRESENTATION_RELATIONSHIP() );
#60 = ITEM_DEFINED_TRANSFORMATION('','',#11,#15);
#61 = PRODUCT_DEFINITION_SHAPE('Placement','Placement of an item',#62);
#62 = NEXT_ASSEMBLY_USAGE_OCCURRENCE('2','R1','',#5,#43,$);
#63 = PRODUCT_RELATED_PRODUCT_CATEGORY('part',$,(#45));
#64 = SHAPE_DEFINITION_REPRESENTATION(#65,#71);
#65 = PRODUCT_DEFINITION_SHAPE('','',#66);
#66 = PRODUCT_DEFINITION('design','',#67,#70);
#67 = PRODUCT_DEFINITION_FORMATION('','',#68);
#68 = PRODUCT('R_0402_1005Metric','R_0402_1005Metric','',(#69));
#69 = PRODUCT_CONTEXT('',#2,'mechanical');
#70 = PRODUCT_DEFINITION_CONTEXT('part definition',#2,'design');
#71 = ADVANCED_BREP_SHAPE_REPRESENTATION('',(#11,#72),#862);
#72 = MANIFOLD_SOLID_BREP('',#73);
#73 = CLOSED_SHELL('',(#74,#114,#197,#222,#247,#314,#331,#348,#397,#414,
    #431,#480,#497,#566,#597,#621,#690,#714,#731,#748,#765,#782,#799,
    #816,#833,#850));
#74 = ADVANCED_FACE('',(#75),#109,.F.);
#75 = FACE_BOUND('',#76,.F.);
#76 = EDGE_LOOP('',(#77,#87,#95,#103));
#77 = ORIENTED_EDGE('',*,*,#78,.F.);
#78 = EDGE_CURVE('',#79,#81,#83,.T.);
#79 = VERTEX_POINT('',#80);
#80 = CARTESIAN_POINT('',(-0.5,-0.25,3.5E-02));
#81 = VERTEX_POINT('',#82);
#82 = CARTESIAN_POINT('',(-0.5,-0.25,0.315));
#83 = LINE('',#84,#85);
#84 = CARTESIAN_POINT('',(-0.5,-0.25,0.));
#85 = VECTOR('',#86,1.);
#86 = DIRECTION('',(0.,0.,1.));
#87 = ORIENTED_EDGE('',*,*,#88,.T.);
#88 = EDGE_CURVE('',#79,#89,#91,.T.);
#89 = VERTEX_POINT('',#90);
#90 = CARTESIAN_POINT('',(-0.5,0.25,3.5E-02));
#91 = LINE('',#92,#93);
#92 = CARTESIAN_POINT('',(-0.5,-0.25,3.5E-02));
#93 = VECTOR('',#94,1.);
#94 = DIRECTION('',(0.,1.,0.));
#95 = ORIENTED_EDGE('',*,*,#96,.T.);
#96 = EDGE_CURVE('',#89,#97,#99,.T.);
#97 = VERTEX_POINT('',#98);
#98 = CARTESIAN_POINT('',(-0.5,0.25,0.315));
#99 = LINE('',#100,#101);
#100 = CARTESIAN_POINT('',(-0.5,0.25,0.));
#101 = VECTOR('',#102,1.);
#102 = DIRECTION('',(0.,0.,1.));
#103 = ORIENTED_EDGE('',*,*,#104,.F.);
#104 = EDGE_CURVE('',#81,#97,#105,.T.);
#105 = LINE('',#106,#107);
#106 = CARTESIAN_POINT('',(-0.5,-0.25,0.315));
#107 = VECTOR('',#108,1.);
#108 = DIRECTION('',(0.,1.,0.));
#109 = PLANE('',#110);
#110 = AXIS2_PLACEMENT_3D('',#111,#112,#113);
#111 = CARTESIAN_POINT('',(-0.5,-0.25,0.));
#112 = DIRECTION('',(1.,0.,0.));
#113 = DIRECTION('',(0.,0.,1.));
#114 = ADVANCED_FACE('',(#115),#192,.F.);
#115 = FACE_BOUND('',#116,.F.);
#116 = EDGE_LOOP('',(#117,#127,#134,#135,#144,#152,#161,#169,#177,#185)
  );
#117 = ORIENTED_EDGE('',*,*,#118,.F.);
#118 = EDGE_CURVE('',#119,#121,#123,.T.);
#119 = VERTEX_POINT('',#120);
#120 = CARTESIAN_POINT('',(-0.465,-0.25,-2.775557561563E-17));
#121 = VERTEX_POINT('',#122);
#122 = CARTESIAN_POINT('',(-0.335,-0.25,-2.775557561563E-17));
#123 = LINE('',#124,#125);
#124 = CARTESIAN_POINT('',(-0.5,-0.25,0.));
#125 = VECTOR('',#126,1.);
#126 = DIRECTION('',(1.,0.,0.));
#127 = ORIENTED_EDGE('',*,*,#128,.F.);
#128 = EDGE_CURVE('',#79,#119,#129,.T.);
#129 = CIRCLE('',#130,3.5E-02);
#130 = AXIS2_PLACEMENT_3D('',#131,#132,#133);
#131 = CARTESIAN_POINT('',(-0.465,-0.25,3.5E-02));
#132 = DIRECTION('',(0.,-1.,0.));
#133 = DIRECTION('',(0.,0.,1.));
#134 = ORIENTED_EDGE('',*,*,#78,.T.);
#135 = ORIENTED_EDGE('',*,*,#136,.T.);
#136 = EDGE_CURVE('',#81,#137,#139,.T.);
#137 = VERTEX_POINT('',#138);
#138 = CARTESIAN_POINT('',(-0.465,-0.25,0.35));
#139 = CIRCLE('',#140,3.5E-02);
#140 = AXIS2_PLACEMENT_3D('',#141,#142,#143);
#141 = CARTESIAN_POINT('',(-0.465,-0.25,0.315));
#142 = DIRECTION('',(0.,1.,0.));
#143 = DIRECTION('',(0.,-0.,1.));
#144 = ORIENTED_EDGE('',*,*,#145,.T.);
#145 = EDGE_CURVE('',#137,#146,#148,.T.);
#146 = VERTEX_POINT('',#147);
#147 = CARTESIAN_POINT('',(-0.335,-0.25,0.35));
#148 = LINE('',#149,#150);
#149 = CARTESIAN_POINT('',(-0.5,-0.25,0.35));
#150 = VECTOR('',#151,1.);
#151 = DIRECTION('',(1.,0.,0.));
#152 = ORIENTED_EDGE('',*,*,#153,.F.);
#153 = EDGE_CURVE('',#154,#146,#156,.T.);
#154 = VERTEX_POINT('',#155);
#155 = CARTESIAN_POINT('',(-0.3,-0.25,0.315));
#156 = CIRCLE('',#157,3.5E-02);
#157 = AXIS2_PLACEMENT_3D('',#158,#159,#160);
#158 = CARTESIAN_POINT('',(-0.335,-0.25,0.315));
#159 = DIRECTION('',(0.,-1.,0.));
#160 = DIRECTION('',(0.,0.,1.));
#161 = ORIENTED_EDGE('',*,*,#162,.F.);
#162 = EDGE_CURVE('',#163,#154,#165,.T.);
#163 = VERTEX_POINT('',#164);
#164 = CARTESIAN_POINT('',(-0.465,-0.25,0.315));
#165 = LINE('',#166,#167);
#166 = CARTESIAN_POINT('',(-0.465,-0.25,0.315));
#167 = VECTOR('',#168,1.);
#168 = DIRECTION('',(1.,0.,0.));
#169 = ORIENTED_EDGE('',*,*,#170,.F.);
#170 = EDGE_CURVE('',#171,#163,#173,.T.);
#171 = VERTEX_POINT('',#172);
#172 = CARTESIAN_POINT('',(-0.465,-0.25,3.5E-02));
#173 = LINE('',#174,#175);
#174 = CARTESIAN_POINT('',(-0.465,-0.25,3.5E-02));
#175 = VECTOR('',#176,1.);
#176 = DIRECTION('',(0.,0.,1.));
#177 = ORIENTED_EDGE('',*,*,#178,.T.);
#178 = EDGE_CURVE('',#171,#179,#181,.T.);
#179 = VERTEX_POINT('',#180);
#180 = CARTESIAN_POINT('',(-0.3,-0.25,3.5E-02));
#181 = LINE('',#182,#183);
#182 = CARTESIAN_POINT('',(-0.465,-0.25,3.5E-02));
#183 = VECTOR('',#184,1.);
#184 = DIRECTION('',(1.,0.,0.));
#185 = ORIENTED_EDGE('',*,*,#186,.T.);
#186 = EDGE_CURVE('',#179,#121,#187,.T.);
#187 = CIRCLE('',#188,3.5E-02);
#188 = AXIS2_PLACEMENT_3D('',#189,#190,#191);
#189 = CARTESIAN_POINT('',(-0.335,-0.25,3.5E-02));
#190 = DIRECTION('',(0.,1.,0.));
#191 = DIRECTION('',(0.,-0.,1.));
#192 = PLANE('',#193);
#193 = AXIS2_PLACEMENT_3D('',#194,#195,#196);
#194 = CARTESIAN_POINT('',(-0.5,-0.25,0.));
#195 = DIRECTION('',(0.,1.,0.));
#196 = DIRECTION('',(0.,-0.,1.));
#197 = ADVANCED_FACE('',(#198),#217,.T.);
#198 = FACE_BOUND('',#199,.T.);
#199 = EDGE_LOOP('',(#200,#201,#210,#216));
#200 = ORIENTED_EDGE('',*,*,#88,.T.);
#201 = ORIENTED_EDGE('',*,*,#202,.T.);
#202 = EDGE_CURVE('',#89,#203,#205,.T.);
#203 = VERTEX_POINT('',#204);
#204 = CARTESIAN_POINT('',(-0.465,0.25,-2.775557561563E-17));
#205 = CIRCLE('',#206,3.5E-02);
#206 = AXIS2_PLACEMENT_3D('',#207,#208,#209);
#207 = CARTESIAN_POINT('',(-0.465,0.25,3.5E-02));
#208 = DIRECTION('',(0.,-1.,0.));
#209 = DIRECTION('',(0.,0.,1.));
#210 = ORIENTED_EDGE('',*,*,#211,.F.);
#211 = EDGE_CURVE('',#119,#203,#212,.T.);
#212 = LINE('',#213,#214);
#213 = CARTESIAN_POINT('',(-0.465,-0.25,-2.775557561563E-17));
#214 = VECTOR('',#215,1.);
#215 = DIRECTION('',(0.,1.,0.));
#216 = ORIENTED_EDGE('',*,*,#128,.F.);
#217 = CYLINDRICAL_SURFACE('',#218,3.5E-02);
#218 = AXIS2_PLACEMENT_3D('',#219,#220,#221);
#219 = CARTESIAN_POINT('',(-0.465,-0.25,3.5E-02));
#220 = DIRECTION('',(0.,1.,0.));
#221 = DIRECTION('',(-1.,0.,0.));
#222 = ADVANCED_FACE('',(#223),#242,.T.);
#223 = FACE_BOUND('',#224,.T.);
#224 = EDGE_LOOP('',(#225,#226,#234,#241));
#225 = ORIENTED_EDGE('',*,*,#136,.T.);
#226 = ORIENTED_EDGE('',*,*,#227,.T.);
#227 = EDGE_CURVE('',#137,#228,#230,.T.);
#228 = VERTEX_POINT('',#229);
#229 = CARTESIAN_POINT('',(-0.465,0.25,0.35));
#230 = LINE('',#231,#232);
#231 = CARTESIAN_POINT('',(-0.465,-0.25,0.35));
#232 = VECTOR('',#233,1.);
#233 = DIRECTION('',(0.,1.,0.));
#234 = ORIENTED_EDGE('',*,*,#235,.F.);
#235 = EDGE_CURVE('',#97,#228,#236,.T.);
#236 = CIRCLE('',#237,3.5E-02);
#237 = AXIS2_PLACEMENT_3D('',#238,#239,#240);
#238 = CARTESIAN_POINT('',(-0.465,0.25,0.315));
#239 = DIRECTION('',(0.,1.,0.));
#240 = DIRECTION('',(0.,-0.,1.));
#241 = ORIENTED_EDGE('',*,*,#104,.F.);
#242 = CYLINDRICAL_SURFACE('',#243,3.5E-02);
#243 = AXIS2_PLACEMENT_3D('',#244,#245,#246);
#244 = CARTESIAN_POINT('',(-0.465,-0.25,0.315));
#245 = DIRECTION('',(0.,1.,0.));
#246 = DIRECTION('',(-1.,0.,0.));
#247 = ADVANCED_FACE('',(#248),#309,.T.);
#248 = FACE_BOUND('',#249,.T.);
#249 = EDGE_LOOP('',(#250,#258,#259,#260,#261,#269,#278,#286,#294,#302)
  );
#250 = ORIENTED_EDGE('',*,*,#251,.F.);
#251 = EDGE_CURVE('',#203,#252,#254,.T.);
#252 = VERTEX_POINT('',#253);
#253 = CARTESIAN_POINT('',(-0.335,0.25,-2.775557561563E-17));
#254 = LINE('',#255,#256);
#255 = CARTESIAN_POINT('',(-0.5,0.25,0.));
#256 = VECTOR('',#257,1.);
#257 = DIRECTION('',(1.,0.,0.));
#258 = ORIENTED_EDGE('',*,*,#202,.F.);
#259 = ORIENTED_EDGE('',*,*,#96,.T.);
#260 = ORIENTED_EDGE('',*,*,#235,.T.);
#261 = ORIENTED_EDGE('',*,*,#262,.T.);
#262 = EDGE_CURVE('',#228,#263,#265,.T.);
#263 = VERTEX_POINT('',#264);
#264 = CARTESIAN_POINT('',(-0.335,0.25,0.35));
#265 = LINE('',#266,#267);
#266 = CARTESIAN_POINT('',(-0.5,0.25,0.35));
#267 = VECTOR('',#268,1.);
#268 = DIRECTION('',(1.,0.,0.));
#269 = ORIENTED_EDGE('',*,*,#270,.F.);
#270 = EDGE_CURVE('',#271,#263,#273,.T.);
#271 = VERTEX_POINT('',#272);
#272 = CARTESIAN_POINT('',(-0.3,0.25,0.315));
#273 = CIRCLE('',#274,3.5E-02);
#274 = AXIS2_PLACEMENT_3D('',#275,#276,#277);
#275 = CARTESIAN_POINT('',(-0.335,0.25,0.315));
#276 = DIRECTION('',(0.,-1.,0.));
#277 = DIRECTION('',(0.,0.,1.));
#278 = ORIENTED_EDGE('',*,*,#279,.F.);
#279 = EDGE_CURVE('',#280,#271,#282,.T.);
#280 = VERTEX_POINT('',#281);
#281 = CARTESIAN_POINT('',(-0.465,0.25,0.315));
#282 = LINE('',#283,#284);
#283 = CARTESIAN_POINT('',(-0.465,0.25,0.315));
#284 = VECTOR('',#285,1.);
#285 = DIRECTION('',(1.,0.,0.));
#286 = ORIENTED_EDGE('',*,*,#287,.F.);
#287 = EDGE_CURVE('',#288,#280,#290,.T.);
#288 = VERTEX_POINT('',#289);
#289 = CARTESIAN_POINT('',(-0.465,0.25,3.5E-02));
#290 = LINE('',#291,#292);
#291 = CARTESIAN_POINT('',(-0.465,0.25,3.5E-02));
#292 = VECTOR('',#293,1.);
#293 = DIRECTION('',(0.,0.,1.));
#294 = ORIENTED_EDGE('',*,*,#295,.T.);
#295 = EDGE_CURVE('',#288,#296,#298,.T.);
#296 = VERTEX_POINT('',#297);
#297 = CARTESIAN_POINT('',(-0.3,0.25,3.5E-02));
#298 = LINE('',#299,#300);
#299 = CARTESIAN_POINT('',(-0.465,0.25,3.5E-02));
#300 = VECTOR('',#301,1.);
#301 = DIRECTION('',(1.,0.,0.));
#302 = ORIENTED_EDGE('',*,*,#303,.T.);
#303 = EDGE_CURVE('',#296,#252,#304,.T.);
#304 = CIRCLE('',#305,3.5E-02);
#305 = AXIS2_PLACEMENT_3D('',#306,#307,#308);
#306 = CARTESIAN_POINT('',(-0.335,0.25,3.5E-02));
#307 = DIRECTION('',(0.,1.,0.));
#308 = DIRECTION('',(0.,-0.,1.));
#309 = PLANE('',#310);
#310 = AXIS2_PLACEMENT_3D('',#311,#312,#313);
#311 = CARTESIAN_POINT('',(-0.5,0.25,0.));
#312 = DIRECTION('',(0.,1.,0.));
#313 = DIRECTION('',(0.,-0.,1.));
#314 = ADVANCED_FACE('',(#315),#326,.F.);
#315 = FACE_BOUND('',#316,.F.);
#316 = EDGE_LOOP('',(#317,#318,#319,#320));
#317 = ORIENTED_EDGE('',*,*,#251,.F.);
#318 = ORIENTED_EDGE('',*,*,#211,.F.);
#319 = ORIENTED_EDGE('',*,*,#118,.T.);
#320 = ORIENTED_EDGE('',*,*,#321,.T.);
#321 = EDGE_CURVE('',#121,#252,#322,.T.);
#322 = LINE('',#323,#324);
#323 = CARTESIAN_POINT('',(-0.335,-0.25,-2.775557561563E-17));
#324 = VECTOR('',#325,1.);
#325 = DIRECTION('',(0.,1.,0.));
#326 = PLANE('',#327);
#327 = AXIS2_PLACEMENT_3D('',#328,#329,#330);
#328 = CARTESIAN_POINT('',(-0.5,-0.25,0.));
#329 = DIRECTION('',(0.,0.,1.));
#330 = DIRECTION('',(1.,0.,-0.));
#331 = ADVANCED_FACE('',(#332),#343,.T.);
#332 = FACE_BOUND('',#333,.T.);
#333 = EDGE_LOOP('',(#334,#335,#336,#337));
#334 = ORIENTED_EDGE('',*,*,#186,.T.);
#335 = ORIENTED_EDGE('',*,*,#321,.T.);
#336 = ORIENTED_EDGE('',*,*,#303,.F.);
#337 = ORIENTED_EDGE('',*,*,#338,.F.);
#338 = EDGE_CURVE('',#179,#296,#339,.T.);
#339 = LINE('',#340,#341);
#340 = CARTESIAN_POINT('',(-0.3,-0.25,3.5E-02));
#341 = VECTOR('',#342,1.);
#342 = DIRECTION('',(0.,1.,0.));
#343 = CYLINDRICAL_SURFACE('',#344,3.5E-02);
#344 = AXIS2_PLACEMENT_3D('',#345,#346,#347);
#345 = CARTESIAN_POINT('',(-0.335,-0.25,3.5E-02));
#346 = DIRECTION('',(0.,1.,0.));
#347 = DIRECTION('',(1.,0.,0.));
#348 = ADVANCED_FACE('',(#349),#392,.F.);
#349 = FACE_BOUND('',#350,.F.);
#350 = EDGE_LOOP('',(#351,#352,#353,#354,#362,#370,#378,#386));
#351 = ORIENTED_EDGE('',*,*,#178,.F.);
#352 = ORIENTED_EDGE('',*,*,#170,.T.);
#353 = ORIENTED_EDGE('',*,*,#162,.T.);
#354 = ORIENTED_EDGE('',*,*,#355,.T.);
#355 = EDGE_CURVE('',#154,#356,#358,.T.);
#356 = VERTEX_POINT('',#357);
#357 = CARTESIAN_POINT('',(0.3,-0.25,0.315));
#358 = LINE('',#359,#360);
#359 = CARTESIAN_POINT('',(-0.3,-0.25,0.315));
#360 = VECTOR('',#361,1.);
#361 = DIRECTION('',(1.,0.,0.));
#362 = ORIENTED_EDGE('',*,*,#363,.T.);
#363 = EDGE_CURVE('',#356,#364,#366,.T.);
#364 = VERTEX_POINT('',#365);
#365 = CARTESIAN_POINT('',(0.465,-0.25,0.315));
#366 = LINE('',#367,#368);
#367 = CARTESIAN_POINT('',(-0.465,-0.25,0.315));
#368 = VECTOR('',#369,1.);
#369 = DIRECTION('',(1.,0.,0.));
#370 = ORIENTED_EDGE('',*,*,#371,.F.);
#371 = EDGE_CURVE('',#372,#364,#374,.T.);
#372 = VERTEX_POINT('',#373);
#373 = CARTESIAN_POINT('',(0.465,-0.25,3.5E-02));
#374 = LINE('',#375,#376);
#375 = CARTESIAN_POINT('',(0.465,-0.25,3.5E-02));
#376 = VECTOR('',#377,1.);
#377 = DIRECTION('',(0.,0.,1.));
#378 = ORIENTED_EDGE('',*,*,#379,.F.);
#379 = EDGE_CURVE('',#380,#372,#382,.T.);
#380 = VERTEX_POINT('',#381);
#381 = CARTESIAN_POINT('',(0.3,-0.25,3.5E-02));
#382 = LINE('',#383,#384);
#383 = CARTESIAN_POINT('',(-0.465,-0.25,3.5E-02));
#384 = VECTOR('',#385,1.);
#385 = DIRECTION('',(1.,0.,0.));
#386 = ORIENTED_EDGE('',*,*,#387,.F.);
#387 = EDGE_CURVE('',#179,#380,#388,.T.);
#388 = LINE('',#389,#390);
#389 = CARTESIAN_POINT('',(-0.465,-0.25,3.5E-02));
#390 = VECTOR('',#391,1.);
#391 = DIRECTION('',(1.,0.,0.));
#392 = PLANE('',#393);
#393 = AXIS2_PLACEMENT_3D('',#394,#395,#396);
#394 = CARTESIAN_POINT('',(-0.465,-0.25,3.5E-02));
#395 = DIRECTION('',(0.,1.,0.));
#396 = DIRECTION('',(0.,-0.,1.));
#397 = ADVANCED_FACE('',(#398),#409,.T.);
#398 = FACE_BOUND('',#399,.T.);
#399 = EDGE_LOOP('',(#400,#401,#402,#403));
#400 = ORIENTED_EDGE('',*,*,#262,.F.);
#401 = ORIENTED_EDGE('',*,*,#227,.F.);
#402 = ORIENTED_EDGE('',*,*,#145,.T.);
#403 = ORIENTED_EDGE('',*,*,#404,.T.);
#404 = EDGE_CURVE('',#146,#263,#405,.T.);
#405 = LINE('',#406,#407);
#406 = CARTESIAN_POINT('',(-0.335,-0.25,0.35));
#407 = VECTOR('',#408,1.);
#408 = DIRECTION('',(0.,1.,0.));
#409 = PLANE('',#410);
#410 = AXIS2_PLACEMENT_3D('',#411,#412,#413);
#411 = CARTESIAN_POINT('',(-0.5,-0.25,0.35));
#412 = DIRECTION('',(0.,0.,1.));
#413 = DIRECTION('',(1.,0.,-0.));
#414 = ADVANCED_FACE('',(#415),#426,.T.);
#415 = FACE_BOUND('',#416,.T.);
#416 = EDGE_LOOP('',(#417,#423,#424,#425));
#417 = ORIENTED_EDGE('',*,*,#418,.T.);
#418 = EDGE_CURVE('',#154,#271,#419,.T.);
#419 = LINE('',#420,#421);
#420 = CARTESIAN_POINT('',(-0.3,-0.25,0.315));
#421 = VECTOR('',#422,1.);
#422 = DIRECTION('',(0.,1.,0.));
#423 = ORIENTED_EDGE('',*,*,#270,.T.);
#424 = ORIENTED_EDGE('',*,*,#404,.F.);
#425 = ORIENTED_EDGE('',*,*,#153,.F.);
#426 = CYLINDRICAL_SURFACE('',#427,3.5E-02);
#427 = AXIS2_PLACEMENT_3D('',#428,#429,#430);
#428 = CARTESIAN_POINT('',(-0.335,-0.25,0.315));
#429 = DIRECTION('',(0.,1.,0.));
#430 = DIRECTION('',(1.,0.,0.));
#431 = ADVANCED_FACE('',(#432),#475,.T.);
#432 = FACE_BOUND('',#433,.T.);
#433 = EDGE_LOOP('',(#434,#435,#436,#437,#445,#453,#461,#469));
#434 = ORIENTED_EDGE('',*,*,#295,.F.);
#435 = ORIENTED_EDGE('',*,*,#287,.T.);
#436 = ORIENTED_EDGE('',*,*,#279,.T.);
#437 = ORIENTED_EDGE('',*,*,#438,.T.);
#438 = EDGE_CURVE('',#271,#439,#441,.T.);
#439 = VERTEX_POINT('',#440);
#440 = CARTESIAN_POINT('',(0.3,0.25,0.315));
#441 = LINE('',#442,#443);
#442 = CARTESIAN_POINT('',(-0.3,0.25,0.315));
#443 = VECTOR('',#444,1.);
#444 = DIRECTION('',(1.,0.,0.));
#445 = ORIENTED_EDGE('',*,*,#446,.T.);
#446 = EDGE_CURVE('',#439,#447,#449,.T.);
#447 = VERTEX_POINT('',#448);
#448 = CARTESIAN_POINT('',(0.465,0.25,0.315));
#449 = LINE('',#450,#451);
#450 = CARTESIAN_POINT('',(-0.465,0.25,0.315));
#451 = VECTOR('',#452,1.);
#452 = DIRECTION('',(1.,0.,0.));
#453 = ORIENTED_EDGE('',*,*,#454,.F.);
#454 = EDGE_CURVE('',#455,#447,#457,.T.);
#455 = VERTEX_POINT('',#456);
#456 = CARTESIAN_POINT('',(0.465,0.25,3.5E-02));
#457 = LINE('',#458,#459);
#458 = CARTESIAN_POINT('',(0.465,0.25,3.5E-02));
#459 = VECTOR('',#460,1.);
#460 = DIRECTION('',(0.,0.,1.));
#461 = ORIENTED_EDGE('',*,*,#462,.F.);
#462 = EDGE_CURVE('',#463,#455,#465,.T.);
#463 = VERTEX_POINT('',#464);
#464 = CARTESIAN_POINT('',(0.3,0.25,3.5E-02));
#465 = LINE('',#466,#467);
#466 = CARTESIAN_POINT('',(-0.465,0.25,3.5E-02));
#467 = VECTOR('',#468,1.);
#468 = DIRECTION('',(1.,0.,0.));
#469 = ORIENTED_EDGE('',*,*,#470,.F.);
#470 = EDGE_CURVE('',#296,#463,#471,.T.);
#471 = LINE('',#472,#473);
#472 = CARTESIAN_POINT('',(-0.465,0.25,3.5E-02));
#473 = VECTOR('',#474,1.);
#474 = DIRECTION('',(1.,0.,0.));
#475 = PLANE('',#476);
#476 = AXIS2_PLACEMENT_3D('',#477,#478,#479);
#477 = CARTESIAN_POINT('',(-0.465,0.25,3.5E-02));
#478 = DIRECTION('',(0.,1.,0.));
#479 = DIRECTION('',(0.,-0.,1.));
#480 = ADVANCED_FACE('',(#481),#492,.F.);
#481 = FACE_BOUND('',#482,.F.);
#482 = EDGE_LOOP('',(#483,#484,#485,#491));
#483 = ORIENTED_EDGE('',*,*,#338,.F.);
#484 = ORIENTED_EDGE('',*,*,#387,.T.);
#485 = ORIENTED_EDGE('',*,*,#486,.T.);
#486 = EDGE_CURVE('',#380,#463,#487,.T.);
#487 = LINE('',#488,#489);
#488 = CARTESIAN_POINT('',(0.3,-0.25,3.5E-02));
#489 = VECTOR('',#490,1.);
#490 = DIRECTION('',(0.,1.,0.));
#491 = ORIENTED_EDGE('',*,*,#470,.F.);
#492 = PLANE('',#493);
#493 = AXIS2_PLACEMENT_3D('',#494,#495,#496);
#494 = CARTESIAN_POINT('',(-0.465,-0.25,3.5E-02));
#495 = DIRECTION('',(0.,0.,1.));
#496 = DIRECTION('',(1.,0.,-0.));
#497 = ADVANCED_FACE('',(#498),#561,.F.);
#498 = FACE_BOUND('',#499,.F.);
#499 = EDGE_LOOP('',(#500,#510,#517,#518,#519,#520,#529,#537,#546,#554)
  );
#500 = ORIENTED_EDGE('',*,*,#501,.F.);
#501 = EDGE_CURVE('',#502,#504,#506,.T.);
#502 = VERTEX_POINT('',#503);
#503 = CARTESIAN_POINT('',(0.335,-0.25,-2.775557561563E-17));
#504 = VERTEX_POINT('',#505);
#505 = CARTESIAN_POINT('',(0.465,-0.25,-2.775557561563E-17));
#506 = LINE('',#507,#508);
#507 = CARTESIAN_POINT('',(0.3,-0.25,0.));
#508 = VECTOR('',#509,1.);
#509 = DIRECTION('',(1.,0.,0.));
#510 = ORIENTED_EDGE('',*,*,#511,.F.);
#511 = EDGE_CURVE('',#380,#502,#512,.T.);
#512 = CIRCLE('',#513,3.5E-02);
#513 = AXIS2_PLACEMENT_3D('',#514,#515,#516);
#514 = CARTESIAN_POINT('',(0.335,-0.25,3.5E-02));
#515 = DIRECTION('',(0.,-1.,0.));
#516 = DIRECTION('',(0.,0.,1.));
#517 = ORIENTED_EDGE('',*,*,#379,.T.);
#518 = ORIENTED_EDGE('',*,*,#371,.T.);
#519 = ORIENTED_EDGE('',*,*,#363,.F.);
#520 = ORIENTED_EDGE('',*,*,#521,.T.);
#521 = EDGE_CURVE('',#356,#522,#524,.T.);
#522 = VERTEX_POINT('',#523);
#523 = CARTESIAN_POINT('',(0.335,-0.25,0.35));
#524 = CIRCLE('',#525,3.5E-02);
#525 = AXIS2_PLACEMENT_3D('',#526,#527,#528);
#526 = CARTESIAN_POINT('',(0.335,-0.25,0.315));
#527 = DIRECTION('',(0.,1.,0.));
#528 = DIRECTION('',(0.,-0.,1.));
#529 = ORIENTED_EDGE('',*,*,#530,.T.);
#530 = EDGE_CURVE('',#522,#531,#533,.T.);
#531 = VERTEX_POINT('',#532);
#532 = CARTESIAN_POINT('',(0.465,-0.25,0.35));
#533 = LINE('',#534,#535);
#534 = CARTESIAN_POINT('',(0.3,-0.25,0.35));
#535 = VECTOR('',#536,1.);
#536 = DIRECTION('',(1.,0.,0.));
#537 = ORIENTED_EDGE('',*,*,#538,.F.);
#538 = EDGE_CURVE('',#539,#531,#541,.T.);
#539 = VERTEX_POINT('',#540);
#540 = CARTESIAN_POINT('',(0.5,-0.25,0.315));
#541 = CIRCLE('',#542,3.5E-02);
#542 = AXIS2_PLACEMENT_3D('',#543,#544,#545);
#543 = CARTESIAN_POINT('',(0.465,-0.25,0.315));
#544 = DIRECTION('',(0.,-1.,0.));
#545 = DIRECTION('',(0.,0.,1.));
#546 = ORIENTED_EDGE('',*,*,#547,.F.);
#547 = EDGE_CURVE('',#548,#539,#550,.T.);
#548 = VERTEX_POINT('',#549);
#549 = CARTESIAN_POINT('',(0.5,-0.25,3.5E-02));
#550 = LINE('',#551,#552);
#551 = CARTESIAN_POINT('',(0.5,-0.25,0.));
#552 = VECTOR('',#553,1.);
#553 = DIRECTION('',(0.,0.,1.));
#554 = ORIENTED_EDGE('',*,*,#555,.T.);
#555 = EDGE_CURVE('',#548,#504,#556,.T.);
#556 = CIRCLE('',#557,3.5E-02);
#557 = AXIS2_PLACEMENT_3D('',#558,#559,#560);
#558 = CARTESIAN_POINT('',(0.465,-0.25,3.5E-02));
#559 = DIRECTION('',(0.,1.,0.));
#560 = DIRECTION('',(0.,-0.,1.));
#561 = PLANE('',#562);
#562 = AXIS2_PLACEMENT_3D('',#563,#564,#565);
#563 = CARTESIAN_POINT('',(0.3,-0.25,0.));
#564 = DIRECTION('',(0.,1.,0.));
#565 = DIRECTION('',(0.,-0.,1.));
#566 = ADVANCED_FACE('',(#567),#592,.F.);
#567 = FACE_BOUND('',#568,.F.);
#568 = EDGE_LOOP('',(#569,#570,#578,#586));
#569 = ORIENTED_EDGE('',*,*,#355,.F.);
#570 = ORIENTED_EDGE('',*,*,#571,.T.);
#571 = EDGE_CURVE('',#154,#572,#574,.T.);
#572 = VERTEX_POINT('',#573);
#573 = CARTESIAN_POINT('',(-0.3,-0.25,0.35));
#574 = LINE('',#575,#576);
#575 = CARTESIAN_POINT('',(-0.3,-0.25,0.315));
#576 = VECTOR('',#577,1.);
#577 = DIRECTION('',(0.,0.,1.));
#578 = ORIENTED_EDGE('',*,*,#579,.T.);
#579 = EDGE_CURVE('',#572,#580,#582,.T.);
#580 = VERTEX_POINT('',#581);
#581 = CARTESIAN_POINT('',(0.3,-0.25,0.35));
#582 = LINE('',#583,#584);
#583 = CARTESIAN_POINT('',(-0.3,-0.25,0.35));
#584 = VECTOR('',#585,1.);
#585 = DIRECTION('',(1.,0.,0.));
#586 = ORIENTED_EDGE('',*,*,#587,.F.);
#587 = EDGE_CURVE('',#356,#580,#588,.T.);
#588 = LINE('',#589,#590);
#589 = CARTESIAN_POINT('',(0.3,-0.25,0.315));
#590 = VECTOR('',#591,1.);
#591 = DIRECTION('',(0.,0.,1.));
#592 = PLANE('',#593);
#593 = AXIS2_PLACEMENT_3D('',#594,#595,#596);
#594 = CARTESIAN_POINT('',(-0.3,-0.25,0.315));
#595 = DIRECTION('',(0.,1.,0.));
#596 = DIRECTION('',(0.,-0.,1.));
#597 = ADVANCED_FACE('',(#598),#616,.F.);
#598 = FACE_BOUND('',#599,.F.);
#599 = EDGE_LOOP('',(#600,#601,#602,#610));
#600 = ORIENTED_EDGE('',*,*,#571,.F.);
#601 = ORIENTED_EDGE('',*,*,#418,.T.);
#602 = ORIENTED_EDGE('',*,*,#603,.T.);
#603 = EDGE_CURVE('',#271,#604,#606,.T.);
#604 = VERTEX_POINT('',#605);
#605 = CARTESIAN_POINT('',(-0.3,0.25,0.35));
#606 = LINE('',#607,#608);
#607 = CARTESIAN_POINT('',(-0.3,0.25,0.315));
#608 = VECTOR('',#609,1.);
#609 = DIRECTION('',(0.,0.,1.));
#610 = ORIENTED_EDGE('',*,*,#611,.F.);
#611 = EDGE_CURVE('',#572,#604,#612,.T.);
#612 = LINE('',#613,#614);
#613 = CARTESIAN_POINT('',(-0.3,-0.25,0.35));
#614 = VECTOR('',#615,1.);
#615 = DIRECTION('',(0.,1.,0.));
#616 = PLANE('',#617);
#617 = AXIS2_PLACEMENT_3D('',#618,#619,#620);
#618 = CARTESIAN_POINT('',(-0.3,-0.25,0.315));
#619 = DIRECTION('',(1.,0.,0.));
#620 = DIRECTION('',(0.,0.,1.));
#621 = ADVANCED_FACE('',(#622),#685,.T.);
#622 = FACE_BOUND('',#623,.T.);
#623 = EDGE_LOOP('',(#624,#634,#641,#642,#643,#644,#653,#661,#670,#678)
  );
#624 = ORIENTED_EDGE('',*,*,#625,.F.);
#625 = EDGE_CURVE('',#626,#628,#630,.T.);
#626 = VERTEX_POINT('',#627);
#627 = CARTESIAN_POINT('',(0.335,0.25,-2.775557561563E-17));
#628 = VERTEX_POINT('',#629);
#629 = CARTESIAN_POINT('',(0.465,0.25,-2.775557561563E-17));
#630 = LINE('',#631,#632);
#631 = CARTESIAN_POINT('',(0.3,0.25,0.));
#632 = VECTOR('',#633,1.);
#633 = DIRECTION('',(1.,0.,0.));
#634 = ORIENTED_EDGE('',*,*,#635,.F.);
#635 = EDGE_CURVE('',#463,#626,#636,.T.);
#636 = CIRCLE('',#637,3.5E-02);
#637 = AXIS2_PLACEMENT_3D('',#638,#639,#640);
#638 = CARTESIAN_POINT('',(0.335,0.25,3.5E-02));
#639 = DIRECTION('',(0.,-1.,0.));
#640 = DIRECTION('',(0.,0.,1.));
#641 = ORIENTED_EDGE('',*,*,#462,.T.);
#642 = ORIENTED_EDGE('',*,*,#454,.T.);
#643 = ORIENTED_EDGE('',*,*,#446,.F.);
#644 = ORIENTED_EDGE('',*,*,#645,.T.);
#645 = EDGE_CURVE('',#439,#646,#648,.T.);
#646 = VERTEX_POINT('',#647);
#647 = CARTESIAN_POINT('',(0.335,0.25,0.35));
#648 = CIRCLE('',#649,3.5E-02);
#649 = AXIS2_PLACEMENT_3D('',#650,#651,#652);
#650 = CARTESIAN_POINT('',(0.335,0.25,0.315));
#651 = DIRECTION('',(0.,1.,0.));
#652 = DIRECTION('',(0.,-0.,1.));
#653 = ORIENTED_EDGE('',*,*,#654,.T.);
#654 = EDGE_CURVE('',#646,#655,#657,.T.);
#655 = VERTEX_POINT('',#656);
#656 = CARTESIAN_POINT('',(0.465,0.25,0.35));
#657 = LINE('',#658,#659);
#658 = CARTESIAN_POINT('',(0.3,0.25,0.35));
#659 = VECTOR('',#660,1.);
#660 = DIRECTION('',(1.,0.,0.));
#661 = ORIENTED_EDGE('',*,*,#662,.F.);
#662 = EDGE_CURVE('',#663,#655,#665,.T.);
#663 = VERTEX_POINT('',#664);
#664 = CARTESIAN_POINT('',(0.5,0.25,0.315));
#665 = CIRCLE('',#666,3.5E-02);
#666 = AXIS2_PLACEMENT_3D('',#667,#668,#669);
#667 = CARTESIAN_POINT('',(0.465,0.25,0.315));
#668 = DIRECTION('',(0.,-1.,0.));
#669 = DIRECTION('',(0.,0.,1.));
#670 = ORIENTED_EDGE('',*,*,#671,.F.);
#671 = EDGE_CURVE('',#672,#663,#674,.T.);
#672 = VERTEX_POINT('',#673);
#673 = CARTESIAN_POINT('',(0.5,0.25,3.5E-02));
#674 = LINE('',#675,#676);
#675 = CARTESIAN_POINT('',(0.5,0.25,0.));
#676 = VECTOR('',#677,1.);
#677 = DIRECTION('',(0.,0.,1.));
#678 = ORIENTED_EDGE('',*,*,#679,.T.);
#679 = EDGE_CURVE('',#672,#628,#680,.T.);
#680 = CIRCLE('',#681,3.5E-02);
#681 = AXIS2_PLACEMENT_3D('',#682,#683,#684);
#682 = CARTESIAN_POINT('',(0.465,0.25,3.5E-02));
#683 = DIRECTION('',(0.,1.,0.));
#684 = DIRECTION('',(0.,-0.,1.));
#685 = PLANE('',#686);
#686 = AXIS2_PLACEMENT_3D('',#687,#688,#689);
#687 = CARTESIAN_POINT('',(0.3,0.25,0.));
#688 = DIRECTION('',(0.,1.,0.));
#689 = DIRECTION('',(0.,-0.,1.));
#690 = ADVANCED_FACE('',(#691),#709,.T.);
#691 = FACE_BOUND('',#692,.T.);
#692 = EDGE_LOOP('',(#693,#694,#695,#703));
#693 = ORIENTED_EDGE('',*,*,#438,.F.);
#694 = ORIENTED_EDGE('',*,*,#603,.T.);
#695 = ORIENTED_EDGE('',*,*,#696,.T.);
#696 = EDGE_CURVE('',#604,#697,#699,.T.);
#697 = VERTEX_POINT('',#698);
#698 = CARTESIAN_POINT('',(0.3,0.25,0.35));
#699 = LINE('',#700,#701);
#700 = CARTESIAN_POINT('',(-0.3,0.25,0.35));
#701 = VECTOR('',#702,1.);
#702 = DIRECTION('',(1.,0.,0.));
#703 = ORIENTED_EDGE('',*,*,#704,.F.);
#704 = EDGE_CURVE('',#439,#697,#705,.T.);
#705 = LINE('',#706,#707);
#706 = CARTESIAN_POINT('',(0.3,0.25,0.315));
#707 = VECTOR('',#708,1.);
#708 = DIRECTION('',(0.,0.,1.));
#709 = PLANE('',#710);
#710 = AXIS2_PLACEMENT_3D('',#711,#712,#713);
#711 = CARTESIAN_POINT('',(-0.3,0.25,0.315));
#712 = DIRECTION('',(0.,1.,0.));
#713 = DIRECTION('',(0.,-0.,1.));
#714 = ADVANCED_FACE('',(#715),#726,.T.);
#715 = FACE_BOUND('',#716,.T.);
#716 = EDGE_LOOP('',(#717,#718,#719,#725));
#717 = ORIENTED_EDGE('',*,*,#486,.T.);
#718 = ORIENTED_EDGE('',*,*,#635,.T.);
#719 = ORIENTED_EDGE('',*,*,#720,.F.);
#720 = EDGE_CURVE('',#502,#626,#721,.T.);
#721 = LINE('',#722,#723);
#722 = CARTESIAN_POINT('',(0.335,-0.25,-2.775557561563E-17));
#723 = VECTOR('',#724,1.);
#724 = DIRECTION('',(0.,1.,0.));
#725 = ORIENTED_EDGE('',*,*,#511,.F.);
#726 = CYLINDRICAL_SURFACE('',#727,3.5E-02);
#727 = AXIS2_PLACEMENT_3D('',#728,#729,#730);
#728 = CARTESIAN_POINT('',(0.335,-0.25,3.5E-02));
#729 = DIRECTION('',(0.,1.,0.));
#730 = DIRECTION('',(-1.,0.,0.));
#731 = ADVANCED_FACE('',(#732),#743,.F.);
#732 = FACE_BOUND('',#733,.F.);
#733 = EDGE_LOOP('',(#734,#735,#736,#737));
#734 = ORIENTED_EDGE('',*,*,#625,.F.);
#735 = ORIENTED_EDGE('',*,*,#720,.F.);
#736 = ORIENTED_EDGE('',*,*,#501,.T.);
#737 = ORIENTED_EDGE('',*,*,#738,.T.);
#738 = EDGE_CURVE('',#504,#628,#739,.T.);
#739 = LINE('',#740,#741);
#740 = CARTESIAN_POINT('',(0.465,-0.25,-2.775557561563E-17));
#741 = VECTOR('',#742,1.);
#742 = DIRECTION('',(0.,1.,0.));
#743 = PLANE('',#744);
#744 = AXIS2_PLACEMENT_3D('',#745,#746,#747);
#745 = CARTESIAN_POINT('',(0.3,-0.25,0.));
#746 = DIRECTION('',(0.,0.,1.));
#747 = DIRECTION('',(1.,0.,-0.));
#748 = ADVANCED_FACE('',(#749),#760,.T.);
#749 = FACE_BOUND('',#750,.T.);
#750 = EDGE_LOOP('',(#751,#752,#753,#754));
#751 = ORIENTED_EDGE('',*,*,#555,.T.);
#752 = ORIENTED_EDGE('',*,*,#738,.T.);
#753 = ORIENTED_EDGE('',*,*,#679,.F.);
#754 = ORIENTED_EDGE('',*,*,#755,.F.);
#755 = EDGE_CURVE('',#548,#672,#756,.T.);
#756 = LINE('',#757,#758);
#757 = CARTESIAN_POINT('',(0.5,-0.25,3.5E-02));
#758 = VECTOR('',#759,1.);
#759 = DIRECTION('',(0.,1.,0.));
#760 = CYLINDRICAL_SURFACE('',#761,3.5E-02);
#761 = AXIS2_PLACEMENT_3D('',#762,#763,#764);
#762 = CARTESIAN_POINT('',(0.465,-0.25,3.5E-02));
#763 = DIRECTION('',(0.,1.,0.));
#764 = DIRECTION('',(1.,0.,0.));
#765 = ADVANCED_FACE('',(#766),#777,.T.);
#766 = FACE_BOUND('',#767,.T.);
#767 = EDGE_LOOP('',(#768,#769,#770,#771));
#768 = ORIENTED_EDGE('',*,*,#547,.F.);
#769 = ORIENTED_EDGE('',*,*,#755,.T.);
#770 = ORIENTED_EDGE('',*,*,#671,.T.);
#771 = ORIENTED_EDGE('',*,*,#772,.F.);
#772 = EDGE_CURVE('',#539,#663,#773,.T.);
#773 = LINE('',#774,#775);
#774 = CARTESIAN_POINT('',(0.5,-0.25,0.315));
#775 = VECTOR('',#776,1.);
#776 = DIRECTION('',(0.,1.,0.));
#777 = PLANE('',#778);
#778 = AXIS2_PLACEMENT_3D('',#779,#780,#781);
#779 = CARTESIAN_POINT('',(0.5,-0.25,0.));
#780 = DIRECTION('',(1.,0.,0.));
#781 = DIRECTION('',(0.,0.,1.));
#782 = ADVANCED_FACE('',(#783),#794,.T.);
#783 = FACE_BOUND('',#784,.T.);
#784 = EDGE_LOOP('',(#785,#786,#787,#793));
#785 = ORIENTED_EDGE('',*,*,#772,.T.);
#786 = ORIENTED_EDGE('',*,*,#662,.T.);
#787 = ORIENTED_EDGE('',*,*,#788,.F.);
#788 = EDGE_CURVE('',#531,#655,#789,.T.);
#789 = LINE('',#790,#791);
#790 = CARTESIAN_POINT('',(0.465,-0.25,0.35));
#791 = VECTOR('',#792,1.);
#792 = DIRECTION('',(0.,1.,0.));
#793 = ORIENTED_EDGE('',*,*,#538,.F.);
#794 = CYLINDRICAL_SURFACE('',#795,3.5E-02);
#795 = AXIS2_PLACEMENT_3D('',#796,#797,#798);
#796 = CARTESIAN_POINT('',(0.465,-0.25,0.315));
#797 = DIRECTION('',(0.,1.,0.));
#798 = DIRECTION('',(1.,0.,0.));
#799 = ADVANCED_FACE('',(#800),#811,.T.);
#800 = FACE_BOUND('',#801,.T.);
#801 = EDGE_LOOP('',(#802,#803,#809,#810));
#802 = ORIENTED_EDGE('',*,*,#654,.F.);
#803 = ORIENTED_EDGE('',*,*,#804,.F.);
#804 = EDGE_CURVE('',#522,#646,#805,.T.);
#805 = LINE('',#806,#807);
#806 = CARTESIAN_POINT('',(0.335,-0.25,0.35));
#807 = VECTOR('',#808,1.);
#808 = DIRECTION('',(0.,1.,0.));
#809 = ORIENTED_EDGE('',*,*,#530,.T.);
#810 = ORIENTED_EDGE('',*,*,#788,.T.);
#811 = PLANE('',#812);
#812 = AXIS2_PLACEMENT_3D('',#813,#814,#815);
#813 = CARTESIAN_POINT('',(0.3,-0.25,0.35));
#814 = DIRECTION('',(0.,0.,1.));
#815 = DIRECTION('',(1.,0.,-0.));
#816 = ADVANCED_FACE('',(#817),#828,.T.);
#817 = FACE_BOUND('',#818,.T.);
#818 = EDGE_LOOP('',(#819,#820,#821,#822));
#819 = ORIENTED_EDGE('',*,*,#521,.T.);
#820 = ORIENTED_EDGE('',*,*,#804,.T.);
#821 = ORIENTED_EDGE('',*,*,#645,.F.);
#822 = ORIENTED_EDGE('',*,*,#823,.F.);
#823 = EDGE_CURVE('',#356,#439,#824,.T.);
#824 = LINE('',#825,#826);
#825 = CARTESIAN_POINT('',(0.3,-0.25,0.315));
#826 = VECTOR('',#827,1.);
#827 = DIRECTION('',(0.,1.,0.));
#828 = CYLINDRICAL_SURFACE('',#829,3.5E-02);
#829 = AXIS2_PLACEMENT_3D('',#830,#831,#832);
#830 = CARTESIAN_POINT('',(0.335,-0.25,0.315));
#831 = DIRECTION('',(0.,1.,0.));
#832 = DIRECTION('',(-1.,0.,0.));
#833 = ADVANCED_FACE('',(#834),#845,.T.);
#834 = FACE_BOUND('',#835,.T.);
#835 = EDGE_LOOP('',(#836,#837,#838,#839));
#836 = ORIENTED_EDGE('',*,*,#587,.F.);
#837 = ORIENTED_EDGE('',*,*,#823,.T.);
#838 = ORIENTED_EDGE('',*,*,#704,.T.);
#839 = ORIENTED_EDGE('',*,*,#840,.F.);
#840 = EDGE_CURVE('',#580,#697,#841,.T.);
#841 = LINE('',#842,#843);
#842 = CARTESIAN_POINT('',(0.3,-0.25,0.35));
#843 = VECTOR('',#844,1.);
#844 = DIRECTION('',(0.,1.,0.));
#845 = PLANE('',#846);
#846 = AXIS2_PLACEMENT_3D('',#847,#848,#849);
#847 = CARTESIAN_POINT('',(0.3,-0.25,0.315));
#848 = DIRECTION('',(1.,0.,0.));
#849 = DIRECTION('',(0.,0.,1.));
#850 = ADVANCED_FACE('',(#851),#857,.T.);
#851 = FACE_BOUND('',#852,.T.);
#852 = EDGE_LOOP('',(#853,#854,#855,#856));
#853 = ORIENTED_EDGE('',*,*,#611,.F.);
#854 = ORIENTED_EDGE('',*,*,#579,.T.);
#855 = ORIENTED_EDGE('',*,*,#840,.T.);
#856 = ORIENTED_EDGE('',*,*,#696,.F.);
#857 = PLANE('',#858);
#858 = AXIS2_PLACEMENT_3D('',#859,#860,#861);
#859 = CARTESIAN_POINT('',(-0.3,-0.25,0.35));
#860 = DIRECTION('',(0.,0.,1.));
#861 = DIRECTION('',(1.,0.,-0.));
#862 = ( GEOMETRIC_REPRESENTATION_CONTEXT(3) 
GLOBAL_UNCERTAINTY_ASSIGNED_CONTEXT((#866)) GLOBAL_UNIT_ASSIGNED_CONTEXT
((#863,#864,#865)) REPRESENTATION_CONTEXT('Context #1',
  '3D Context with UNIT and UNCERTAINTY') );
#863 = ( LENGTH_UNIT() NAMED_UNIT(*) SI_UNIT(.MILLI.,.METRE.) );
#864 = ( NAMED_UNIT(*) PLANE_ANGLE_UNIT() SI_UNIT($,.RADIAN.) );
#865 = ( NAMED_UNIT(*) SI_UNIT($,.STERADIAN.) SOLID_ANGLE_UNIT() );
#866 = UNCERTAINTY_MEASURE_WITH_UNIT(LENGTH_MEASURE(1.E-07),#863,
  'distance_accuracy_value','confusion accuracy');
#867 = CONTEXT_DEPENDENT_SHAPE_REPRESENTATION(#868,#870);
#868 = ( REPRESENTATION_RELATIONSHIP('','',#71,#48) 
REPRESENTATION_RELATIONSHIP_WITH_TRANSFORMATION(#869) 
SHAPE_REPRESENTATION_RELATIONSHIP() );
#869 = ITEM_DEFINED_TRANSFORMATION('','',#11,#49);
#870 = PRODUCT_DEFINITION_SHAPE('Placement','Placement of an item',#871
  );
#871 = NEXT_ASSEMBLY_USAGE_OCCURRENCE('1','=>[0:1:1:3]','',#43,#66,$);
#872 = PRODUCT_RELATED_PRODUCT_CATEGORY('part',$,(#68));
#873 = SHAPE_DEFINITION_REPRESENTATION(#874,#880);
#874 = PRODUCT_DEFINITION_SHAPE('','',#875);
#875 = PRODUCT_DEFINITION('design','',#876,#879);
#876 = PRODUCT_DEFINITION_FORMATION('','',#877);
#877 = PRODUCT('HeatingElement_silkscreen','HeatingElement_silkscreen',
  '',(#878));
#878 = PRODUCT_CONTEXT('',#2,'mechanical');
#879 = PRODUCT_DEFINITION_CONTEXT('part definition',#2,'design');
#880 = SHAPE_REPRESENTATION('',(#11,#881,#993,#1105,#1217,#1329,#1471,
    #1638,#1732,#1826,#1870,#1914,#2056,#2227,#2246,#2354),#2473);
#881 = SHELL_BASED_SURFACE_MODEL('',(#882));
#882 = OPEN_SHELL('',(#883));
#883 = ADVANCED_FACE('',(#884,#954),#988,.T.);
#884 = FACE_BOUND('',#885,.F.);
#885 = EDGE_LOOP('',(#886,#897,#905,#914,#922,#931,#939,#948));
#886 = ORIENTED_EDGE('',*,*,#887,.T.);
#887 = EDGE_CURVE('',#888,#890,#892,.T.);
#888 = VERTEX_POINT('',#889);
#889 = CARTESIAN_POINT('',(160.768,-147.969,1.585));
#890 = VERTEX_POINT('',#891);
#891 = CARTESIAN_POINT('',(160.828,-147.909,1.585));
#892 = CIRCLE('',#893,5.999932016263E-02);
#893 = AXIS2_PLACEMENT_3D('',#894,#895,#896);
#894 = CARTESIAN_POINT('',(160.82799932015,-147.9689993201,1.585));
#895 = DIRECTION('',(0.,0.,-1.));
#896 = DIRECTION('',(-0.999999999936,-1.133081517402E-05,-0.));
#897 = ORIENTED_EDGE('',*,*,#898,.T.);
#898 = EDGE_CURVE('',#890,#899,#901,.T.);
#899 = VERTEX_POINT('',#900);
#900 = CARTESIAN_POINT('',(165.228,-147.909,1.585));
#901 = LINE('',#902,#903);
#902 = CARTESIAN_POINT('',(160.828,-147.909,1.585));
#903 = VECTOR('',#904,1.);
#904 = DIRECTION('',(1.,0.,0.));
#905 = ORIENTED_EDGE('',*,*,#906,.T.);
#906 = EDGE_CURVE('',#899,#907,#909,.T.);
#907 = VERTEX_POINT('',#908);
#908 = CARTESIAN_POINT('',(165.288,-147.969,1.585));
#909 = CIRCLE('',#910,5.999932016263E-02);
#910 = AXIS2_PLACEMENT_3D('',#911,#912,#913);
#911 = CARTESIAN_POINT('',(165.22800067984,-147.9689993201,1.585));
#912 = DIRECTION('',(0.,0.,-1.));
#913 = DIRECTION('',(-1.133081517402E-05,0.999999999936,0.));
#914 = ORIENTED_EDGE('',*,*,#915,.T.);
#915 = EDGE_CURVE('',#907,#916,#918,.T.);
#916 = VERTEX_POINT('',#917);
#917 = CARTESIAN_POINT('',(165.288,-152.369,1.585));
#918 = LINE('',#919,#920);
#919 = CARTESIAN_POINT('',(165.288,-147.969,1.585));
#920 = VECTOR('',#921,1.);
#921 = DIRECTION('',(0.,-1.,0.));
#922 = ORIENTED_EDGE('',*,*,#923,.T.);
#923 = EDGE_CURVE('',#916,#924,#926,.T.);
#924 = VERTEX_POINT('',#925);
#925 = CARTESIAN_POINT('',(165.228,-152.429,1.585));
#926 = CIRCLE('',#927,5.999932016262E-02);
#927 = AXIS2_PLACEMENT_3D('',#928,#929,#930);
#928 = CARTESIAN_POINT('',(165.22800067984,-152.3690006798,1.585));
#929 = DIRECTION('',(0.,0.,-1.));
#930 = DIRECTION('',(0.999999999936,1.133081564772E-05,0.));
#931 = ORIENTED_EDGE('',*,*,#932,.T.);
#932 = EDGE_CURVE('',#924,#933,#935,.T.);
#933 = VERTEX_POINT('',#934);
#934 = CARTESIAN_POINT('',(160.828,-152.429,1.585));
#935 = LINE('',#936,#937);
#936 = CARTESIAN_POINT('',(165.228,-152.429,1.585));
#937 = VECTOR('',#938,1.);
#938 = DIRECTION('',(-1.,0.,0.));
#939 = ORIENTED_EDGE('',*,*,#940,.T.);
#940 = EDGE_CURVE('',#933,#941,#943,.T.);
#941 = VERTEX_POINT('',#942);
#942 = CARTESIAN_POINT('',(160.768,-152.369,1.585));
#943 = CIRCLE('',#944,5.999932016262E-02);
#944 = AXIS2_PLACEMENT_3D('',#945,#946,#947);
#945 = CARTESIAN_POINT('',(160.82799932015,-152.3690006798,1.585));
#946 = DIRECTION('',(0.,0.,-1.));
#947 = DIRECTION('',(1.133081564772E-05,-0.999999999936,0.));
#948 = ORIENTED_EDGE('',*,*,#949,.T.);
#949 = EDGE_CURVE('',#941,#888,#950,.T.);
#950 = LINE('',#951,#952);
#951 = CARTESIAN_POINT('',(160.768,-152.369,1.585));
#952 = VECTOR('',#953,1.);
#953 = DIRECTION('',(0.,1.,0.));
#954 = FACE_BOUND('',#955,.F.);
#955 = EDGE_LOOP('',(#956,#966,#974,#982));
#956 = ORIENTED_EDGE('',*,*,#957,.T.);
#957 = EDGE_CURVE('',#958,#960,#962,.T.);
#958 = VERTEX_POINT('',#959);
#959 = CARTESIAN_POINT('',(165.168,-152.309,1.585));
#960 = VERTEX_POINT('',#961);
#961 = CARTESIAN_POINT('',(165.168,-148.029,1.585));
#962 = LINE('',#963,#964);
#963 = CARTESIAN_POINT('',(165.168,-152.309,1.585));
#964 = VECTOR('',#965,1.);
#965 = DIRECTION('',(0.,1.,0.));
#966 = ORIENTED_EDGE('',*,*,#967,.T.);
#967 = EDGE_CURVE('',#960,#968,#970,.T.);
#968 = VERTEX_POINT('',#969);
#969 = CARTESIAN_POINT('',(160.888,-148.029,1.585));
#970 = LINE('',#971,#972);
#971 = CARTESIAN_POINT('',(165.168,-148.029,1.585));
#972 = VECTOR('',#973,1.);
#973 = DIRECTION('',(-1.,0.,0.));
#974 = ORIENTED_EDGE('',*,*,#975,.T.);
#975 = EDGE_CURVE('',#968,#976,#978,.T.);
#976 = VERTEX_POINT('',#977);
#977 = CARTESIAN_POINT('',(160.888,-152.309,1.585));
#978 = LINE('',#979,#980);
#979 = CARTESIAN_POINT('',(160.888,-148.029,1.585));
#980 = VECTOR('',#981,1.);
#981 = DIRECTION('',(0.,-1.,0.));
#982 = ORIENTED_EDGE('',*,*,#983,.T.);
#983 = EDGE_CURVE('',#976,#958,#984,.T.);
#984 = LINE('',#985,#986);
#985 = CARTESIAN_POINT('',(160.888,-152.309,1.585));
#986 = VECTOR('',#987,1.);
#987 = DIRECTION('',(1.,0.,0.));
#988 = PLANE('',#989);
#989 = AXIS2_PLACEMENT_3D('',#990,#991,#992);
#990 = CARTESIAN_POINT('',(0.,0.,1.585));
#991 = DIRECTION('',(0.,0.,1.));
#992 = DIRECTION('',(1.,0.,-0.));
#993 = SHELL_BASED_SURFACE_MODEL('',(#994));
#994 = OPEN_SHELL('',(#995));
#995 = ADVANCED_FACE('',(#996,#1066),#1100,.T.);
#996 = FACE_BOUND('',#997,.F.);
#997 = EDGE_LOOP('',(#998,#1009,#1017,#1026,#1034,#1043,#1051,#1060));
#998 = ORIENTED_EDGE('',*,*,#999,.T.);
#999 = EDGE_CURVE('',#1000,#1002,#1004,.T.);
#1000 = VERTEX_POINT('',#1001);
#1001 = CARTESIAN_POINT('',(180.768,-147.969,1.585));
#1002 = VERTEX_POINT('',#1003);
#1003 = CARTESIAN_POINT('',(180.828,-147.909,1.585));
#1004 = CIRCLE('',#1005,5.999932016263E-02);
#1005 = AXIS2_PLACEMENT_3D('',#1006,#1007,#1008);
#1006 = CARTESIAN_POINT('',(180.82799932015,-147.9689993201,1.585));
#1007 = DIRECTION('',(0.,0.,-1.));
#1008 = DIRECTION('',(-0.999999999936,-1.133081517402E-05,-0.));
#1009 = ORIENTED_EDGE('',*,*,#1010,.T.);
#1010 = EDGE_CURVE('',#1002,#1011,#1013,.T.);
#1011 = VERTEX_POINT('',#1012);
#1012 = CARTESIAN_POINT('',(185.228,-147.909,1.585));
#1013 = LINE('',#1014,#1015);
#1014 = CARTESIAN_POINT('',(180.828,-147.909,1.585));
#1015 = VECTOR('',#1016,1.);
#1016 = DIRECTION('',(1.,0.,0.));
#1017 = ORIENTED_EDGE('',*,*,#1018,.T.);
#1018 = EDGE_CURVE('',#1011,#1019,#1021,.T.);
#1019 = VERTEX_POINT('',#1020);
#1020 = CARTESIAN_POINT('',(185.288,-147.969,1.585));
#1021 = CIRCLE('',#1022,5.999932016263E-02);
#1022 = AXIS2_PLACEMENT_3D('',#1023,#1024,#1025);
#1023 = CARTESIAN_POINT('',(185.22800067984,-147.9689993201,1.585));
#1024 = DIRECTION('',(0.,0.,-1.));
#1025 = DIRECTION('',(-1.133081517402E-05,0.999999999936,0.));
#1026 = ORIENTED_EDGE('',*,*,#1027,.T.);
#1027 = EDGE_CURVE('',#1019,#1028,#1030,.T.);
#1028 = VERTEX_POINT('',#1029);
#1029 = CARTESIAN_POINT('',(185.288,-152.369,1.585));
#1030 = LINE('',#1031,#1032);
#1031 = CARTESIAN_POINT('',(185.288,-147.969,1.585));
#1032 = VECTOR('',#1033,1.);
#1033 = DIRECTION('',(0.,-1.,0.));
#1034 = ORIENTED_EDGE('',*,*,#1035,.T.);
#1035 = EDGE_CURVE('',#1028,#1036,#1038,.T.);
#1036 = VERTEX_POINT('',#1037);
#1037 = CARTESIAN_POINT('',(185.228,-152.429,1.585));
#1038 = CIRCLE('',#1039,5.999932016262E-02);
#1039 = AXIS2_PLACEMENT_3D('',#1040,#1041,#1042);
#1040 = CARTESIAN_POINT('',(185.22800067984,-152.3690006798,1.585));
#1041 = DIRECTION('',(0.,0.,-1.));
#1042 = DIRECTION('',(0.999999999936,1.133081564772E-05,0.));
#1043 = ORIENTED_EDGE('',*,*,#1044,.T.);
#1044 = EDGE_CURVE('',#1036,#1045,#1047,.T.);
#1045 = VERTEX_POINT('',#1046);
#1046 = CARTESIAN_POINT('',(180.828,-152.429,1.585));
#1047 = LINE('',#1048,#1049);
#1048 = CARTESIAN_POINT('',(185.228,-152.429,1.585));
#1049 = VECTOR('',#1050,1.);
#1050 = DIRECTION('',(-1.,0.,0.));
#1051 = ORIENTED_EDGE('',*,*,#1052,.T.);
#1052 = EDGE_CURVE('',#1045,#1053,#1055,.T.);
#1053 = VERTEX_POINT('',#1054);
#1054 = CARTESIAN_POINT('',(180.768,-152.369,1.585));
#1055 = CIRCLE('',#1056,5.999932016262E-02);
#1056 = AXIS2_PLACEMENT_3D('',#1057,#1058,#1059);
#1057 = CARTESIAN_POINT('',(180.82799932015,-152.3690006798,1.585));
#1058 = DIRECTION('',(0.,0.,-1.));
#1059 = DIRECTION('',(1.133081564772E-05,-0.999999999936,0.));
#1060 = ORIENTED_EDGE('',*,*,#1061,.T.);
#1061 = EDGE_CURVE('',#1053,#1000,#1062,.T.);
#1062 = LINE('',#1063,#1064);
#1063 = CARTESIAN_POINT('',(180.768,-152.369,1.585));
#1064 = VECTOR('',#1065,1.);
#1065 = DIRECTION('',(0.,1.,0.));
#1066 = FACE_BOUND('',#1067,.F.);
#1067 = EDGE_LOOP('',(#1068,#1078,#1086,#1094));
#1068 = ORIENTED_EDGE('',*,*,#1069,.T.);
#1069 = EDGE_CURVE('',#1070,#1072,#1074,.T.);
#1070 = VERTEX_POINT('',#1071);
#1071 = CARTESIAN_POINT('',(185.168,-152.309,1.585));
#1072 = VERTEX_POINT('',#1073);
#1073 = CARTESIAN_POINT('',(185.168,-148.029,1.585));
#1074 = LINE('',#1075,#1076);
#1075 = CARTESIAN_POINT('',(185.168,-152.309,1.585));
#1076 = VECTOR('',#1077,1.);
#1077 = DIRECTION('',(0.,1.,0.));
#1078 = ORIENTED_EDGE('',*,*,#1079,.T.);
#1079 = EDGE_CURVE('',#1072,#1080,#1082,.T.);
#1080 = VERTEX_POINT('',#1081);
#1081 = CARTESIAN_POINT('',(180.888,-148.029,1.585));
#1082 = LINE('',#1083,#1084);
#1083 = CARTESIAN_POINT('',(185.168,-148.029,1.585));
#1084 = VECTOR('',#1085,1.);
#1085 = DIRECTION('',(-1.,0.,0.));
#1086 = ORIENTED_EDGE('',*,*,#1087,.T.);
#1087 = EDGE_CURVE('',#1080,#1088,#1090,.T.);
#1088 = VERTEX_POINT('',#1089);
#1089 = CARTESIAN_POINT('',(180.888,-152.309,1.585));
#1090 = LINE('',#1091,#1092);
#1091 = CARTESIAN_POINT('',(180.888,-148.029,1.585));
#1092 = VECTOR('',#1093,1.);
#1093 = DIRECTION('',(0.,-1.,0.));
#1094 = ORIENTED_EDGE('',*,*,#1095,.T.);
#1095 = EDGE_CURVE('',#1088,#1070,#1096,.T.);
#1096 = LINE('',#1097,#1098);
#1097 = CARTESIAN_POINT('',(180.888,-152.309,1.585));
#1098 = VECTOR('',#1099,1.);
#1099 = DIRECTION('',(1.,0.,0.));
#1100 = PLANE('',#1101);
#1101 = AXIS2_PLACEMENT_3D('',#1102,#1103,#1104);
#1102 = CARTESIAN_POINT('',(0.,0.,1.585));
#1103 = DIRECTION('',(0.,0.,1.));
#1104 = DIRECTION('',(1.,0.,-0.));
#1105 = SHELL_BASED_SURFACE_MODEL('',(#1106));
#1106 = OPEN_SHELL('',(#1107));
#1107 = ADVANCED_FACE('',(#1108,#1178),#1212,.T.);
#1108 = FACE_BOUND('',#1109,.F.);
#1109 = EDGE_LOOP('',(#1110,#1121,#1129,#1138,#1146,#1155,#1163,#1172));
#1110 = ORIENTED_EDGE('',*,*,#1111,.T.);
#1111 = EDGE_CURVE('',#1112,#1114,#1116,.T.);
#1112 = VERTEX_POINT('',#1113);
#1113 = CARTESIAN_POINT('',(170.268,-148.969,1.585));
#1114 = VERTEX_POINT('',#1115);
#1115 = CARTESIAN_POINT('',(170.328,-148.909,1.585));
#1116 = CIRCLE('',#1117,5.999932016263E-02);
#1117 = AXIS2_PLACEMENT_3D('',#1118,#1119,#1120);
#1118 = CARTESIAN_POINT('',(170.32799932015,-148.9689993201,1.585));
#1119 = DIRECTION('',(0.,0.,-1.));
#1120 = DIRECTION('',(-0.999999999936,-1.133081517402E-05,-0.));
#1121 = ORIENTED_EDGE('',*,*,#1122,.T.);
#1122 = EDGE_CURVE('',#1114,#1123,#1125,.T.);
#1123 = VERTEX_POINT('',#1124);
#1124 = CARTESIAN_POINT('',(172.728,-148.909,1.585));
#1125 = LINE('',#1126,#1127);
#1126 = CARTESIAN_POINT('',(170.328,-148.909,1.585));
#1127 = VECTOR('',#1128,1.);
#1128 = DIRECTION('',(1.,0.,0.));
#1129 = ORIENTED_EDGE('',*,*,#1130,.T.);
#1130 = EDGE_CURVE('',#1123,#1131,#1133,.T.);
#1131 = VERTEX_POINT('',#1132);
#1132 = CARTESIAN_POINT('',(172.788,-148.969,1.585));
#1133 = CIRCLE('',#1134,5.999932016263E-02);
#1134 = AXIS2_PLACEMENT_3D('',#1135,#1136,#1137);
#1135 = CARTESIAN_POINT('',(172.72800067984,-148.9689993201,1.585));
#1136 = DIRECTION('',(0.,0.,-1.));
#1137 = DIRECTION('',(-1.133081517402E-05,0.999999999936,0.));
#1138 = ORIENTED_EDGE('',*,*,#1139,.T.);
#1139 = EDGE_CURVE('',#1131,#1140,#1142,.T.);
#1140 = VERTEX_POINT('',#1141);
#1141 = CARTESIAN_POINT('',(172.788,-151.369,1.585));
#1142 = LINE('',#1143,#1144);
#1143 = CARTESIAN_POINT('',(172.788,-148.969,1.585));
#1144 = VECTOR('',#1145,1.);
#1145 = DIRECTION('',(0.,-1.,0.));
#1146 = ORIENTED_EDGE('',*,*,#1147,.T.);
#1147 = EDGE_CURVE('',#1140,#1148,#1150,.T.);
#1148 = VERTEX_POINT('',#1149);
#1149 = CARTESIAN_POINT('',(172.728,-151.429,1.585));
#1150 = CIRCLE('',#1151,5.999932016262E-02);
#1151 = AXIS2_PLACEMENT_3D('',#1152,#1153,#1154);
#1152 = CARTESIAN_POINT('',(172.72800067984,-151.3690006798,1.585));
#1153 = DIRECTION('',(0.,0.,-1.));
#1154 = DIRECTION('',(0.999999999936,1.133081564772E-05,0.));
#1155 = ORIENTED_EDGE('',*,*,#1156,.T.);
#1156 = EDGE_CURVE('',#1148,#1157,#1159,.T.);
#1157 = VERTEX_POINT('',#1158);
#1158 = CARTESIAN_POINT('',(170.328,-151.429,1.585));
#1159 = LINE('',#1160,#1161);
#1160 = CARTESIAN_POINT('',(172.728,-151.429,1.585));
#1161 = VECTOR('',#1162,1.);
#1162 = DIRECTION('',(-1.,0.,0.));
#1163 = ORIENTED_EDGE('',*,*,#1164,.T.);
#1164 = EDGE_CURVE('',#1157,#1165,#1167,.T.);
#1165 = VERTEX_POINT('',#1166);
#1166 = CARTESIAN_POINT('',(170.268,-151.369,1.585));
#1167 = CIRCLE('',#1168,5.999932016262E-02);
#1168 = AXIS2_PLACEMENT_3D('',#1169,#1170,#1171);
#1169 = CARTESIAN_POINT('',(170.32799932015,-151.3690006798,1.585));
#1170 = DIRECTION('',(0.,0.,-1.));
#1171 = DIRECTION('',(1.133081564772E-05,-0.999999999936,0.));
#1172 = ORIENTED_EDGE('',*,*,#1173,.T.);
#1173 = EDGE_CURVE('',#1165,#1112,#1174,.T.);
#1174 = LINE('',#1175,#1176);
#1175 = CARTESIAN_POINT('',(170.268,-151.369,1.585));
#1176 = VECTOR('',#1177,1.);
#1177 = DIRECTION('',(0.,1.,0.));
#1178 = FACE_BOUND('',#1179,.F.);
#1179 = EDGE_LOOP('',(#1180,#1190,#1198,#1206));
#1180 = ORIENTED_EDGE('',*,*,#1181,.T.);
#1181 = EDGE_CURVE('',#1182,#1184,#1186,.T.);
#1182 = VERTEX_POINT('',#1183);
#1183 = CARTESIAN_POINT('',(172.668,-151.309,1.585));
#1184 = VERTEX_POINT('',#1185);
#1185 = CARTESIAN_POINT('',(172.668,-149.029,1.585));
#1186 = LINE('',#1187,#1188);
#1187 = CARTESIAN_POINT('',(172.668,-151.309,1.585));
#1188 = VECTOR('',#1189,1.);
#1189 = DIRECTION('',(0.,1.,0.));
#1190 = ORIENTED_EDGE('',*,*,#1191,.T.);
#1191 = EDGE_CURVE('',#1184,#1192,#1194,.T.);
#1192 = VERTEX_POINT('',#1193);
#1193 = CARTESIAN_POINT('',(170.388,-149.029,1.585));
#1194 = LINE('',#1195,#1196);
#1195 = CARTESIAN_POINT('',(172.668,-149.029,1.585));
#1196 = VECTOR('',#1197,1.);
#1197 = DIRECTION('',(-1.,0.,0.));
#1198 = ORIENTED_EDGE('',*,*,#1199,.T.);
#1199 = EDGE_CURVE('',#1192,#1200,#1202,.T.);
#1200 = VERTEX_POINT('',#1201);
#1201 = CARTESIAN_POINT('',(170.388,-151.309,1.585));
#1202 = LINE('',#1203,#1204);
#1203 = CARTESIAN_POINT('',(170.388,-149.029,1.585));
#1204 = VECTOR('',#1205,1.);
#1205 = DIRECTION('',(0.,-1.,0.));
#1206 = ORIENTED_EDGE('',*,*,#1207,.T.);
#1207 = EDGE_CURVE('',#1200,#1182,#1208,.T.);
#1208 = LINE('',#1209,#1210);
#1209 = CARTESIAN_POINT('',(170.388,-151.309,1.585));
#1210 = VECTOR('',#1211,1.);
#1211 = DIRECTION('',(1.,0.,0.));
#1212 = PLANE('',#1213);
#1213 = AXIS2_PLACEMENT_3D('',#1214,#1215,#1216);
#1214 = CARTESIAN_POINT('',(0.,0.,1.585));
#1215 = DIRECTION('',(0.,0.,1.));
#1216 = DIRECTION('',(1.,0.,-0.));
#1217 = SHELL_BASED_SURFACE_MODEL('',(#1218));
#1218 = OPEN_SHELL('',(#1219));
#1219 = ADVANCED_FACE('',(#1220,#1290),#1324,.T.);
#1220 = FACE_BOUND('',#1221,.F.);
#1221 = EDGE_LOOP('',(#1222,#1233,#1241,#1250,#1258,#1267,#1275,#1284));
#1222 = ORIENTED_EDGE('',*,*,#1223,.T.);
#1223 = EDGE_CURVE('',#1224,#1226,#1228,.T.);
#1224 = VERTEX_POINT('',#1225);
#1225 = CARTESIAN_POINT('',(173.268,-148.969,1.585));
#1226 = VERTEX_POINT('',#1227);
#1227 = CARTESIAN_POINT('',(173.328,-148.909,1.585));
#1228 = CIRCLE('',#1229,5.999932016263E-02);
#1229 = AXIS2_PLACEMENT_3D('',#1230,#1231,#1232);
#1230 = CARTESIAN_POINT('',(173.32799932015,-148.9689993201,1.585));
#1231 = DIRECTION('',(0.,0.,-1.));
#1232 = DIRECTION('',(-0.999999999936,-1.133081517402E-05,-0.));
#1233 = ORIENTED_EDGE('',*,*,#1234,.T.);
#1234 = EDGE_CURVE('',#1226,#1235,#1237,.T.);
#1235 = VERTEX_POINT('',#1236);
#1236 = CARTESIAN_POINT('',(175.728,-148.909,1.585));
#1237 = LINE('',#1238,#1239);
#1238 = CARTESIAN_POINT('',(173.328,-148.909,1.585));
#1239 = VECTOR('',#1240,1.);
#1240 = DIRECTION('',(1.,0.,0.));
#1241 = ORIENTED_EDGE('',*,*,#1242,.T.);
#1242 = EDGE_CURVE('',#1235,#1243,#1245,.T.);
#1243 = VERTEX_POINT('',#1244);
#1244 = CARTESIAN_POINT('',(175.788,-148.969,1.585));
#1245 = CIRCLE('',#1246,5.999932016263E-02);
#1246 = AXIS2_PLACEMENT_3D('',#1247,#1248,#1249);
#1247 = CARTESIAN_POINT('',(175.72800067984,-148.9689993201,1.585));
#1248 = DIRECTION('',(0.,0.,-1.));
#1249 = DIRECTION('',(-1.133081517402E-05,0.999999999936,0.));
#1250 = ORIENTED_EDGE('',*,*,#1251,.T.);
#1251 = EDGE_CURVE('',#1243,#1252,#1254,.T.);
#1252 = VERTEX_POINT('',#1253);
#1253 = CARTESIAN_POINT('',(175.788,-151.369,1.585));
#1254 = LINE('',#1255,#1256);
#1255 = CARTESIAN_POINT('',(175.788,-148.969,1.585));
#1256 = VECTOR('',#1257,1.);
#1257 = DIRECTION('',(0.,-1.,0.));
#1258 = ORIENTED_EDGE('',*,*,#1259,.T.);
#1259 = EDGE_CURVE('',#1252,#1260,#1262,.T.);
#1260 = VERTEX_POINT('',#1261);
#1261 = CARTESIAN_POINT('',(175.728,-151.429,1.585));
#1262 = CIRCLE('',#1263,5.999932016262E-02);
#1263 = AXIS2_PLACEMENT_3D('',#1264,#1265,#1266);
#1264 = CARTESIAN_POINT('',(175.72800067984,-151.3690006798,1.585));
#1265 = DIRECTION('',(0.,0.,-1.));
#1266 = DIRECTION('',(0.999999999936,1.133081564772E-05,0.));
#1267 = ORIENTED_EDGE('',*,*,#1268,.T.);
#1268 = EDGE_CURVE('',#1260,#1269,#1271,.T.);
#1269 = VERTEX_POINT('',#1270);
#1270 = CARTESIAN_POINT('',(173.328,-151.429,1.585));
#1271 = LINE('',#1272,#1273);
#1272 = CARTESIAN_POINT('',(175.728,-151.429,1.585));
#1273 = VECTOR('',#1274,1.);
#1274 = DIRECTION('',(-1.,0.,0.));
#1275 = ORIENTED_EDGE('',*,*,#1276,.T.);
#1276 = EDGE_CURVE('',#1269,#1277,#1279,.T.);
#1277 = VERTEX_POINT('',#1278);
#1278 = CARTESIAN_POINT('',(173.268,-151.369,1.585));
#1279 = CIRCLE('',#1280,5.999932016262E-02);
#1280 = AXIS2_PLACEMENT_3D('',#1281,#1282,#1283);
#1281 = CARTESIAN_POINT('',(173.32799932015,-151.3690006798,1.585));
#1282 = DIRECTION('',(0.,0.,-1.));
#1283 = DIRECTION('',(1.133081564772E-05,-0.999999999936,0.));
#1284 = ORIENTED_EDGE('',*,*,#1285,.T.);
#1285 = EDGE_CURVE('',#1277,#1224,#1286,.T.);
#1286 = LINE('',#1287,#1288);
#1287 = CARTESIAN_POINT('',(173.268,-151.369,1.585));
#1288 = VECTOR('',#1289,1.);
#1289 = DIRECTION('',(0.,1.,0.));
#1290 = FACE_BOUND('',#1291,.F.);
#1291 = EDGE_LOOP('',(#1292,#1302,#1310,#1318));
#1292 = ORIENTED_EDGE('',*,*,#1293,.T.);
#1293 = EDGE_CURVE('',#1294,#1296,#1298,.T.);
#1294 = VERTEX_POINT('',#1295);
#1295 = CARTESIAN_POINT('',(175.668,-151.309,1.585));
#1296 = VERTEX_POINT('',#1297);
#1297 = CARTESIAN_POINT('',(175.668,-149.029,1.585));
#1298 = LINE('',#1299,#1300);
#1299 = CARTESIAN_POINT('',(175.668,-151.309,1.585));
#1300 = VECTOR('',#1301,1.);
#1301 = DIRECTION('',(0.,1.,0.));
#1302 = ORIENTED_EDGE('',*,*,#1303,.T.);
#1303 = EDGE_CURVE('',#1296,#1304,#1306,.T.);
#1304 = VERTEX_POINT('',#1305);
#1305 = CARTESIAN_POINT('',(173.388,-149.029,1.585));
#1306 = LINE('',#1307,#1308);
#1307 = CARTESIAN_POINT('',(175.668,-149.029,1.585));
#1308 = VECTOR('',#1309,1.);
#1309 = DIRECTION('',(-1.,0.,0.));
#1310 = ORIENTED_EDGE('',*,*,#1311,.T.);
#1311 = EDGE_CURVE('',#1304,#1312,#1314,.T.);
#1312 = VERTEX_POINT('',#1313);
#1313 = CARTESIAN_POINT('',(173.388,-151.309,1.585));
#1314 = LINE('',#1315,#1316);
#1315 = CARTESIAN_POINT('',(173.388,-149.029,1.585));
#1316 = VECTOR('',#1317,1.);
#1317 = DIRECTION('',(0.,-1.,0.));
#1318 = ORIENTED_EDGE('',*,*,#1319,.T.);
#1319 = EDGE_CURVE('',#1312,#1294,#1320,.T.);
#1320 = LINE('',#1321,#1322);
#1321 = CARTESIAN_POINT('',(173.388,-151.309,1.585));
#1322 = VECTOR('',#1323,1.);
#1323 = DIRECTION('',(1.,0.,0.));
#1324 = PLANE('',#1325);
#1325 = AXIS2_PLACEMENT_3D('',#1326,#1327,#1328);
#1326 = CARTESIAN_POINT('',(0.,0.,1.585));
#1327 = DIRECTION('',(0.,0.,1.));
#1328 = DIRECTION('',(1.,0.,-0.));
#1329 = SHELL_BASED_SURFACE_MODEL('',(#1330));
#1330 = OPEN_SHELL('',(#1331));
#1331 = ADVANCED_FACE('',(#1332),#1466,.T.);
#1332 = FACE_BOUND('',#1333,.F.);
#1333 = EDGE_LOOP('',(#1334,#1344,#1352,#1361,#1369,#1377,#1386,#1394,
    #1403,#1411,#1419,#1427,#1435,#1444,#1452,#1460));
#1334 = ORIENTED_EDGE('',*,*,#1335,.T.);
#1335 = EDGE_CURVE('',#1336,#1338,#1340,.T.);
#1336 = VERTEX_POINT('',#1337);
#1337 = CARTESIAN_POINT('',(163.355864,-146.672841,1.585));
#1338 = VERTEX_POINT('',#1339);
#1339 = CARTESIAN_POINT('',(163.39432,-146.65226,1.585));
#1340 = LINE('',#1341,#1342);
#1341 = CARTESIAN_POINT('',(163.355864,-146.672841,1.585));
#1342 = VECTOR('',#1343,1.);
#1343 = DIRECTION('',(0.881674852639,0.471857451169,0.));
#1344 = ORIENTED_EDGE('',*,*,#1345,.T.);
#1345 = EDGE_CURVE('',#1338,#1346,#1348,.T.);
#1346 = VERTEX_POINT('',#1347);
#1347 = CARTESIAN_POINT('',(163.416157,-146.65226,1.585));
#1348 = LINE('',#1349,#1350);
#1349 = CARTESIAN_POINT('',(163.39432,-146.65226,1.585));
#1350 = VECTOR('',#1351,1.);
#1351 = DIRECTION('',(1.,0.,0.));
#1352 = ORIENTED_EDGE('',*,*,#1353,.T.);
#1353 = EDGE_CURVE('',#1346,#1354,#1356,.T.);
#1354 = VERTEX_POINT('',#1355);
#1355 = CARTESIAN_POINT('',(163.483952,-146.725819,1.585));
#1356 = CIRCLE('',#1357,7.216898094225E-02);
#1357 = AXIS2_PLACEMENT_3D('',#1358,#1359,#1360);
#1358 = CARTESIAN_POINT('',(163.41179906389,-146.7242972834,1.585));
#1359 = DIRECTION('',(0.,0.,-1.));
#1360 = DIRECTION('',(6.038516895228E-02,0.998175150648,0.));
#1361 = ORIENTED_EDGE('',*,*,#1362,.T.);
#1362 = EDGE_CURVE('',#1354,#1363,#1365,.T.);
#1363 = VERTEX_POINT('',#1364);
#1364 = CARTESIAN_POINT('',(163.483952,-147.650819,1.585));
#1365 = LINE('',#1366,#1367);
#1366 = CARTESIAN_POINT('',(163.483952,-146.725819,1.585));
#1367 = VECTOR('',#1368,1.);
#1368 = DIRECTION('',(0.,-1.,0.));
#1369 = ORIENTED_EDGE('',*,*,#1370,.T.);
#1370 = EDGE_CURVE('',#1363,#1371,#1373,.T.);
#1371 = VERTEX_POINT('',#1372);
#1372 = CARTESIAN_POINT('',(163.709298,-147.65226,1.585));
#1373 = LINE('',#1374,#1375);
#1374 = CARTESIAN_POINT('',(163.483952,-147.650819,1.585));
#1375 = VECTOR('',#1376,1.);
#1376 = DIRECTION('',(0.999979555102,-6.394480216655E-03,0.));
#1377 = ORIENTED_EDGE('',*,*,#1378,.T.);
#1378 = EDGE_CURVE('',#1371,#1379,#1381,.T.);
#1379 = VERTEX_POINT('',#1380);
#1380 = CARTESIAN_POINT('',(163.694666,-147.800819,1.585));
#1381 = CIRCLE('',#1382,7.500006711462E-02);
#1382 = AXIS2_PLACEMENT_3D('',#1383,#1384,#1385);
#1383 = CARTESIAN_POINT('',(163.69466606711,-147.7258189328,1.585));
#1384 = DIRECTION('',(0.,0.,-1.));
#1385 = DIRECTION('',(0.195092263891,0.980784894138,0.));
#1386 = ORIENTED_EDGE('',*,*,#1387,.T.);
#1387 = EDGE_CURVE('',#1379,#1388,#1390,.T.);
#1388 = VERTEX_POINT('',#1389);
#1389 = CARTESIAN_POINT('',(163.108606,-147.799378,1.585));
#1390 = LINE('',#1391,#1392);
#1391 = CARTESIAN_POINT('',(163.694666,-147.800819,1.585));
#1392 = VECTOR('',#1393,1.);
#1393 = DIRECTION('',(-0.999996977183,2.45878518261E-03,0.));
#1394 = ORIENTED_EDGE('',*,*,#1395,.T.);
#1395 = EDGE_CURVE('',#1388,#1396,#1398,.T.);
#1396 = VERTEX_POINT('',#1397);
#1397 = CARTESIAN_POINT('',(163.123238,-147.650819,1.585));
#1398 = CIRCLE('',#1399,7.500006711462E-02);
#1399 = AXIS2_PLACEMENT_3D('',#1400,#1401,#1402);
#1400 = CARTESIAN_POINT('',(163.12323793288,-147.7258190671,1.585));
#1401 = DIRECTION('',(0.,0.,-1.));
#1402 = DIRECTION('',(-0.195092263891,-0.980784894138,-0.));
#1403 = ORIENTED_EDGE('',*,*,#1404,.T.);
#1404 = EDGE_CURVE('',#1396,#1405,#1407,.T.);
#1405 = VERTEX_POINT('',#1406);
#1406 = CARTESIAN_POINT('',(163.333952,-147.650819,1.585));
#1407 = LINE('',#1408,#1409);
#1408 = CARTESIAN_POINT('',(163.123238,-147.650819,1.585));
#1409 = VECTOR('',#1410,1.);
#1410 = DIRECTION('',(1.,0.,0.));
#1411 = ORIENTED_EDGE('',*,*,#1412,.T.);
#1412 = EDGE_CURVE('',#1405,#1413,#1415,.T.);
#1413 = VERTEX_POINT('',#1414);
#1414 = CARTESIAN_POINT('',(163.333952,-146.954504,1.585));
#1415 = LINE('',#1416,#1417);
#1416 = CARTESIAN_POINT('',(163.333952,-147.650819,1.585));
#1417 = VECTOR('',#1418,1.);
#1418 = DIRECTION('',(0.,1.,0.));
#1419 = ORIENTED_EDGE('',*,*,#1420,.T.);
#1420 = EDGE_CURVE('',#1413,#1421,#1423,.T.);
#1421 = VERTEX_POINT('',#1422);
#1422 = CARTESIAN_POINT('',(163.258316,-147.027031,1.585));
#1423 = LINE('',#1424,#1425);
#1424 = CARTESIAN_POINT('',(163.333952,-146.954504,1.585));
#1425 = VECTOR('',#1426,1.);
#1426 = DIRECTION('',(-0.721785571396,-0.692116745156,0.));
#1427 = ORIENTED_EDGE('',*,*,#1428,.T.);
#1428 = EDGE_CURVE('',#1421,#1429,#1431,.T.);
#1429 = VERTEX_POINT('',#1430);
#1430 = CARTESIAN_POINT('',(163.143047,-147.08387,1.585));
#1431 = LINE('',#1432,#1433);
#1432 = CARTESIAN_POINT('',(163.258316,-147.027031,1.585));
#1433 = VECTOR('',#1434,1.);
#1434 = DIRECTION('',(-0.896889346494,-0.442255017094,0.));
#1435 = ORIENTED_EDGE('',*,*,#1436,.T.);
#1436 = EDGE_CURVE('',#1429,#1437,#1439,.T.);
#1437 = VERTEX_POINT('',#1438);
#1438 = CARTESIAN_POINT('',(163.089697,-146.944451,1.585));
#1439 = CIRCLE('',#1440,7.500005272362E-02);
#1440 = AXIS2_PLACEMENT_3D('',#1441,#1442,#1443);
#1441 = CARTESIAN_POINT('',(163.12323755676,-147.0115333297,1.585));
#1442 = DIRECTION('',(0.,0.,-1.));
#1443 = DIRECTION('',(0.264125724195,-0.964488259036,0.));
#1444 = ORIENTED_EDGE('',*,*,#1445,.T.);
#1445 = EDGE_CURVE('',#1437,#1446,#1448,.T.);
#1446 = VERTEX_POINT('',#1447);
#1447 = CARTESIAN_POINT('',(163.174049,-146.902275,1.585));
#1448 = LINE('',#1449,#1450);
#1449 = CARTESIAN_POINT('',(163.089697,-146.944451,1.585));
#1450 = VECTOR('',#1451,1.);
#1451 = DIRECTION('',(0.894427191,0.4472135955,0.));
#1452 = ORIENTED_EDGE('',*,*,#1453,.T.);
#1453 = EDGE_CURVE('',#1446,#1454,#1456,.T.);
#1454 = VERTEX_POINT('',#1455);
#1455 = CARTESIAN_POINT('',(163.255428,-146.820896,1.585));
#1456 = LINE('',#1457,#1458);
#1457 = CARTESIAN_POINT('',(163.174049,-146.902275,1.585));
#1458 = VECTOR('',#1459,1.);
#1459 = DIRECTION('',(0.707106781187,0.707106781187,0.));
#1460 = ORIENTED_EDGE('',*,*,#1461,.T.);
#1461 = EDGE_CURVE('',#1454,#1336,#1462,.T.);
#1462 = LINE('',#1463,#1464);
#1463 = CARTESIAN_POINT('',(163.255428,-146.820896,1.585));
#1464 = VECTOR('',#1465,1.);
#1465 = DIRECTION('',(0.561387006404,0.82755339951,0.));
#1466 = PLANE('',#1467);
#1467 = AXIS2_PLACEMENT_3D('',#1468,#1469,#1470);
#1468 = CARTESIAN_POINT('',(0.,0.,1.585));
#1469 = DIRECTION('',(0.,0.,1.));
#1470 = DIRECTION('',(1.,0.,-0.));
#1471 = SHELL_BASED_SURFACE_MODEL('',(#1472));
#1472 = OPEN_SHELL('',(#1473));
#1473 = ADVANCED_FACE('',(#1474),#1633,.T.);
#1474 = FACE_BOUND('',#1475,.F.);
#1475 = EDGE_LOOP('',(#1476,#1487,#1495,#1503,#1511,#1519,#1527,#1535,
    #1544,#1552,#1561,#1569,#1577,#1585,#1594,#1602,#1610,#1618,#1627));
#1476 = ORIENTED_EDGE('',*,*,#1477,.T.);
#1477 = EDGE_CURVE('',#1478,#1480,#1482,.T.);
#1478 = VERTEX_POINT('',#1479);
#1479 = CARTESIAN_POINT('',(183.137316,-146.706356,1.585));
#1480 = VERTEX_POINT('',#1481);
#1481 = CARTESIAN_POINT('',(183.646711,-146.715686,1.585));
#1482 = CIRCLE('',#1483,0.450326844012);
#1483 = AXIS2_PLACEMENT_3D('',#1484,#1485,#1486);
#1484 = CARTESIAN_POINT('',(183.3852130301,-147.0823098919,1.585));
#1485 = DIRECTION('',(0.,0.,-1.));
#1486 = DIRECTION('',(-0.550482462684,0.834846727416,0.));
#1487 = ORIENTED_EDGE('',*,*,#1488,.T.);
#1488 = EDGE_CURVE('',#1480,#1489,#1491,.T.);
#1489 = VERTEX_POINT('',#1490);
#1490 = CARTESIAN_POINT('',(183.710164,-146.781216,1.585));
#1491 = LINE('',#1492,#1493);
#1492 = CARTESIAN_POINT('',(183.646711,-146.715686,1.585));
#1493 = VECTOR('',#1494,1.);
#1494 = DIRECTION('',(0.695630129574,-0.718400113328,0.));
#1495 = ORIENTED_EDGE('',*,*,#1496,.T.);
#1496 = EDGE_CURVE('',#1489,#1497,#1499,.T.);
#1497 = VERTEX_POINT('',#1498);
#1498 = CARTESIAN_POINT('',(183.768225,-146.901663,1.585));
#1499 = LINE('',#1500,#1501);
#1500 = CARTESIAN_POINT('',(183.710164,-146.781216,1.585));
#1501 = VECTOR('',#1502,1.);
#1502 = DIRECTION('',(0.434228424707,-0.900802794832,0.));
#1503 = ORIENTED_EDGE('',*,*,#1504,.T.);
#1504 = EDGE_CURVE('',#1497,#1505,#1507,.T.);
#1505 = VERTEX_POINT('',#1506);
#1506 = CARTESIAN_POINT('',(183.767466,-147.027995,1.585));
#1507 = LINE('',#1508,#1509);
#1508 = CARTESIAN_POINT('',(183.768225,-146.901663,1.585));
#1509 = VECTOR('',#1510,1.);
#1510 = DIRECTION('',(-6.007870547434E-03,-0.999981952583,0.));
#1511 = ORIENTED_EDGE('',*,*,#1512,.T.);
#1512 = EDGE_CURVE('',#1505,#1513,#1515,.T.);
#1513 = VERTEX_POINT('',#1514);
#1514 = CARTESIAN_POINT('',(183.709408,-147.196058,1.585));
#1515 = LINE('',#1516,#1517);
#1516 = CARTESIAN_POINT('',(183.767466,-147.027995,1.585));
#1517 = VECTOR('',#1518,1.);
#1518 = DIRECTION('',(-0.326519613327,-0.945190426376,0.));
#1519 = ORIENTED_EDGE('',*,*,#1520,.T.);
#1520 = EDGE_CURVE('',#1513,#1521,#1523,.T.);
#1521 = VERTEX_POINT('',#1522);
#1522 = CARTESIAN_POINT('',(183.256685,-147.650819,1.585));
#1523 = LINE('',#1524,#1525);
#1524 = CARTESIAN_POINT('',(183.709408,-147.196058,1.585));
#1525 = VECTOR('',#1526,1.);
#1526 = DIRECTION('',(-0.705517003129,-0.708692992978,0.));
#1527 = ORIENTED_EDGE('',*,*,#1528,.T.);
#1528 = EDGE_CURVE('',#1521,#1529,#1531,.T.);
#1529 = VERTEX_POINT('',#1530);
#1530 = CARTESIAN_POINT('',(183.709298,-147.65226,1.585));
#1531 = LINE('',#1532,#1533);
#1532 = CARTESIAN_POINT('',(183.256685,-147.650819,1.585));
#1533 = VECTOR('',#1534,1.);
#1534 = DIRECTION('',(0.999994931953,-3.183719197072E-03,0.));
#1535 = ORIENTED_EDGE('',*,*,#1536,.T.);
#1536 = EDGE_CURVE('',#1529,#1537,#1539,.T.);
#1537 = VERTEX_POINT('',#1538);
#1538 = CARTESIAN_POINT('',(183.694666,-147.800819,1.585));
#1539 = CIRCLE('',#1540,7.500006711462E-02);
#1540 = AXIS2_PLACEMENT_3D('',#1541,#1542,#1543);
#1541 = CARTESIAN_POINT('',(183.69466606711,-147.7258189328,1.585));
#1542 = DIRECTION('',(0.,0.,-1.));
#1543 = DIRECTION('',(0.195092263891,0.980784894138,0.));
#1544 = ORIENTED_EDGE('',*,*,#1545,.T.);
#1545 = EDGE_CURVE('',#1537,#1546,#1548,.T.);
#1546 = VERTEX_POINT('',#1547);
#1547 = CARTESIAN_POINT('',(183.060987,-147.799378,1.585));
#1548 = LINE('',#1549,#1550);
#1549 = CARTESIAN_POINT('',(183.694666,-147.800819,1.585));
#1550 = VECTOR('',#1551,1.);
#1551 = DIRECTION('',(-0.999997414422,2.274016140951E-03,0.));
#1552 = ORIENTED_EDGE('',*,*,#1553,.T.);
#1553 = EDGE_CURVE('',#1546,#1554,#1556,.T.);
#1554 = VERTEX_POINT('',#1555);
#1555 = CARTESIAN_POINT('',(183.022586,-147.672786,1.585));
#1556 = CIRCLE('',#1557,7.500021013111E-02);
#1557 = AXIS2_PLACEMENT_3D('',#1558,#1559,#1560);
#1558 = CARTESIAN_POINT('',(183.0756193167,-147.7258189976,1.585));
#1559 = DIRECTION('',(0.,0.,-1.));
#1560 = DIRECTION('',(-0.195097009436,-0.980783950169,-0.));
#1561 = ORIENTED_EDGE('',*,*,#1562,.T.);
#1562 = EDGE_CURVE('',#1554,#1563,#1565,.T.);
#1563 = VERTEX_POINT('',#1564);
#1564 = CARTESIAN_POINT('',(183.581494,-147.113876,1.585));
#1565 = LINE('',#1566,#1567);
#1566 = CARTESIAN_POINT('',(183.022586,-147.672786,1.585));
#1567 = VECTOR('',#1568,1.);
#1568 = DIRECTION('',(0.70710551603,0.707108046341,0.));
#1569 = ORIENTED_EDGE('',*,*,#1570,.T.);
#1570 = EDGE_CURVE('',#1563,#1571,#1573,.T.);
#1571 = VERTEX_POINT('',#1572);
#1572 = CARTESIAN_POINT('',(183.619666,-146.999363,1.585));
#1573 = LINE('',#1574,#1575);
#1574 = CARTESIAN_POINT('',(183.581494,-147.113876,1.585));
#1575 = VECTOR('',#1576,1.);
#1576 = DIRECTION('',(0.31623522204,0.948680812677,0.));
#1577 = ORIENTED_EDGE('',*,*,#1578,.T.);
#1578 = EDGE_CURVE('',#1571,#1579,#1581,.T.);
#1579 = VERTEX_POINT('',#1580);
#1580 = CARTESIAN_POINT('',(183.619666,-146.934,1.585));
#1581 = LINE('',#1582,#1583);
#1582 = CARTESIAN_POINT('',(183.619666,-146.999363,1.585));
#1583 = VECTOR('',#1584,1.);
#1584 = DIRECTION('',(0.,1.,0.));
#1585 = ORIENTED_EDGE('',*,*,#1586,.T.);
#1586 = EDGE_CURVE('',#1579,#1587,#1589,.T.);
#1587 = VERTEX_POINT('',#1588);
#1588 = CARTESIAN_POINT('',(183.486485,-146.800819,1.585));
#1589 = CIRCLE('',#1590,0.18686440374);
#1590 = AXIS2_PLACEMENT_3D('',#1591,#1592,#1593);
#1591 = CARTESIAN_POINT('',(183.438949,-146.981536,1.585));
#1592 = DIRECTION('',(0.,0.,1.));
#1593 = DIRECTION('',(0.967102328658,0.254387668537,-0.));
#1594 = ORIENTED_EDGE('',*,*,#1595,.T.);
#1595 = EDGE_CURVE('',#1587,#1596,#1598,.T.);
#1596 = VERTEX_POINT('',#1597);
#1597 = CARTESIAN_POINT('',(183.2838,-146.800819,1.585));
#1598 = LINE('',#1599,#1600);
#1599 = CARTESIAN_POINT('',(183.486485,-146.800819,1.585));
#1600 = VECTOR('',#1601,1.);
#1601 = DIRECTION('',(-1.,0.,0.));
#1602 = ORIENTED_EDGE('',*,*,#1603,.T.);
#1603 = EDGE_CURVE('',#1596,#1604,#1606,.T.);
#1604 = VERTEX_POINT('',#1605);
#1605 = CARTESIAN_POINT('',(183.215284,-146.835077,1.585));
#1606 = LINE('',#1607,#1608);
#1607 = CARTESIAN_POINT('',(183.2838,-146.800819,1.585));
#1608 = VECTOR('',#1609,1.);
#1609 = DIRECTION('',(-0.894427191,-0.4472135955,0.));
#1610 = ORIENTED_EDGE('',*,*,#1611,.T.);
#1611 = EDGE_CURVE('',#1604,#1612,#1614,.T.);
#1612 = VERTEX_POINT('',#1613);
#1613 = CARTESIAN_POINT('',(183.164906,-146.883417,1.585));
#1614 = LINE('',#1615,#1616);
#1615 = CARTESIAN_POINT('',(183.215284,-146.835077,1.585));
#1616 = VECTOR('',#1617,1.);
#1617 = DIRECTION('',(-0.721551016594,-0.692361271629,0.));
#1618 = ORIENTED_EDGE('',*,*,#1619,.T.);
#1619 = EDGE_CURVE('',#1612,#1620,#1622,.T.);
#1620 = VERTEX_POINT('',#1621);
#1621 = CARTESIAN_POINT('',(183.070205,-146.768024,1.585));
#1622 = CIRCLE('',#1623,7.499996838529E-02);
#1623 = AXIS2_PLACEMENT_3D('',#1624,#1625,#1626);
#1624 = CARTESIAN_POINT('',(183.123238,-146.8210569724,1.585));
#1625 = DIRECTION('',(0.,0.,-1.));
#1626 = DIRECTION('',(0.555573567524,-0.831467384248,0.));
#1627 = ORIENTED_EDGE('',*,*,#1628,.T.);
#1628 = EDGE_CURVE('',#1620,#1478,#1629,.T.);
#1629 = LINE('',#1630,#1631);
#1630 = CARTESIAN_POINT('',(183.070205,-146.768024,1.585));
#1631 = VECTOR('',#1632,1.);
#1632 = DIRECTION('',(0.736336089652,0.676615964248,0.));
#1633 = PLANE('',#1634);
#1634 = AXIS2_PLACEMENT_3D('',#1635,#1636,#1637);
#1635 = CARTESIAN_POINT('',(0.,0.,1.585));
#1636 = DIRECTION('',(0.,0.,1.));
#1637 = DIRECTION('',(1.,0.,-0.));
#1638 = SHELL_BASED_SURFACE_MODEL('',(#1639));
#1639 = OPEN_SHELL('',(#1640));
#1640 = ADVANCED_FACE('',(#1641),#1727,.T.);
#1641 = FACE_BOUND('',#1642,.F.);
#1642 = EDGE_LOOP('',(#1643,#1654,#1662,#1671,#1679,#1688,#1696,#1705,
    #1713,#1721));
#1643 = ORIENTED_EDGE('',*,*,#1644,.T.);
#1644 = EDGE_CURVE('',#1645,#1647,#1649,.T.);
#1645 = VERTEX_POINT('',#1646);
#1646 = CARTESIAN_POINT('',(162.652998,-146.663459,1.585));
#1647 = VERTEX_POINT('',#1648);
#1648 = CARTESIAN_POINT('',(162.769666,-146.725819,1.585));
#1649 = CIRCLE('',#1650,7.500000000004E-02);
#1650 = AXIS2_PLACEMENT_3D('',#1651,#1652,#1653);
#1651 = CARTESIAN_POINT('',(162.694666,-146.7258190655,1.585));
#1652 = DIRECTION('',(0.,0.,-1.));
#1653 = DIRECTION('',(-0.555573333333,0.831467540731,0.));
#1654 = ORIENTED_EDGE('',*,*,#1655,.T.);
#1655 = EDGE_CURVE('',#1647,#1656,#1658,.T.);
#1656 = VERTEX_POINT('',#1657);
#1657 = CARTESIAN_POINT('',(162.767466,-147.456566,1.585));
#1658 = LINE('',#1659,#1660);
#1659 = CARTESIAN_POINT('',(162.769666,-146.725819,1.585));
#1660 = VECTOR('',#1661,1.);
#1661 = DIRECTION('',(-3.010604258181E-03,-0.999995468121,0.));
#1662 = ORIENTED_EDGE('',*,*,#1663,.T.);
#1663 = EDGE_CURVE('',#1656,#1664,#1666,.T.);
#1664 = VERTEX_POINT('',#1665);
#1665 = CARTESIAN_POINT('',(162.416357,-147.800089,1.585));
#1666 = CIRCLE('',#1667,0.38184101318);
#1667 = AXIS2_PLACEMENT_3D('',#1668,#1669,#1670);
#1668 = CARTESIAN_POINT('',(162.38744350032,-147.4193442444,1.585));
#1669 = DIRECTION('',(0.,0.,-1.));
#1670 = DIRECTION('',(0.995237511316,-9.747972132606E-02,0.));
#1671 = ORIENTED_EDGE('',*,*,#1672,.T.);
#1672 = EDGE_CURVE('',#1664,#1673,#1675,.T.);
#1673 = VERTEX_POINT('',#1674);
#1674 = CARTESIAN_POINT('',(162.299082,-147.799378,1.585));
#1675 = LINE('',#1676,#1677);
#1676 = CARTESIAN_POINT('',(162.416357,-147.800089,1.585));
#1677 = VECTOR('',#1678,1.);
#1678 = DIRECTION('',(-0.999981622503,6.062561787455E-03,0.));
#1679 = ORIENTED_EDGE('',*,*,#1680,.T.);
#1680 = EDGE_CURVE('',#1673,#1681,#1683,.T.);
#1681 = VERTEX_POINT('',#1682);
#1682 = CARTESIAN_POINT('',(162.313714,-147.650819,1.585));
#1683 = CIRCLE('',#1684,7.500006711462E-02);
#1684 = AXIS2_PLACEMENT_3D('',#1685,#1686,#1687);
#1685 = CARTESIAN_POINT('',(162.31371393288,-147.7258190671,1.585));
#1686 = DIRECTION('',(0.,0.,-1.));
#1687 = DIRECTION('',(-0.195092263891,-0.980784894138,-0.));
#1688 = ORIENTED_EDGE('',*,*,#1689,.T.);
#1689 = EDGE_CURVE('',#1681,#1690,#1692,.T.);
#1690 = VERTEX_POINT('',#1691);
#1691 = CARTESIAN_POINT('',(162.396782,-147.650819,1.585));
#1692 = LINE('',#1693,#1694);
#1693 = CARTESIAN_POINT('',(162.313714,-147.650819,1.585));
#1694 = VECTOR('',#1695,1.);
#1695 = DIRECTION('',(1.,0.,0.));
#1696 = ORIENTED_EDGE('',*,*,#1697,.T.);
#1697 = EDGE_CURVE('',#1690,#1698,#1700,.T.);
#1698 = VERTEX_POINT('',#1699);
#1699 = CARTESIAN_POINT('',(162.619666,-147.427934,1.585));
#1700 = CIRCLE('',#1701,0.239437351684);
#1701 = AXIS2_PLACEMENT_3D('',#1702,#1703,#1704);
#1702 = CARTESIAN_POINT('',(162.38076490658,-147.4119179784,1.585));
#1703 = DIRECTION('',(0.,0.,1.));
#1704 = DIRECTION('',(6.689471506024E-02,-0.997760039838,0.));
#1705 = ORIENTED_EDGE('',*,*,#1706,.T.);
#1706 = EDGE_CURVE('',#1698,#1707,#1709,.T.);
#1707 = VERTEX_POINT('',#1708);
#1708 = CARTESIAN_POINT('',(162.621107,-146.711187,1.585));
#1709 = LINE('',#1710,#1711);
#1710 = CARTESIAN_POINT('',(162.619666,-147.427934,1.585));
#1711 = VECTOR('',#1712,1.);
#1712 = DIRECTION('',(2.010468251347E-03,0.999997979007,0.));
#1713 = ORIENTED_EDGE('',*,*,#1714,.T.);
#1714 = EDGE_CURVE('',#1707,#1715,#1717,.T.);
#1715 = VERTEX_POINT('',#1716);
#1716 = CARTESIAN_POINT('',(162.632306,-146.684151,1.585));
#1717 = LINE('',#1718,#1719);
#1718 = CARTESIAN_POINT('',(162.621107,-146.711187,1.585));
#1719 = VECTOR('',#1720,1.);
#1720 = DIRECTION('',(0.38269282806,0.923875640631,0.));
#1721 = ORIENTED_EDGE('',*,*,#1722,.T.);
#1722 = EDGE_CURVE('',#1715,#1645,#1723,.T.);
#1723 = LINE('',#1724,#1725);
#1724 = CARTESIAN_POINT('',(162.632306,-146.684151,1.585));
#1725 = VECTOR('',#1726,1.);
#1726 = DIRECTION('',(0.707106781186,0.707106781187,0.));
#1727 = PLANE('',#1728);
#1728 = AXIS2_PLACEMENT_3D('',#1729,#1730,#1731);
#1729 = CARTESIAN_POINT('',(0.,0.,1.585));
#1730 = DIRECTION('',(0.,0.,1.));
#1731 = DIRECTION('',(1.,0.,-0.));
#1732 = SHELL_BASED_SURFACE_MODEL('',(#1733));
#1733 = OPEN_SHELL('',(#1734));
#1734 = ADVANCED_FACE('',(#1735),#1821,.T.);
#1735 = FACE_BOUND('',#1736,.F.);
#1736 = EDGE_LOOP('',(#1737,#1748,#1756,#1765,#1773,#1782,#1790,#1799,
    #1807,#1815));
#1737 = ORIENTED_EDGE('',*,*,#1738,.T.);
#1738 = EDGE_CURVE('',#1739,#1741,#1743,.T.);
#1739 = VERTEX_POINT('',#1740);
#1740 = CARTESIAN_POINT('',(182.652998,-146.663459,1.585));
#1741 = VERTEX_POINT('',#1742);
#1742 = CARTESIAN_POINT('',(182.769666,-146.725819,1.585));
#1743 = CIRCLE('',#1744,7.500000000004E-02);
#1744 = AXIS2_PLACEMENT_3D('',#1745,#1746,#1747);
#1745 = CARTESIAN_POINT('',(182.694666,-146.7258190655,1.585));
#1746 = DIRECTION('',(0.,0.,-1.));
#1747 = DIRECTION('',(-0.555573333333,0.831467540731,0.));
#1748 = ORIENTED_EDGE('',*,*,#1749,.T.);
#1749 = EDGE_CURVE('',#1741,#1750,#1752,.T.);
#1750 = VERTEX_POINT('',#1751);
#1751 = CARTESIAN_POINT('',(182.767466,-147.456566,1.585));
#1752 = LINE('',#1753,#1754);
#1753 = CARTESIAN_POINT('',(182.769666,-146.725819,1.585));
#1754 = VECTOR('',#1755,1.);
#1755 = DIRECTION('',(-3.010604258181E-03,-0.999995468121,0.));
#1756 = ORIENTED_EDGE('',*,*,#1757,.T.);
#1757 = EDGE_CURVE('',#1750,#1758,#1760,.T.);
#1758 = VERTEX_POINT('',#1759);
#1759 = CARTESIAN_POINT('',(182.416357,-147.800089,1.585));
#1760 = CIRCLE('',#1761,0.38184101318);
#1761 = AXIS2_PLACEMENT_3D('',#1762,#1763,#1764);
#1762 = CARTESIAN_POINT('',(182.38744350032,-147.4193442444,1.585));
#1763 = DIRECTION('',(0.,0.,-1.));
#1764 = DIRECTION('',(0.995237511316,-9.747972132606E-02,0.));
#1765 = ORIENTED_EDGE('',*,*,#1766,.T.);
#1766 = EDGE_CURVE('',#1758,#1767,#1769,.T.);
#1767 = VERTEX_POINT('',#1768);
#1768 = CARTESIAN_POINT('',(182.299082,-147.799378,1.585));
#1769 = LINE('',#1770,#1771);
#1770 = CARTESIAN_POINT('',(182.416357,-147.800089,1.585));
#1771 = VECTOR('',#1772,1.);
#1772 = DIRECTION('',(-0.999981622503,6.062561787455E-03,0.));
#1773 = ORIENTED_EDGE('',*,*,#1774,.T.);
#1774 = EDGE_CURVE('',#1767,#1775,#1777,.T.);
#1775 = VERTEX_POINT('',#1776);
#1776 = CARTESIAN_POINT('',(182.313714,-147.650819,1.585));
#1777 = CIRCLE('',#1778,7.500006711462E-02);
#1778 = AXIS2_PLACEMENT_3D('',#1779,#1780,#1781);
#1779 = CARTESIAN_POINT('',(182.31371393288,-147.7258190671,1.585));
#1780 = DIRECTION('',(0.,0.,-1.));
#1781 = DIRECTION('',(-0.195092263891,-0.980784894138,-0.));
#1782 = ORIENTED_EDGE('',*,*,#1783,.T.);
#1783 = EDGE_CURVE('',#1775,#1784,#1786,.T.);
#1784 = VERTEX_POINT('',#1785);
#1785 = CARTESIAN_POINT('',(182.396782,-147.650819,1.585));
#1786 = LINE('',#1787,#1788);
#1787 = CARTESIAN_POINT('',(182.313714,-147.650819,1.585));
#1788 = VECTOR('',#1789,1.);
#1789 = DIRECTION('',(1.,0.,0.));
#1790 = ORIENTED_EDGE('',*,*,#1791,.T.);
#1791 = EDGE_CURVE('',#1784,#1792,#1794,.T.);
#1792 = VERTEX_POINT('',#1793);
#1793 = CARTESIAN_POINT('',(182.619666,-147.427934,1.585));
#1794 = CIRCLE('',#1795,0.239437351684);
#1795 = AXIS2_PLACEMENT_3D('',#1796,#1797,#1798);
#1796 = CARTESIAN_POINT('',(182.38076490658,-147.4119179784,1.585));
#1797 = DIRECTION('',(0.,0.,1.));
#1798 = DIRECTION('',(6.689471506024E-02,-0.997760039838,0.));
#1799 = ORIENTED_EDGE('',*,*,#1800,.T.);
#1800 = EDGE_CURVE('',#1792,#1801,#1803,.T.);
#1801 = VERTEX_POINT('',#1802);
#1802 = CARTESIAN_POINT('',(182.621107,-146.711187,1.585));
#1803 = LINE('',#1804,#1805);
#1804 = CARTESIAN_POINT('',(182.619666,-147.427934,1.585));
#1805 = VECTOR('',#1806,1.);
#1806 = DIRECTION('',(2.010468251347E-03,0.999997979007,0.));
#1807 = ORIENTED_EDGE('',*,*,#1808,.T.);
#1808 = EDGE_CURVE('',#1801,#1809,#1811,.T.);
#1809 = VERTEX_POINT('',#1810);
#1810 = CARTESIAN_POINT('',(182.632306,-146.684151,1.585));
#1811 = LINE('',#1812,#1813);
#1812 = CARTESIAN_POINT('',(182.621107,-146.711187,1.585));
#1813 = VECTOR('',#1814,1.);
#1814 = DIRECTION('',(0.38269282806,0.923875640631,0.));
#1815 = ORIENTED_EDGE('',*,*,#1816,.T.);
#1816 = EDGE_CURVE('',#1809,#1739,#1817,.T.);
#1817 = LINE('',#1818,#1819);
#1818 = CARTESIAN_POINT('',(182.632306,-146.684151,1.585));
#1819 = VECTOR('',#1820,1.);
#1820 = DIRECTION('',(0.707106781186,0.707106781187,0.));
#1821 = PLANE('',#1822);
#1822 = AXIS2_PLACEMENT_3D('',#1823,#1824,#1825);
#1823 = CARTESIAN_POINT('',(0.,0.,1.585));
#1824 = DIRECTION('',(0.,0.,1.));
#1825 = DIRECTION('',(1.,0.,-0.));
#1826 = SHELL_BASED_SURFACE_MODEL('',(#1827));
#1827 = OPEN_SHELL('',(#1828));
#1828 = ADVANCED_FACE('',(#1829),#1865,.T.);
#1829 = FACE_BOUND('',#1830,.F.);
#1830 = EDGE_LOOP('',(#1831,#1842,#1850,#1859));
#1831 = ORIENTED_EDGE('',*,*,#1832,.T.);
#1832 = EDGE_CURVE('',#1833,#1835,#1837,.T.);
#1833 = VERTEX_POINT('',#1834);
#1834 = CARTESIAN_POINT('',(173.044879,-139.09,1.585));
#1835 = VERTEX_POINT('',#1836);
#1836 = CARTESIAN_POINT('',(173.044879,-138.97,1.585));
#1837 = CIRCLE('',#1838,6.000000000042E-02);
#1838 = AXIS2_PLACEMENT_3D('',#1839,#1840,#1841);
#1839 = CARTESIAN_POINT('',(173.04487877441,-139.03,1.585));
#1840 = DIRECTION('',(0.,0.,-1.));
#1841 = DIRECTION('',(3.759794727379E-06,-0.999999999993,0.));
#1842 = ORIENTED_EDGE('',*,*,#1843,.T.);
#1843 = EDGE_CURVE('',#1835,#1844,#1846,.T.);
#1844 = VERTEX_POINT('',#1845);
#1845 = CARTESIAN_POINT('',(173.380121,-138.97,1.585));
#1846 = LINE('',#1847,#1848);
#1847 = CARTESIAN_POINT('',(173.044879,-138.97,1.585));
#1848 = VECTOR('',#1849,1.);
#1849 = DIRECTION('',(1.,0.,0.));
#1850 = ORIENTED_EDGE('',*,*,#1851,.T.);
#1851 = EDGE_CURVE('',#1844,#1852,#1854,.T.);
#1852 = VERTEX_POINT('',#1853);
#1853 = CARTESIAN_POINT('',(173.380121,-139.09,1.585));
#1854 = CIRCLE('',#1855,6.000000000042E-02);
#1855 = AXIS2_PLACEMENT_3D('',#1856,#1857,#1858);
#1856 = CARTESIAN_POINT('',(173.38012122558,-139.03,1.585));
#1857 = DIRECTION('',(0.,0.,-1.));
#1858 = DIRECTION('',(-3.759794253684E-06,0.999999999993,-0.));
#1859 = ORIENTED_EDGE('',*,*,#1860,.T.);
#1860 = EDGE_CURVE('',#1852,#1833,#1861,.T.);
#1861 = LINE('',#1862,#1863);
#1862 = CARTESIAN_POINT('',(173.380121,-139.09,1.585));
#1863 = VECTOR('',#1864,1.);
#1864 = DIRECTION('',(-1.,0.,0.));
#1865 = PLANE('',#1866);
#1866 = AXIS2_PLACEMENT_3D('',#1867,#1868,#1869);
#1867 = CARTESIAN_POINT('',(0.,0.,1.585));
#1868 = DIRECTION('',(0.,0.,1.));
#1869 = DIRECTION('',(1.,0.,-0.));
#1870 = SHELL_BASED_SURFACE_MODEL('',(#1871));
#1871 = OPEN_SHELL('',(#1872));
#1872 = ADVANCED_FACE('',(#1873),#1909,.T.);
#1873 = FACE_BOUND('',#1874,.F.);
#1874 = EDGE_LOOP('',(#1875,#1886,#1894,#1903));
#1875 = ORIENTED_EDGE('',*,*,#1876,.T.);
#1876 = EDGE_CURVE('',#1877,#1879,#1881,.T.);
#1877 = VERTEX_POINT('',#1878);
#1878 = CARTESIAN_POINT('',(173.044879,-138.33,1.585));
#1879 = VERTEX_POINT('',#1880);
#1880 = CARTESIAN_POINT('',(173.044879,-138.21,1.585));
#1881 = CIRCLE('',#1882,6.000000000041E-02);
#1882 = AXIS2_PLACEMENT_3D('',#1883,#1884,#1885);
#1883 = CARTESIAN_POINT('',(173.04487877441,-138.27,1.585));
#1884 = DIRECTION('',(0.,0.,-1.));
#1885 = DIRECTION('',(3.759794727381E-06,-0.999999999993,0.));
#1886 = ORIENTED_EDGE('',*,*,#1887,.T.);
#1887 = EDGE_CURVE('',#1879,#1888,#1890,.T.);
#1888 = VERTEX_POINT('',#1889);
#1889 = CARTESIAN_POINT('',(173.380121,-138.21,1.585));
#1890 = LINE('',#1891,#1892);
#1891 = CARTESIAN_POINT('',(173.044879,-138.21,1.585));
#1892 = VECTOR('',#1893,1.);
#1893 = DIRECTION('',(1.,0.,0.));
#1894 = ORIENTED_EDGE('',*,*,#1895,.T.);
#1895 = EDGE_CURVE('',#1888,#1896,#1898,.T.);
#1896 = VERTEX_POINT('',#1897);
#1897 = CARTESIAN_POINT('',(173.380121,-138.33,1.585));
#1898 = CIRCLE('',#1899,6.000000000042E-02);
#1899 = AXIS2_PLACEMENT_3D('',#1900,#1901,#1902);
#1900 = CARTESIAN_POINT('',(173.38012122558,-138.27,1.585));
#1901 = DIRECTION('',(0.,0.,-1.));
#1902 = DIRECTION('',(-3.759794253684E-06,0.999999999993,-0.));
#1903 = ORIENTED_EDGE('',*,*,#1904,.T.);
#1904 = EDGE_CURVE('',#1896,#1877,#1905,.T.);
#1905 = LINE('',#1906,#1907);
#1906 = CARTESIAN_POINT('',(173.380121,-138.33,1.585));
#1907 = VECTOR('',#1908,1.);
#1908 = DIRECTION('',(-1.,0.,0.));
#1909 = PLANE('',#1910);
#1910 = AXIS2_PLACEMENT_3D('',#1911,#1912,#1913);
#1911 = CARTESIAN_POINT('',(0.,0.,1.585));
#1912 = DIRECTION('',(0.,0.,1.));
#1913 = DIRECTION('',(1.,0.,-0.));
#1914 = SHELL_BASED_SURFACE_MODEL('',(#1915));
#1915 = OPEN_SHELL('',(#1916));
#1916 = ADVANCED_FACE('',(#1917),#2051,.T.);
#1917 = FACE_BOUND('',#1918,.F.);
#1918 = EDGE_LOOP('',(#1919,#1929,#1937,#1946,#1954,#1962,#1971,#1979,
    #1988,#1996,#2004,#2012,#2020,#2029,#2037,#2045));
#1919 = ORIENTED_EDGE('',*,*,#1920,.T.);
#1920 = EDGE_CURVE('',#1921,#1923,#1925,.T.);
#1921 = VERTEX_POINT('',#1922);
#1922 = CARTESIAN_POINT('',(173.659412,-136.881841,1.585));
#1923 = VERTEX_POINT('',#1924);
#1924 = CARTESIAN_POINT('',(173.697868,-136.86126,1.585));
#1925 = LINE('',#1926,#1927);
#1926 = CARTESIAN_POINT('',(173.659412,-136.881841,1.585));
#1927 = VECTOR('',#1928,1.);
#1928 = DIRECTION('',(0.881674852639,0.47185745117,0.));
#1929 = ORIENTED_EDGE('',*,*,#1930,.T.);
#1930 = EDGE_CURVE('',#1923,#1931,#1933,.T.);
#1931 = VERTEX_POINT('',#1932);
#1932 = CARTESIAN_POINT('',(173.719705,-136.86126,1.585));
#1933 = LINE('',#1934,#1935);
#1934 = CARTESIAN_POINT('',(173.697868,-136.86126,1.585));
#1935 = VECTOR('',#1936,1.);
#1936 = DIRECTION('',(1.,0.,0.));
#1937 = ORIENTED_EDGE('',*,*,#1938,.T.);
#1938 = EDGE_CURVE('',#1931,#1939,#1941,.T.);
#1939 = VERTEX_POINT('',#1940);
#1940 = CARTESIAN_POINT('',(173.7875,-136.934819,1.585));
#1941 = CIRCLE('',#1942,7.216898094227E-02);
#1942 = AXIS2_PLACEMENT_3D('',#1943,#1944,#1945);
#1943 = CARTESIAN_POINT('',(173.71534706389,-136.9332972834,1.585));
#1944 = DIRECTION('',(0.,0.,-1.));
#1945 = DIRECTION('',(6.038516895265E-02,0.998175150648,0.));
#1946 = ORIENTED_EDGE('',*,*,#1947,.T.);
#1947 = EDGE_CURVE('',#1939,#1948,#1950,.T.);
#1948 = VERTEX_POINT('',#1949);
#1949 = CARTESIAN_POINT('',(173.7875,-137.859819,1.585));
#1950 = LINE('',#1951,#1952);
#1951 = CARTESIAN_POINT('',(173.7875,-136.934819,1.585));
#1952 = VECTOR('',#1953,1.);
#1953 = DIRECTION('',(0.,-1.,0.));
#1954 = ORIENTED_EDGE('',*,*,#1955,.T.);
#1955 = EDGE_CURVE('',#1948,#1956,#1958,.T.);
#1956 = VERTEX_POINT('',#1957);
#1957 = CARTESIAN_POINT('',(174.012846,-137.86126,1.585));
#1958 = LINE('',#1959,#1960);
#1959 = CARTESIAN_POINT('',(173.7875,-137.859819,1.585));
#1960 = VECTOR('',#1961,1.);
#1961 = DIRECTION('',(0.999979555102,-6.394480216655E-03,0.));
#1962 = ORIENTED_EDGE('',*,*,#1963,.T.);
#1963 = EDGE_CURVE('',#1956,#1964,#1966,.T.);
#1964 = VERTEX_POINT('',#1965);
#1965 = CARTESIAN_POINT('',(173.998214,-138.009819,1.585));
#1966 = CIRCLE('',#1967,7.500006711465E-02);
#1967 = AXIS2_PLACEMENT_3D('',#1968,#1969,#1970);
#1968 = CARTESIAN_POINT('',(173.99821406711,-137.9348189328,1.585));
#1969 = DIRECTION('',(0.,0.,-1.));
#1970 = DIRECTION('',(0.195092263891,0.980784894138,0.));
#1971 = ORIENTED_EDGE('',*,*,#1972,.T.);
#1972 = EDGE_CURVE('',#1964,#1973,#1975,.T.);
#1973 = VERTEX_POINT('',#1974);
#1974 = CARTESIAN_POINT('',(173.412154,-138.008378,1.585));
#1975 = LINE('',#1976,#1977);
#1976 = CARTESIAN_POINT('',(173.998214,-138.009819,1.585));
#1977 = VECTOR('',#1978,1.);
#1978 = DIRECTION('',(-0.999996977183,2.45878518261E-03,0.));
#1979 = ORIENTED_EDGE('',*,*,#1980,.T.);
#1980 = EDGE_CURVE('',#1973,#1981,#1983,.T.);
#1981 = VERTEX_POINT('',#1982);
#1982 = CARTESIAN_POINT('',(173.426786,-137.859819,1.585));
#1983 = CIRCLE('',#1984,7.500006711464E-02);
#1984 = AXIS2_PLACEMENT_3D('',#1985,#1986,#1987);
#1985 = CARTESIAN_POINT('',(173.42678593288,-137.9348190671,1.585));
#1986 = DIRECTION('',(0.,0.,-1.));
#1987 = DIRECTION('',(-0.195092263891,-0.980784894138,-0.));
#1988 = ORIENTED_EDGE('',*,*,#1989,.T.);
#1989 = EDGE_CURVE('',#1981,#1990,#1992,.T.);
#1990 = VERTEX_POINT('',#1991);
#1991 = CARTESIAN_POINT('',(173.6375,-137.859819,1.585));
#1992 = LINE('',#1993,#1994);
#1993 = CARTESIAN_POINT('',(173.426786,-137.859819,1.585));
#1994 = VECTOR('',#1995,1.);
#1995 = DIRECTION('',(1.,0.,0.));
#1996 = ORIENTED_EDGE('',*,*,#1997,.T.);
#1997 = EDGE_CURVE('',#1990,#1998,#2000,.T.);
#1998 = VERTEX_POINT('',#1999);
#1999 = CARTESIAN_POINT('',(173.6375,-137.163504,1.585));
#2000 = LINE('',#2001,#2002);
#2001 = CARTESIAN_POINT('',(173.6375,-137.859819,1.585));
#2002 = VECTOR('',#2003,1.);
#2003 = DIRECTION('',(0.,1.,0.));
#2004 = ORIENTED_EDGE('',*,*,#2005,.T.);
#2005 = EDGE_CURVE('',#1998,#2006,#2008,.T.);
#2006 = VERTEX_POINT('',#2007);
#2007 = CARTESIAN_POINT('',(173.561864,-137.236031,1.585));
#2008 = LINE('',#2009,#2010);
#2009 = CARTESIAN_POINT('',(173.6375,-137.163504,1.585));
#2010 = VECTOR('',#2011,1.);
#2011 = DIRECTION('',(-0.721785571395,-0.692116745156,0.));
#2012 = ORIENTED_EDGE('',*,*,#2013,.T.);
#2013 = EDGE_CURVE('',#2006,#2014,#2016,.T.);
#2014 = VERTEX_POINT('',#2015);
#2015 = CARTESIAN_POINT('',(173.446595,-137.29287,1.585));
#2016 = LINE('',#2017,#2018);
#2017 = CARTESIAN_POINT('',(173.561864,-137.236031,1.585));
#2018 = VECTOR('',#2019,1.);
#2019 = DIRECTION('',(-0.896889346494,-0.442255017094,0.));
#2020 = ORIENTED_EDGE('',*,*,#2021,.T.);
#2021 = EDGE_CURVE('',#2014,#2022,#2024,.T.);
#2022 = VERTEX_POINT('',#2023);
#2023 = CARTESIAN_POINT('',(173.393245,-137.153451,1.585));
#2024 = CIRCLE('',#2025,7.500005272361E-02);
#2025 = AXIS2_PLACEMENT_3D('',#2026,#2027,#2028);
#2026 = CARTESIAN_POINT('',(173.42678555676,-137.2205333297,1.585));
#2027 = DIRECTION('',(0.,0.,-1.));
#2028 = DIRECTION('',(0.264125724196,-0.964488259036,0.));
#2029 = ORIENTED_EDGE('',*,*,#2030,.T.);
#2030 = EDGE_CURVE('',#2022,#2031,#2033,.T.);
#2031 = VERTEX_POINT('',#2032);
#2032 = CARTESIAN_POINT('',(173.477597,-137.111275,1.585));
#2033 = LINE('',#2034,#2035);
#2034 = CARTESIAN_POINT('',(173.393245,-137.153451,1.585));
#2035 = VECTOR('',#2036,1.);
#2036 = DIRECTION('',(0.894427191,0.4472135955,0.));
#2037 = ORIENTED_EDGE('',*,*,#2038,.T.);
#2038 = EDGE_CURVE('',#2031,#2039,#2041,.T.);
#2039 = VERTEX_POINT('',#2040);
#2040 = CARTESIAN_POINT('',(173.558976,-137.029896,1.585));
#2041 = LINE('',#2042,#2043);
#2042 = CARTESIAN_POINT('',(173.477597,-137.111275,1.585));
#2043 = VECTOR('',#2044,1.);
#2044 = DIRECTION('',(0.707106781187,0.707106781187,0.));
#2045 = ORIENTED_EDGE('',*,*,#2046,.T.);
#2046 = EDGE_CURVE('',#2039,#1921,#2047,.T.);
#2047 = LINE('',#2048,#2049);
#2048 = CARTESIAN_POINT('',(173.558976,-137.029896,1.585));
#2049 = VECTOR('',#2050,1.);
#2050 = DIRECTION('',(0.561387006404,0.82755339951,0.));
#2051 = PLANE('',#2052);
#2052 = AXIS2_PLACEMENT_3D('',#2053,#2054,#2055);
#2053 = CARTESIAN_POINT('',(0.,0.,1.585));
#2054 = DIRECTION('',(0.,0.,1.));
#2055 = DIRECTION('',(1.,0.,-0.));
#2056 = SHELL_BASED_SURFACE_MODEL('',(#2057));
#2057 = OPEN_SHELL('',(#2058));
#2058 = ADVANCED_FACE('',(#2059,#2170),#2222,.T.);
#2059 = FACE_BOUND('',#2060,.F.);
#2060 = EDGE_LOOP('',(#2061,#2072,#2080,#2089,#2097,#2106,#2114,#2122,
    #2131,#2139,#2147,#2155,#2164));
#2061 = ORIENTED_EDGE('',*,*,#2062,.T.);
#2062 = EDGE_CURVE('',#2063,#2065,#2067,.T.);
#2063 = VERTEX_POINT('',#2064);
#2064 = CARTESIAN_POINT('',(172.400846,-136.920187,1.585));
#2065 = VERTEX_POINT('',#2066);
#2066 = CARTESIAN_POINT('',(172.474405,-136.859819,1.585));
#2067 = CIRCLE('',#2068,7.500074938983E-02);
#2068 = AXIS2_PLACEMENT_3D('',#2069,#2070,#2071);
#2069 = CARTESIAN_POINT('',(172.47440546611,-136.9348197493,1.585));
#2070 = DIRECTION('',(0.,0.,-1.));
#2071 = DIRECTION('',(-0.980783081614,0.195101375752,0.));
#2072 = ORIENTED_EDGE('',*,*,#2073,.T.);
#2073 = EDGE_CURVE('',#2065,#2074,#2076,.T.);
#2074 = VERTEX_POINT('',#2075);
#2075 = CARTESIAN_POINT('',(172.869989,-136.86126,1.585));
#2076 = LINE('',#2077,#2078);
#2077 = CARTESIAN_POINT('',(172.474405,-136.859819,1.585));
#2078 = VECTOR('',#2079,1.);
#2079 = DIRECTION('',(0.999993365378,-3.64269141196E-03,0.));
#2080 = ORIENTED_EDGE('',*,*,#2081,.T.);
#2081 = EDGE_CURVE('',#2074,#2082,#2084,.T.);
#2082 = VERTEX_POINT('',#2083);
#2083 = CARTESIAN_POINT('',(173.119392,-137.110663,1.585));
#2084 = CIRCLE('',#2085,0.347870264855);
#2085 = AXIS2_PLACEMENT_3D('',#2086,#2087,#2088);
#2086 = CARTESIAN_POINT('',(172.78266126502,-137.1979907349,1.585));
#2087 = DIRECTION('',(0.,0.,-1.));
#2088 = DIRECTION('',(0.251035353679,0.967977918758,0.));
#2089 = ORIENTED_EDGE('',*,*,#2090,.T.);
#2090 = EDGE_CURVE('',#2082,#2091,#2093,.T.);
#2091 = VERTEX_POINT('',#2092);
#2092 = CARTESIAN_POINT('',(173.11817,-137.287962,1.585));
#2093 = LINE('',#2094,#2095);
#2094 = CARTESIAN_POINT('',(173.119392,-137.110663,1.585));
#2095 = VECTOR('',#2096,1.);
#2096 = DIRECTION('',(-6.892148157212E-03,-0.999976248865,0.));
#2097 = ORIENTED_EDGE('',*,*,#2098,.T.);
#2098 = EDGE_CURVE('',#2091,#2099,#2101,.T.);
#2099 = VERTEX_POINT('',#2100);
#2100 = CARTESIAN_POINT('',(172.869989,-137.532187,1.585));
#2101 = CIRCLE('',#2102,0.348632345849);
#2102 = AXIS2_PLACEMENT_3D('',#2103,#2104,#2105);
#2103 = CARTESIAN_POINT('',(172.78222019403,-137.1947834593,1.585));
#2104 = DIRECTION('',(0.,0.,-1.));
#2105 = DIRECTION('',(0.963622021775,-0.267268776985,0.));
#2106 = ORIENTED_EDGE('',*,*,#2107,.T.);
#2107 = EDGE_CURVE('',#2099,#2108,#2110,.T.);
#2108 = VERTEX_POINT('',#2109);
#2109 = CARTESIAN_POINT('',(172.856472,-137.533518,1.585));
#2110 = LINE('',#2111,#2112);
#2111 = CARTESIAN_POINT('',(172.869989,-137.532187,1.585));
#2112 = VECTOR('',#2113,1.);
#2113 = DIRECTION('',(-0.995186940545,-9.799465989924E-02,0.));
#2114 = ORIENTED_EDGE('',*,*,#2115,.T.);
#2115 = EDGE_CURVE('',#2108,#2116,#2118,.T.);
#2116 = VERTEX_POINT('',#2117);
#2117 = CARTESIAN_POINT('',(173.114486,-137.904623,1.585));
#2118 = LINE('',#2119,#2120);
#2119 = CARTESIAN_POINT('',(172.856472,-137.533518,1.585));
#2120 = VECTOR('',#2121,1.);
#2121 = DIRECTION('',(0.570846789809,-0.821056601316,0.));
#2122 = ORIENTED_EDGE('',*,*,#2123,.T.);
#2123 = EDGE_CURVE('',#2116,#2124,#2126,.T.);
#2124 = VERTEX_POINT('',#2125);
#2125 = CARTESIAN_POINT('',(172.984391,-137.977829,1.585));
#2126 = CIRCLE('',#2127,7.500005951704E-02);
#2127 = AXIS2_PLACEMENT_3D('',#2128,#2129,#2130);
#2128 = CARTESIAN_POINT('',(173.04583306294,-137.9348187473,1.585));
#2129 = DIRECTION('',(0.,0.,-1.));
#2130 = DIRECTION('',(0.915371767708,0.402609645791,0.));
#2131 = ORIENTED_EDGE('',*,*,#2132,.T.);
#2132 = EDGE_CURVE('',#2124,#2133,#2135,.T.);
#2133 = VERTEX_POINT('',#2134);
#2134 = CARTESIAN_POINT('',(172.673451,-137.533628,1.585));
#2135 = LINE('',#2136,#2137);
#2136 = CARTESIAN_POINT('',(172.984391,-137.977829,1.585));
#2137 = VECTOR('',#2138,1.);
#2138 = DIRECTION('',(-0.573461477921,0.819232527028,0.));
#2139 = ORIENTED_EDGE('',*,*,#2140,.T.);
#2140 = EDGE_CURVE('',#2133,#2141,#2143,.T.);
#2141 = VERTEX_POINT('',#2142);
#2142 = CARTESIAN_POINT('',(172.549405,-137.533628,1.585));
#2143 = LINE('',#2144,#2145);
#2144 = CARTESIAN_POINT('',(172.673451,-137.533628,1.585));
#2145 = VECTOR('',#2146,1.);
#2146 = DIRECTION('',(-1.,0.,0.));
#2147 = ORIENTED_EDGE('',*,*,#2148,.T.);
#2148 = EDGE_CURVE('',#2141,#2149,#2151,.T.);
#2149 = VERTEX_POINT('',#2150);
#2150 = CARTESIAN_POINT('',(172.547964,-137.949451,1.585));
#2151 = LINE('',#2152,#2153);
#2152 = CARTESIAN_POINT('',(172.549405,-137.533628,1.585));
#2153 = VECTOR('',#2154,1.);
#2154 = DIRECTION('',(-3.465395967783E-03,-0.999993995497,0.));
#2155 = ORIENTED_EDGE('',*,*,#2156,.T.);
#2156 = EDGE_CURVE('',#2149,#2157,#2159,.T.);
#2157 = VERTEX_POINT('',#2158);
#2158 = CARTESIAN_POINT('',(172.399405,-137.934819,1.585));
#2159 = CIRCLE('',#2160,7.500006711465E-02);
#2160 = AXIS2_PLACEMENT_3D('',#2161,#2162,#2163);
#2161 = CARTESIAN_POINT('',(172.47440506711,-137.9348190671,1.585));
#2162 = DIRECTION('',(-0.,0.,-1.));
#2163 = DIRECTION('',(0.980784894138,-0.195092263892,-0.));
#2164 = ORIENTED_EDGE('',*,*,#2165,.T.);
#2165 = EDGE_CURVE('',#2157,#2063,#2166,.T.);
#2166 = LINE('',#2167,#2168);
#2167 = CARTESIAN_POINT('',(172.399405,-137.934819,1.585));
#2168 = VECTOR('',#2169,1.);
#2169 = DIRECTION('',(1.420217918158E-03,0.99999899149,0.));
#2170 = FACE_BOUND('',#2171,.F.);
#2171 = EDGE_LOOP('',(#2172,#2183,#2191,#2199,#2207,#2216));
#2172 = ORIENTED_EDGE('',*,*,#2173,.T.);
#2173 = EDGE_CURVE('',#2174,#2176,#2178,.T.);
#2174 = VERTEX_POINT('',#2175);
#2175 = CARTESIAN_POINT('',(172.970833,-137.143,1.585));
#2176 = VERTEX_POINT('',#2177);
#2177 = CARTESIAN_POINT('',(172.837652,-137.009819,1.585));
#2178 = CIRCLE('',#2179,0.18686440374);
#2179 = AXIS2_PLACEMENT_3D('',#2180,#2181,#2182);
#2180 = CARTESIAN_POINT('',(172.790116,-137.190536,1.585));
#2181 = DIRECTION('',(0.,0.,1.));
#2182 = DIRECTION('',(0.967102328658,0.254387668538,-0.));
#2183 = ORIENTED_EDGE('',*,*,#2184,.T.);
#2184 = EDGE_CURVE('',#2176,#2185,#2187,.T.);
#2185 = VERTEX_POINT('',#2186);
#2186 = CARTESIAN_POINT('',(172.549405,-137.009819,1.585));
#2187 = LINE('',#2188,#2189);
#2188 = CARTESIAN_POINT('',(172.837652,-137.009819,1.585));
#2189 = VECTOR('',#2190,1.);
#2190 = DIRECTION('',(-1.,0.,0.));
#2191 = ORIENTED_EDGE('',*,*,#2192,.T.);
#2192 = EDGE_CURVE('',#2185,#2193,#2195,.T.);
#2193 = VERTEX_POINT('',#2194);
#2194 = CARTESIAN_POINT('',(172.549405,-137.383628,1.585));
#2195 = LINE('',#2196,#2197);
#2196 = CARTESIAN_POINT('',(172.549405,-137.009819,1.585));
#2197 = VECTOR('',#2198,1.);
#2198 = DIRECTION('',(0.,-1.,0.));
#2199 = ORIENTED_EDGE('',*,*,#2200,.T.);
#2200 = EDGE_CURVE('',#2193,#2201,#2203,.T.);
#2201 = VERTEX_POINT('',#2202);
#2202 = CARTESIAN_POINT('',(172.837652,-137.383628,1.585));
#2203 = LINE('',#2204,#2205);
#2204 = CARTESIAN_POINT('',(172.549405,-137.383628,1.585));
#2205 = VECTOR('',#2206,1.);
#2206 = DIRECTION('',(1.,0.,0.));
#2207 = ORIENTED_EDGE('',*,*,#2208,.T.);
#2208 = EDGE_CURVE('',#2201,#2209,#2211,.T.);
#2209 = VERTEX_POINT('',#2210);
#2210 = CARTESIAN_POINT('',(172.970833,-137.250447,1.585));
#2211 = CIRCLE('',#2212,0.18686440374);
#2212 = AXIS2_PLACEMENT_3D('',#2213,#2214,#2215);
#2213 = CARTESIAN_POINT('',(172.790116,-137.202911,1.585));
#2214 = DIRECTION('',(0.,0.,1.));
#2215 = DIRECTION('',(0.254387668537,-0.967102328658,0.));
#2216 = ORIENTED_EDGE('',*,*,#2217,.T.);
#2217 = EDGE_CURVE('',#2209,#2174,#2218,.T.);
#2218 = LINE('',#2219,#2220);
#2219 = CARTESIAN_POINT('',(172.970833,-137.250447,1.585));
#2220 = VECTOR('',#2221,1.);
#2221 = DIRECTION('',(0.,1.,0.));
#2222 = PLANE('',#2223);
#2223 = AXIS2_PLACEMENT_3D('',#2224,#2225,#2226);
#2224 = CARTESIAN_POINT('',(0.,0.,1.585));
#2225 = DIRECTION('',(0.,0.,1.));
#2226 = DIRECTION('',(1.,0.,-0.));
#2227 = SHELL_BASED_SURFACE_MODEL('',(#2228));
#2228 = OPEN_SHELL('',(#2229));
#2229 = ADVANCED_FACE('',(#2230),#2241,.T.);
#2230 = FACE_BOUND('',#2231,.T.);
#2231 = EDGE_LOOP('',(#2232));
#2232 = ORIENTED_EDGE('',*,*,#2233,.T.);
#2233 = EDGE_CURVE('',#2234,#2234,#2236,.T.);
#2234 = VERTEX_POINT('',#2235);
#2235 = CARTESIAN_POINT('',(173.869999,-133.13,1.585));
#2236 = CIRCLE('',#2237,0.799999);
#2237 = AXIS2_PLACEMENT_3D('',#2238,#2239,#2240);
#2238 = CARTESIAN_POINT('',(173.07,-133.13,1.585));
#2239 = DIRECTION('',(0.,0.,1.));
#2240 = DIRECTION('',(1.,0.,-0.));
#2241 = PLANE('',#2242);
#2242 = AXIS2_PLACEMENT_3D('',#2243,#2244,#2245);
#2243 = CARTESIAN_POINT('',(0.,0.,1.585));
#2244 = DIRECTION('',(0.,0.,1.));
#2245 = DIRECTION('',(1.,0.,-0.));
#2246 = SHELL_BASED_SURFACE_MODEL('',(#2247));
#2247 = OPEN_SHELL('',(#2248));
#2248 = ADVANCED_FACE('',(#2249),#2349,.T.);
#2249 = FACE_BOUND('',#2250,.F.);
#2250 = EDGE_LOOP('',(#2251,#2261,#2269,#2277,#2285,#2294,#2302,#2310,
    #2318,#2326,#2334,#2343));
#2251 = ORIENTED_EDGE('',*,*,#2252,.T.);
#2252 = EDGE_CURVE('',#2253,#2255,#2257,.T.);
#2253 = VERTEX_POINT('',#2254);
#2254 = CARTESIAN_POINT('',(173.866148,-125.13,1.585));
#2255 = VERTEX_POINT('',#2256);
#2256 = CARTESIAN_POINT('',(173.87,-125.13,1.585));
#2257 = LINE('',#2258,#2259);
#2258 = CARTESIAN_POINT('',(173.866148,-125.13,1.585));
#2259 = VECTOR('',#2260,1.);
#2260 = DIRECTION('',(1.,0.,0.));
#2261 = ORIENTED_EDGE('',*,*,#2262,.T.);
#2262 = EDGE_CURVE('',#2255,#2263,#2265,.T.);
#2263 = VERTEX_POINT('',#2264);
#2264 = CARTESIAN_POINT('',(173.47,-131.13,1.585));
#2265 = LINE('',#2266,#2267);
#2266 = CARTESIAN_POINT('',(173.87,-125.13,1.585));
#2267 = VECTOR('',#2268,1.);
#2268 = DIRECTION('',(-6.651901052377E-02,-0.997785157857,0.));
#2269 = ORIENTED_EDGE('',*,*,#2270,.T.);
#2270 = EDGE_CURVE('',#2263,#2271,#2273,.T.);
#2271 = VERTEX_POINT('',#2272);
#2272 = CARTESIAN_POINT('',(173.466578,-131.13,1.585));
#2273 = LINE('',#2274,#2275);
#2274 = CARTESIAN_POINT('',(173.47,-131.13,1.585));
#2275 = VECTOR('',#2276,1.);
#2276 = DIRECTION('',(-1.,0.,0.));
#2277 = ORIENTED_EDGE('',*,*,#2278,.T.);
#2278 = EDGE_CURVE('',#2271,#2279,#2281,.T.);
#2279 = VERTEX_POINT('',#2280);
#2280 = CARTESIAN_POINT('',(173.466578,-131.18221,1.585));
#2281 = LINE('',#2282,#2283);
#2282 = CARTESIAN_POINT('',(173.466578,-131.13,1.585));
#2283 = VECTOR('',#2284,1.);
#2284 = DIRECTION('',(0.,-1.,0.));
#2285 = ORIENTED_EDGE('',*,*,#2286,.T.);
#2286 = EDGE_CURVE('',#2279,#2287,#2289,.T.);
#2287 = VERTEX_POINT('',#2288);
#2288 = CARTESIAN_POINT('',(172.673422,-131.18221,1.585));
#2289 = CIRCLE('',#2290,0.39999999273);
#2290 = AXIS2_PLACEMENT_3D('',#2291,#2292,#2293);
#2291 = CARTESIAN_POINT('',(173.07,-131.13,1.585));
#2292 = DIRECTION('',(-0.,0.,-1.));
#2293 = DIRECTION('',(0.99144501802,-0.130525002372,-0.));
#2294 = ORIENTED_EDGE('',*,*,#2295,.T.);
#2295 = EDGE_CURVE('',#2287,#2296,#2298,.T.);
#2296 = VERTEX_POINT('',#2297);
#2297 = CARTESIAN_POINT('',(172.673422,-131.13,1.585));
#2298 = LINE('',#2299,#2300);
#2299 = CARTESIAN_POINT('',(172.673422,-131.18221,1.585));
#2300 = VECTOR('',#2301,1.);
#2301 = DIRECTION('',(0.,1.,0.));
#2302 = ORIENTED_EDGE('',*,*,#2303,.T.);
#2303 = EDGE_CURVE('',#2296,#2304,#2306,.T.);
#2304 = VERTEX_POINT('',#2305);
#2305 = CARTESIAN_POINT('',(172.67,-131.13,1.585));
#2306 = LINE('',#2307,#2308);
#2307 = CARTESIAN_POINT('',(172.673422,-131.13,1.585));
#2308 = VECTOR('',#2309,1.);
#2309 = DIRECTION('',(-1.,0.,0.));
#2310 = ORIENTED_EDGE('',*,*,#2311,.T.);
#2311 = EDGE_CURVE('',#2304,#2312,#2314,.T.);
#2312 = VERTEX_POINT('',#2313);
#2313 = CARTESIAN_POINT('',(172.27,-125.13,1.585));
#2314 = LINE('',#2315,#2316);
#2315 = CARTESIAN_POINT('',(172.67,-131.13,1.585));
#2316 = VECTOR('',#2317,1.);
#2317 = DIRECTION('',(-6.651901052377E-02,0.997785157857,0.));
#2318 = ORIENTED_EDGE('',*,*,#2319,.T.);
#2319 = EDGE_CURVE('',#2312,#2320,#2322,.T.);
#2320 = VERTEX_POINT('',#2321);
#2321 = CARTESIAN_POINT('',(172.273852,-125.13,1.585));
#2322 = LINE('',#2323,#2324);
#2323 = CARTESIAN_POINT('',(172.27,-125.13,1.585));
#2324 = VECTOR('',#2325,1.);
#2325 = DIRECTION('',(1.,0.,0.));
#2326 = ORIENTED_EDGE('',*,*,#2327,.T.);
#2327 = EDGE_CURVE('',#2320,#2328,#2330,.T.);
#2328 = VERTEX_POINT('',#2329);
#2329 = CARTESIAN_POINT('',(172.273852,-125.051586,1.585));
#2330 = LINE('',#2331,#2332);
#2331 = CARTESIAN_POINT('',(172.273852,-125.13,1.585));
#2332 = VECTOR('',#2333,1.);
#2333 = DIRECTION('',(0.,1.,0.));
#2334 = ORIENTED_EDGE('',*,*,#2335,.T.);
#2335 = EDGE_CURVE('',#2328,#2336,#2338,.T.);
#2336 = VERTEX_POINT('',#2337);
#2337 = CARTESIAN_POINT('',(173.866148,-125.051586,1.585));
#2338 = CIRCLE('',#2339,0.800000298763);
#2339 = AXIS2_PLACEMENT_3D('',#2340,#2341,#2342);
#2340 = CARTESIAN_POINT('',(173.07,-125.1300005402,1.585));
#2341 = DIRECTION('',(0.,0.,-1.));
#2342 = DIRECTION('',(-0.995184628345,9.801813865973E-02,0.));
#2343 = ORIENTED_EDGE('',*,*,#2344,.T.);
#2344 = EDGE_CURVE('',#2336,#2253,#2345,.T.);
#2345 = LINE('',#2346,#2347);
#2346 = CARTESIAN_POINT('',(173.866148,-125.051586,1.585));
#2347 = VECTOR('',#2348,1.);
#2348 = DIRECTION('',(0.,-1.,0.));
#2349 = PLANE('',#2350);
#2350 = AXIS2_PLACEMENT_3D('',#2351,#2352,#2353);
#2351 = CARTESIAN_POINT('',(0.,0.,1.585));
#2352 = DIRECTION('',(0.,0.,1.));
#2353 = DIRECTION('',(1.,0.,-0.));
#2354 = SHELL_BASED_SURFACE_MODEL('',(#2355));
#2355 = OPEN_SHELL('',(#2356));
#2356 = ADVANCED_FACE('',(#2357,#2426),#2468,.T.);
#2357 = FACE_BOUND('',#2358,.F.);
#2358 = EDGE_LOOP('',(#2359,#2370,#2378,#2387,#2395,#2404,#2412,#2420));
#2359 = ORIENTED_EDGE('',*,*,#2360,.T.);
#2360 = EDGE_CURVE('',#2361,#2363,#2365,.T.);
#2361 = VERTEX_POINT('',#2362);
#2362 = CARTESIAN_POINT('',(172.826531,-120.882631,1.585));
#2363 = VERTEX_POINT('',#2364);
#2364 = CARTESIAN_POINT('',(173.416433,-121.000039,1.585));
#2365 = CIRCLE('',#2366,0.400010521159);
#2366 = AXIS2_PLACEMENT_3D('',#2367,#2368,#2369);
#2367 = CARTESIAN_POINT('',(173.06999696149,-121.2000152192,1.585));
#2368 = DIRECTION('',(0.,0.,-1.));
#2369 = DIRECTION('',(-0.608648894517,0.793439678364,0.));
#2370 = ORIENTED_EDGE('',*,*,#2371,.T.);
#2371 = EDGE_CURVE('',#2363,#2372,#2374,.T.);
#2372 = VERTEX_POINT('',#2373);
#2373 = CARTESIAN_POINT('',(181.416433,-134.860039,1.585));
#2374 = LINE('',#2375,#2376);
#2375 = CARTESIAN_POINT('',(173.416433,-121.000039,1.585));
#2376 = VECTOR('',#2377,1.);
#2377 = DIRECTION('',(0.499902762748,-0.86608153646,0.));
#2378 = ORIENTED_EDGE('',*,*,#2379,.T.);
#2379 = EDGE_CURVE('',#2372,#2380,#2382,.T.);
#2380 = VERTEX_POINT('',#2381);
#2381 = CARTESIAN_POINT('',(181.07,-135.46,1.585));
#2382 = CIRCLE('',#2383,0.40000028848);
#2383 = AXIS2_PLACEMENT_3D('',#2384,#2385,#2386);
#2384 = CARTESIAN_POINT('',(181.06999982515,-135.0599997115,1.585));
#2385 = DIRECTION('',(0.,0.,-1.));
#2386 = DIRECTION('',(0.866082312492,0.499901418269,0.));
#2387 = ORIENTED_EDGE('',*,*,#2388,.T.);
#2388 = EDGE_CURVE('',#2380,#2389,#2391,.T.);
#2389 = VERTEX_POINT('',#2390);
#2390 = CARTESIAN_POINT('',(165.07,-135.46,1.585));
#2391 = LINE('',#2392,#2393);
#2392 = CARTESIAN_POINT('',(181.07,-135.46,1.585));
#2393 = VECTOR('',#2394,1.);
#2394 = DIRECTION('',(-1.,0.,0.));
#2395 = ORIENTED_EDGE('',*,*,#2396,.T.);
#2396 = EDGE_CURVE('',#2389,#2397,#2399,.T.);
#2397 = VERTEX_POINT('',#2398);
#2398 = CARTESIAN_POINT('',(164.723567,-134.860039,1.585));
#2399 = CIRCLE('',#2400,0.400000268147);
#2400 = AXIS2_PLACEMENT_3D('',#2401,#2402,#2403);
#2401 = CARTESIAN_POINT('',(165.07000013963,-135.0599997318,1.585));
#2402 = DIRECTION('',(0.,0.,-1.));
#2403 = DIRECTION('',(-3.490776881133E-07,-1.,-0.));
#2404 = ORIENTED_EDGE('',*,*,#2405,.T.);
#2405 = EDGE_CURVE('',#2397,#2406,#2408,.T.);
#2406 = VERTEX_POINT('',#2407);
#2407 = CARTESIAN_POINT('',(172.723567,-121.000039,1.585));
#2408 = LINE('',#2409,#2410);
#2409 = CARTESIAN_POINT('',(164.723567,-134.860039,1.585));
#2410 = VECTOR('',#2411,1.);
#2411 = DIRECTION('',(0.499902762748,0.86608153646,0.));
#2412 = ORIENTED_EDGE('',*,*,#2413,.T.);
#2413 = EDGE_CURVE('',#2406,#2414,#2416,.T.);
#2414 = VERTEX_POINT('',#2415);
#2415 = CARTESIAN_POINT('',(172.752686,-120.956459,1.585));
#2416 = LINE('',#2417,#2418);
#2417 = CARTESIAN_POINT('',(172.723567,-121.000039,1.585));
#2418 = VECTOR('',#2419,1.);
#2419 = DIRECTION('',(0.555567264676,0.831471595679,0.));
#2420 = ORIENTED_EDGE('',*,*,#2421,.T.);
#2421 = EDGE_CURVE('',#2414,#2361,#2422,.T.);
#2422 = LINE('',#2423,#2424);
#2423 = CARTESIAN_POINT('',(172.752686,-120.956459,1.585));
#2424 = VECTOR('',#2425,1.);
#2425 = DIRECTION('',(0.707188178079,0.707025374923,0.));
#2426 = FACE_BOUND('',#2427,.F.);
#2427 = EDGE_LOOP('',(#2428,#2438,#2446,#2454,#2462));
#2428 = ORIENTED_EDGE('',*,*,#2429,.T.);
#2429 = EDGE_CURVE('',#2430,#2432,#2434,.T.);
#2430 = VERTEX_POINT('',#2431);
#2431 = CARTESIAN_POINT('',(180.148155,-134.66,1.585));
#2432 = VERTEX_POINT('',#2433);
#2433 = CARTESIAN_POINT('',(180.269572,-134.473414,1.585));
#2434 = LINE('',#2435,#2436);
#2435 = CARTESIAN_POINT('',(180.148155,-134.66,1.585));
#2436 = VECTOR('',#2437,1.);
#2437 = DIRECTION('',(0.545418068565,0.838164142923,0.));
#2438 = ORIENTED_EDGE('',*,*,#2439,.T.);
#2439 = EDGE_CURVE('',#2432,#2440,#2442,.T.);
#2440 = VERTEX_POINT('',#2441);
#2441 = CARTESIAN_POINT('',(173.07,-122.000156,1.585));
#2442 = LINE('',#2443,#2444);
#2443 = CARTESIAN_POINT('',(180.269572,-134.473414,1.585));
#2444 = VECTOR('',#2445,1.);
#2445 = DIRECTION('',(-0.499902777478,0.866081527958,0.));
#2446 = ORIENTED_EDGE('',*,*,#2447,.T.);
#2447 = EDGE_CURVE('',#2440,#2448,#2450,.T.);
#2448 = VERTEX_POINT('',#2449);
#2449 = CARTESIAN_POINT('',(165.845507,-134.516588,1.585));
#2450 = LINE('',#2451,#2452);
#2451 = CARTESIAN_POINT('',(173.07,-122.000156,1.585));
#2452 = VECTOR('',#2453,1.);
#2453 = DIRECTION('',(-0.499902826335,-0.866081499758,0.));
#2454 = ORIENTED_EDGE('',*,*,#2455,.T.);
#2455 = EDGE_CURVE('',#2448,#2456,#2458,.T.);
#2456 = VERTEX_POINT('',#2457);
#2457 = CARTESIAN_POINT('',(165.93883,-134.66,1.585));
#2458 = LINE('',#2459,#2460);
#2459 = CARTESIAN_POINT('',(165.845507,-134.516588,1.585));
#2460 = VECTOR('',#2461,1.);
#2461 = DIRECTION('',(0.545420499546,-0.838162561008,0.));
#2462 = ORIENTED_EDGE('',*,*,#2463,.T.);
#2463 = EDGE_CURVE('',#2456,#2430,#2464,.T.);
#2464 = LINE('',#2465,#2466);
#2465 = CARTESIAN_POINT('',(165.93883,-134.66,1.585));
#2466 = VECTOR('',#2467,1.);
#2467 = DIRECTION('',(1.,0.,0.));
#2468 = PLANE('',#2469);
#2469 = AXIS2_PLACEMENT_3D('',#2470,#2471,#2472);
#2470 = CARTESIAN_POINT('',(0.,0.,1.585));
#2471 = DIRECTION('',(0.,0.,1.));
#2472 = DIRECTION('',(1.,0.,-0.));
#2473 = ( GEOMETRIC_REPRESENTATION_CONTEXT(3) 
GLOBAL_UNCERTAINTY_ASSIGNED_CONTEXT((#2477)) 
GLOBAL_UNIT_ASSIGNED_CONTEXT((#2474,#2475,#2476)) REPRESENTATION_CONTEXT
('Context #1','3D Context with UNIT and UNCERTAINTY') );
#2474 = ( LENGTH_UNIT() NAMED_UNIT(*) SI_UNIT(.MILLI.,.METRE.) );
#2475 = ( NAMED_UNIT(*) PLANE_ANGLE_UNIT() SI_UNIT($,.RADIAN.) );
#2476 = ( NAMED_UNIT(*) SI_UNIT($,.STERADIAN.) SOLID_ANGLE_UNIT() );
#2477 = UNCERTAINTY_MEASURE_WITH_UNIT(LENGTH_MEASURE(1.E-07),#2474,
  'distance_accuracy_value','confusion accuracy');
#2478 = CONTEXT_DEPENDENT_SHAPE_REPRESENTATION(#2479,#2481);
#2479 = ( REPRESENTATION_RELATIONSHIP('','',#880,#10) 
REPRESENTATION_RELATIONSHIP_WITH_TRANSFORMATION(#2480) 
SHAPE_REPRESENTATION_RELATIONSHIP() );
#2480 = ITEM_DEFINED_TRANSFORMATION('','',#11,#19);
#2481 = PRODUCT_DEFINITION_SHAPE('Placement','Placement of an item',
  #2482);
#2482 = NEXT_ASSEMBLY_USAGE_OCCURRENCE('3','=>[0:1:1:4]','',#5,#875,$);
#2483 = PRODUCT_RELATED_PRODUCT_CATEGORY('part',$,(#877));
#2484 = SHAPE_DEFINITION_REPRESENTATION(#2485,#2491);
#2485 = PRODUCT_DEFINITION_SHAPE('','',#2486);
#2486 = PRODUCT_DEFINITION('design','',#2487,#2490);
#2487 = PRODUCT_DEFINITION_FORMATION('','',#2488);
#2488 = PRODUCT('HeatingElement_soldermask','HeatingElement_soldermask',
  '',(#2489));
#2489 = PRODUCT_CONTEXT('',#2,'mechanical');
#2490 = PRODUCT_DEFINITION_CONTEXT('part definition',#2,'design');
#2491 = MANIFOLD_SURFACE_SHAPE_REPRESENTATION('',(#11,#2492),#2610);
#2492 = SHELL_BASED_SURFACE_MODEL('',(#2493));
#2493 = OPEN_SHELL('',(#2494));
#2494 = ADVANCED_FACE('',(#2495),#2605,.T.);
#2495 = FACE_BOUND('',#2496,.F.);
#2496 = EDGE_LOOP('',(#2497,#2508,#2516,#2524,#2533,#2541,#2549,#2558,
    #2566,#2574,#2582,#2591,#2599));
#2497 = ORIENTED_EDGE('',*,*,#2498,.T.);
#2498 = EDGE_CURVE('',#2499,#2501,#2503,.T.);
#2499 = VERTEX_POINT('',#2500);
#2500 = CARTESIAN_POINT('',(123.028403,-60.068315,1.56));
#2501 = VERTEX_POINT('',#2502);
#2502 = CARTESIAN_POINT('',(128.027903,-55.169011,1.56));
#2503 = CIRCLE('',#2504,4.999607594331);
#2504 = AXIS2_PLACEMENT_3D('',#2505,#2506,#2507);
#2505 = CARTESIAN_POINT('',(128.02700433462,-60.16861851356,1.56));
#2506 = DIRECTION('',(0.,0.,-1.));
#2507 = DIRECTION('',(-0.999798732262,2.006227722326E-02,0.));
#2508 = ORIENTED_EDGE('',*,*,#2509,.T.);
#2509 = EDGE_CURVE('',#2501,#2510,#2512,.T.);
#2510 = VERTEX_POINT('',#2511);
#2511 = CARTESIAN_POINT('',(218.027903,-55.169011,1.56));
#2512 = LINE('',#2513,#2514);
#2513 = CARTESIAN_POINT('',(128.027903,-55.169011,1.56));
#2514 = VECTOR('',#2515,1.);
#2515 = DIRECTION('',(1.,0.,0.));
#2516 = ORIENTED_EDGE('',*,*,#2517,.T.);
#2517 = EDGE_CURVE('',#2510,#2518,#2520,.T.);
#2518 = VERTEX_POINT('',#2519);
#2519 = CARTESIAN_POINT('',(218.128598,-55.169512,1.56));
#2520 = LINE('',#2521,#2522);
#2521 = CARTESIAN_POINT('',(218.027903,-55.169011,1.56));
#2522 = VECTOR('',#2523,1.);
#2523 = DIRECTION('',(0.999987622824,-4.975359243602E-03,0.));
#2524 = ORIENTED_EDGE('',*,*,#2525,.T.);
#2525 = EDGE_CURVE('',#2518,#2526,#2528,.T.);
#2526 = VERTEX_POINT('',#2527);
#2527 = CARTESIAN_POINT('',(223.027903,-60.169011,1.56));
#2528 = CIRCLE('',#2529,4.999637590023);
#2529 = AXIS2_PLACEMENT_3D('',#2530,#2531,#2532);
#2530 = CARTESIAN_POINT('',(218.02826548536,-60.16814275432,1.56));
#2531 = DIRECTION('',(0.,0.,-1.));
#2532 = DIRECTION('',(2.006795749219E-02,0.999798618264,0.));
#2533 = ORIENTED_EDGE('',*,*,#2534,.T.);
#2534 = EDGE_CURVE('',#2526,#2535,#2537,.T.);
#2535 = VERTEX_POINT('',#2536);
#2536 = CARTESIAN_POINT('',(223.027903,-150.169011,1.56));
#2537 = LINE('',#2538,#2539);
#2538 = CARTESIAN_POINT('',(223.027903,-60.169011,1.56));
#2539 = VECTOR('',#2540,1.);
#2540 = DIRECTION('',(0.,-1.,0.));
#2541 = ORIENTED_EDGE('',*,*,#2542,.T.);
#2542 = EDGE_CURVE('',#2535,#2543,#2545,.T.);
#2543 = VERTEX_POINT('',#2544);
#2544 = CARTESIAN_POINT('',(223.027396,-150.269706,1.56));
#2545 = LINE('',#2546,#2547);
#2546 = CARTESIAN_POINT('',(223.027903,-150.169011,1.56));
#2547 = VECTOR('',#2548,1.);
#2548 = DIRECTION('',(-5.03494288265E-03,-0.999987324595,0.));
#2549 = ORIENTED_EDGE('',*,*,#2550,.T.);
#2550 = EDGE_CURVE('',#2543,#2551,#2553,.T.);
#2551 = VERTEX_POINT('',#2552);
#2552 = CARTESIAN_POINT('',(218.128598,-155.168496,1.56));
#2553 = CIRCLE('',#2554,5.000510429204);
#2554 = AXIS2_PLACEMENT_3D('',#2555,#2556,#2557);
#2555 = CARTESIAN_POINT('',(218.02789974834,-150.1689995838,1.56));
#2556 = DIRECTION('',(0.,0.,-1.));
#2557 = DIRECTION('',(0.999797185195,-2.013922729197E-02,0.));
#2558 = ORIENTED_EDGE('',*,*,#2559,.T.);
#2559 = EDGE_CURVE('',#2551,#2560,#2562,.T.);
#2560 = VERTEX_POINT('',#2561);
#2561 = CARTESIAN_POINT('',(218.027903,-155.169011,1.56));
#2562 = LINE('',#2563,#2564);
#2563 = CARTESIAN_POINT('',(218.128598,-155.168496,1.56));
#2564 = VECTOR('',#2565,1.);
#2565 = DIRECTION('',(-0.999986921434,-5.11438765128E-03,0.));
#2566 = ORIENTED_EDGE('',*,*,#2567,.T.);
#2567 = EDGE_CURVE('',#2560,#2568,#2570,.T.);
#2568 = VERTEX_POINT('',#2569);
#2569 = CARTESIAN_POINT('',(128.027903,-155.169011,1.56));
#2570 = LINE('',#2571,#2572);
#2571 = CARTESIAN_POINT('',(218.027903,-155.169011,1.56));
#2572 = VECTOR('',#2573,1.);
#2573 = DIRECTION('',(-1.,0.,0.));
#2574 = ORIENTED_EDGE('',*,*,#2575,.T.);
#2575 = EDGE_CURVE('',#2568,#2576,#2578,.T.);
#2576 = VERTEX_POINT('',#2577);
#2577 = CARTESIAN_POINT('',(127.927207,-155.168504,1.56));
#2578 = LINE('',#2579,#2580);
#2579 = CARTESIAN_POINT('',(128.027903,-155.169011,1.56));
#2580 = VECTOR('',#2581,1.);
#2581 = DIRECTION('',(-0.999987324847,5.034892882498E-03,0.));
#2582 = ORIENTED_EDGE('',*,*,#2583,.T.);
#2583 = EDGE_CURVE('',#2576,#2584,#2586,.T.);
#2584 = VERTEX_POINT('',#2585);
#2585 = CARTESIAN_POINT('',(123.027903,-150.169011,1.56));
#2586 = CIRCLE('',#2587,4.999616425272);
#2587 = AXIS2_PLACEMENT_3D('',#2588,#2589,#2590);
#2588 = CARTESIAN_POINT('',(128.02751934729,-150.1698940099,1.56));
#2589 = DIRECTION('',(0.,0.,-1.));
#2590 = DIRECTION('',(-2.006400866847E-02,-0.999798697517,-0.));
#2591 = ORIENTED_EDGE('',*,*,#2592,.T.);
#2592 = EDGE_CURVE('',#2584,#2593,#2595,.T.);
#2593 = VERTEX_POINT('',#2594);
#2594 = CARTESIAN_POINT('',(123.027903,-60.169011,1.56));
#2595 = LINE('',#2596,#2597);
#2596 = CARTESIAN_POINT('',(123.027903,-150.169011,1.56));
#2597 = VECTOR('',#2598,1.);
#2598 = DIRECTION('',(0.,1.,0.));
#2599 = ORIENTED_EDGE('',*,*,#2600,.T.);
#2600 = EDGE_CURVE('',#2593,#2499,#2601,.T.);
#2601 = LINE('',#2602,#2603);
#2602 = CARTESIAN_POINT('',(123.027903,-60.169011,1.56));
#2603 = VECTOR('',#2604,1.);
#2604 = DIRECTION('',(4.965379322083E-03,0.999987672428,0.));
#2605 = PLANE('',#2606);
#2606 = AXIS2_PLACEMENT_3D('',#2607,#2608,#2609);
#2607 = CARTESIAN_POINT('',(0.,0.,1.56));
#2608 = DIRECTION('',(0.,0.,1.));
#2609 = DIRECTION('',(1.,0.,-0.));
#2610 = ( GEOMETRIC_REPRESENTATION_CONTEXT(3) 
GLOBAL_UNCERTAINTY_ASSIGNED_CONTEXT((#2614)) 
GLOBAL_UNIT_ASSIGNED_CONTEXT((#2611,#2612,#2613)) REPRESENTATION_CONTEXT
('Context #1','3D Context with UNIT and UNCERTAINTY') );
#2611 = ( LENGTH_UNIT() NAMED_UNIT(*) SI_UNIT(.MILLI.,.METRE.) );
#2612 = ( NAMED_UNIT(*) PLANE_ANGLE_UNIT() SI_UNIT($,.RADIAN.) );
#2613 = ( NAMED_UNIT(*) SI_UNIT($,.STERADIAN.) SOLID_ANGLE_UNIT() );
#2614 = UNCERTAINTY_MEASURE_WITH_UNIT(LENGTH_MEASURE(1.E-07),#2611,
  'distance_accuracy_value','confusion accuracy');
#2615 = CONTEXT_DEPENDENT_SHAPE_REPRESENTATION(#2616,#2618);
#2616 = ( REPRESENTATION_RELATIONSHIP('','',#2491,#10) 
REPRESENTATION_RELATIONSHIP_WITH_TRANSFORMATION(#2617) 
SHAPE_REPRESENTATION_RELATIONSHIP() );
#2617 = ITEM_DEFINED_TRANSFORMATION('','',#11,#23);
#2618 = PRODUCT_DEFINITION_SHAPE('Placement','Placement of an item',
  #2619);
#2619 = NEXT_ASSEMBLY_USAGE_OCCURRENCE('4','=>[0:1:1:5]','',#5,#2486,$);
#2620 = PRODUCT_RELATED_PRODUCT_CATEGORY('part',$,(#2488));
#2621 = SHAPE_DEFINITION_REPRESENTATION(#2622,#2628);
#2622 = PRODUCT_DEFINITION_SHAPE('','',#2623);
#2623 = PRODUCT_DEFINITION('design','',#2624,#2627);
#2624 = PRODUCT_DEFINITION_FORMATION('','',#2625);
#2625 = PRODUCT('HeatingElement_soldermask','HeatingElement_soldermask',
  '',(#2626));
#2626 = PRODUCT_CONTEXT('',#2,'mechanical');
#2627 = PRODUCT_DEFINITION_CONTEXT('part definition',#2,'design');
#2628 = MANIFOLD_SURFACE_SHAPE_REPRESENTATION('',(#11,#2629),#2747);
#2629 = SHELL_BASED_SURFACE_MODEL('',(#2630));
#2630 = OPEN_SHELL('',(#2631));
#2631 = ADVANCED_FACE('',(#2632),#2742,.T.);
#2632 = FACE_BOUND('',#2633,.T.);
#2633 = EDGE_LOOP('',(#2634,#2645,#2653,#2661,#2670,#2678,#2686,#2695,
    #2703,#2711,#2719,#2728,#2736));
#2634 = ORIENTED_EDGE('',*,*,#2635,.T.);
#2635 = EDGE_CURVE('',#2636,#2638,#2640,.T.);
#2636 = VERTEX_POINT('',#2637);
#2637 = CARTESIAN_POINT('',(123.028403,-60.068315,-5.E-02));
#2638 = VERTEX_POINT('',#2639);
#2639 = CARTESIAN_POINT('',(128.027903,-55.169011,-5.E-02));
#2640 = CIRCLE('',#2641,4.999607594331);
#2641 = AXIS2_PLACEMENT_3D('',#2642,#2643,#2644);
#2642 = CARTESIAN_POINT('',(128.02700433462,-60.16861851356,-5.E-02));
#2643 = DIRECTION('',(0.,0.,-1.));
#2644 = DIRECTION('',(-0.999798732262,2.006227722326E-02,0.));
#2645 = ORIENTED_EDGE('',*,*,#2646,.T.);
#2646 = EDGE_CURVE('',#2638,#2647,#2649,.T.);
#2647 = VERTEX_POINT('',#2648);
#2648 = CARTESIAN_POINT('',(218.027903,-55.169011,-5.E-02));
#2649 = LINE('',#2650,#2651);
#2650 = CARTESIAN_POINT('',(128.027903,-55.169011,-5.E-02));
#2651 = VECTOR('',#2652,1.);
#2652 = DIRECTION('',(1.,0.,0.));
#2653 = ORIENTED_EDGE('',*,*,#2654,.T.);
#2654 = EDGE_CURVE('',#2647,#2655,#2657,.T.);
#2655 = VERTEX_POINT('',#2656);
#2656 = CARTESIAN_POINT('',(218.128598,-55.169512,-5.E-02));
#2657 = LINE('',#2658,#2659);
#2658 = CARTESIAN_POINT('',(218.027903,-55.169011,-5.E-02));
#2659 = VECTOR('',#2660,1.);
#2660 = DIRECTION('',(0.999987622824,-4.975359243602E-03,0.));
#2661 = ORIENTED_EDGE('',*,*,#2662,.T.);
#2662 = EDGE_CURVE('',#2655,#2663,#2665,.T.);
#2663 = VERTEX_POINT('',#2664);
#2664 = CARTESIAN_POINT('',(223.027903,-60.169011,-5.E-02));
#2665 = CIRCLE('',#2666,4.999637590023);
#2666 = AXIS2_PLACEMENT_3D('',#2667,#2668,#2669);
#2667 = CARTESIAN_POINT('',(218.02826548536,-60.16814275432,-5.E-02));
#2668 = DIRECTION('',(0.,0.,-1.));
#2669 = DIRECTION('',(2.006795749219E-02,0.999798618264,0.));
#2670 = ORIENTED_EDGE('',*,*,#2671,.T.);
#2671 = EDGE_CURVE('',#2663,#2672,#2674,.T.);
#2672 = VERTEX_POINT('',#2673);
#2673 = CARTESIAN_POINT('',(223.027903,-150.169011,-5.E-02));
#2674 = LINE('',#2675,#2676);
#2675 = CARTESIAN_POINT('',(223.027903,-60.169011,-5.E-02));
#2676 = VECTOR('',#2677,1.);
#2677 = DIRECTION('',(0.,-1.,0.));
#2678 = ORIENTED_EDGE('',*,*,#2679,.T.);
#2679 = EDGE_CURVE('',#2672,#2680,#2682,.T.);
#2680 = VERTEX_POINT('',#2681);
#2681 = CARTESIAN_POINT('',(223.027396,-150.269706,-5.E-02));
#2682 = LINE('',#2683,#2684);
#2683 = CARTESIAN_POINT('',(223.027903,-150.169011,-5.E-02));
#2684 = VECTOR('',#2685,1.);
#2685 = DIRECTION('',(-5.03494288265E-03,-0.999987324595,0.));
#2686 = ORIENTED_EDGE('',*,*,#2687,.T.);
#2687 = EDGE_CURVE('',#2680,#2688,#2690,.T.);
#2688 = VERTEX_POINT('',#2689);
#2689 = CARTESIAN_POINT('',(218.128598,-155.168496,-5.E-02));
#2690 = CIRCLE('',#2691,5.000510429204);
#2691 = AXIS2_PLACEMENT_3D('',#2692,#2693,#2694);
#2692 = CARTESIAN_POINT('',(218.02789974834,-150.1689995838,-5.E-02));
#2693 = DIRECTION('',(0.,0.,-1.));
#2694 = DIRECTION('',(0.999797185195,-2.013922729197E-02,0.));
#2695 = ORIENTED_EDGE('',*,*,#2696,.T.);
#2696 = EDGE_CURVE('',#2688,#2697,#2699,.T.);
#2697 = VERTEX_POINT('',#2698);
#2698 = CARTESIAN_POINT('',(218.027903,-155.169011,-5.E-02));
#2699 = LINE('',#2700,#2701);
#2700 = CARTESIAN_POINT('',(218.128598,-155.168496,-5.E-02));
#2701 = VECTOR('',#2702,1.);
#2702 = DIRECTION('',(-0.999986921434,-5.11438765128E-03,0.));
#2703 = ORIENTED_EDGE('',*,*,#2704,.T.);
#2704 = EDGE_CURVE('',#2697,#2705,#2707,.T.);
#2705 = VERTEX_POINT('',#2706);
#2706 = CARTESIAN_POINT('',(128.027903,-155.169011,-5.E-02));
#2707 = LINE('',#2708,#2709);
#2708 = CARTESIAN_POINT('',(218.027903,-155.169011,-5.E-02));
#2709 = VECTOR('',#2710,1.);
#2710 = DIRECTION('',(-1.,0.,0.));
#2711 = ORIENTED_EDGE('',*,*,#2712,.T.);
#2712 = EDGE_CURVE('',#2705,#2713,#2715,.T.);
#2713 = VERTEX_POINT('',#2714);
#2714 = CARTESIAN_POINT('',(127.927207,-155.168504,-5.E-02));
#2715 = LINE('',#2716,#2717);
#2716 = CARTESIAN_POINT('',(128.027903,-155.169011,-5.E-02));
#2717 = VECTOR('',#2718,1.);
#2718 = DIRECTION('',(-0.999987324847,5.034892882498E-03,0.));
#2719 = ORIENTED_EDGE('',*,*,#2720,.T.);
#2720 = EDGE_CURVE('',#2713,#2721,#2723,.T.);
#2721 = VERTEX_POINT('',#2722);
#2722 = CARTESIAN_POINT('',(123.027903,-150.169011,-5.E-02));
#2723 = CIRCLE('',#2724,4.999616425272);
#2724 = AXIS2_PLACEMENT_3D('',#2725,#2726,#2727);
#2725 = CARTESIAN_POINT('',(128.02751934729,-150.1698940099,-5.E-02));
#2726 = DIRECTION('',(0.,0.,-1.));
#2727 = DIRECTION('',(-2.006400866847E-02,-0.999798697517,-0.));
#2728 = ORIENTED_EDGE('',*,*,#2729,.T.);
#2729 = EDGE_CURVE('',#2721,#2730,#2732,.T.);
#2730 = VERTEX_POINT('',#2731);
#2731 = CARTESIAN_POINT('',(123.027903,-60.169011,-5.E-02));
#2732 = LINE('',#2733,#2734);
#2733 = CARTESIAN_POINT('',(123.027903,-150.169011,-5.E-02));
#2734 = VECTOR('',#2735,1.);
#2735 = DIRECTION('',(0.,1.,0.));
#2736 = ORIENTED_EDGE('',*,*,#2737,.T.);
#2737 = EDGE_CURVE('',#2730,#2636,#2738,.T.);
#2738 = LINE('',#2739,#2740);
#2739 = CARTESIAN_POINT('',(123.027903,-60.169011,-5.E-02));
#2740 = VECTOR('',#2741,1.);
#2741 = DIRECTION('',(4.965379322083E-03,0.999987672428,0.));
#2742 = PLANE('',#2743);
#2743 = AXIS2_PLACEMENT_3D('',#2744,#2745,#2746);
#2744 = CARTESIAN_POINT('',(0.,0.,-5.E-02));
#2745 = DIRECTION('',(-0.,-0.,-1.));
#2746 = DIRECTION('',(-1.,0.,0.));
#2747 = ( GEOMETRIC_REPRESENTATION_CONTEXT(3) 
GLOBAL_UNCERTAINTY_ASSIGNED_CONTEXT((#2751)) 
GLOBAL_UNIT_ASSIGNED_CONTEXT((#2748,#2749,#2750)) REPRESENTATION_CONTEXT
('Context #1','3D Context with UNIT and UNCERTAINTY') );
#2748 = ( LENGTH_UNIT() NAMED_UNIT(*) SI_UNIT(.MILLI.,.METRE.) );
#2749 = ( NAMED_UNIT(*) PLANE_ANGLE_UNIT() SI_UNIT($,.RADIAN.) );
#2750 = ( NAMED_UNIT(*) SI_UNIT($,.STERADIAN.) SOLID_ANGLE_UNIT() );
#2751 = UNCERTAINTY_MEASURE_WITH_UNIT(LENGTH_MEASURE(1.E-07),#2748,
  'distance_accuracy_value','confusion accuracy');
#2752 = CONTEXT_DEPENDENT_SHAPE_REPRESENTATION(#2753,#2755);
#2753 = ( REPRESENTATION_RELATIONSHIP('','',#2628,#10) 
REPRESENTATION_RELATIONSHIP_WITH_TRANSFORMATION(#2754) 
SHAPE_REPRESENTATION_RELATIONSHIP() );
#2754 = ITEM_DEFINED_TRANSFORMATION('','',#11,#27);
#2755 = PRODUCT_DEFINITION_SHAPE('Placement','Placement of an item',
  #2756);
#2756 = NEXT_ASSEMBLY_USAGE_OCCURRENCE('5','=>[0:1:1:6]','',#5,#2623,$);
#2757 = PRODUCT_RELATED_PRODUCT_CATEGORY('part',$,(#2625));
#2758 = SHAPE_DEFINITION_REPRESENTATION(#2759,#2765);
#2759 = PRODUCT_DEFINITION_SHAPE('','',#2760);
#2760 = PRODUCT_DEFINITION('design','',#2761,#2764);
#2761 = PRODUCT_DEFINITION_FORMATION('','',#2762);
#2762 = PRODUCT('HeatingElement_PCB','HeatingElement_PCB','',(#2763));
#2763 = PRODUCT_CONTEXT('',#2,'mechanical');
#2764 = PRODUCT_DEFINITION_CONTEXT('part definition',#2,'design');
#2765 = ADVANCED_BREP_SHAPE_REPRESENTATION('',(#11,#2766),#3056);
#2766 = MANIFOLD_SOLID_BREP('',#2767);
#2767 = CLOSED_SHELL('',(#2768,#2810,#2841,#2874,#2905,#2938,#2969,#3002
    ,#3024,#3040));
#2768 = ADVANCED_FACE('',(#2769),#2805,.T.);
#2769 = FACE_BOUND('',#2770,.T.);
#2770 = EDGE_LOOP('',(#2771,#2781,#2790,#2798));
#2771 = ORIENTED_EDGE('',*,*,#2772,.T.);
#2772 = EDGE_CURVE('',#2773,#2775,#2777,.T.);
#2773 = VERTEX_POINT('',#2774);
#2774 = CARTESIAN_POINT('',(218.027903,-55.169011,0.));
#2775 = VERTEX_POINT('',#2776);
#2776 = CARTESIAN_POINT('',(218.027903,-55.169011,1.51));
#2777 = LINE('',#2778,#2779);
#2778 = CARTESIAN_POINT('',(218.027903,-55.169011,0.));
#2779 = VECTOR('',#2780,1.);
#2780 = DIRECTION('',(0.,0.,1.));
#2781 = ORIENTED_EDGE('',*,*,#2782,.T.);
#2782 = EDGE_CURVE('',#2775,#2783,#2785,.T.);
#2783 = VERTEX_POINT('',#2784);
#2784 = CARTESIAN_POINT('',(223.027903,-60.169011,1.51));
#2785 = CIRCLE('',#2786,4.999999678834);
#2786 = AXIS2_PLACEMENT_3D('',#2787,#2788,#2789);
#2787 = CARTESIAN_POINT('',(218.02790332116,-60.16901067883,1.51));
#2788 = DIRECTION('',(0.,0.,-1.));
#2789 = DIRECTION('',(-6.423313565071E-08,1.,0.));
#2790 = ORIENTED_EDGE('',*,*,#2791,.F.);
#2791 = EDGE_CURVE('',#2792,#2783,#2794,.T.);
#2792 = VERTEX_POINT('',#2793);
#2793 = CARTESIAN_POINT('',(223.027903,-60.169011,0.));
#2794 = LINE('',#2795,#2796);
#2795 = CARTESIAN_POINT('',(223.027903,-60.169011,0.));
#2796 = VECTOR('',#2797,1.);
#2797 = DIRECTION('',(0.,0.,1.));
#2798 = ORIENTED_EDGE('',*,*,#2799,.F.);
#2799 = EDGE_CURVE('',#2773,#2792,#2800,.T.);
#2800 = CIRCLE('',#2801,4.999999678834);
#2801 = AXIS2_PLACEMENT_3D('',#2802,#2803,#2804);
#2802 = CARTESIAN_POINT('',(218.02790332116,-60.16901067883,0.));
#2803 = DIRECTION('',(0.,0.,-1.));
#2804 = DIRECTION('',(-6.423313565071E-08,1.,0.));
#2805 = CYLINDRICAL_SURFACE('',#2806,4.999999678834);
#2806 = AXIS2_PLACEMENT_3D('',#2807,#2808,#2809);
#2807 = CARTESIAN_POINT('',(218.02790332116,-60.16901067883,0.));
#2808 = DIRECTION('',(0.,0.,-1.));
#2809 = DIRECTION('',(-6.423313565071E-08,1.,0.));
#2810 = ADVANCED_FACE('',(#2811),#2836,.T.);
#2811 = FACE_BOUND('',#2812,.T.);
#2812 = EDGE_LOOP('',(#2813,#2814,#2822,#2830));
#2813 = ORIENTED_EDGE('',*,*,#2791,.T.);
#2814 = ORIENTED_EDGE('',*,*,#2815,.T.);
#2815 = EDGE_CURVE('',#2783,#2816,#2818,.T.);
#2816 = VERTEX_POINT('',#2817);
#2817 = CARTESIAN_POINT('',(223.027903,-150.169011,1.51));
#2818 = LINE('',#2819,#2820);
#2819 = CARTESIAN_POINT('',(223.027903,-60.169011,1.51));
#2820 = VECTOR('',#2821,1.);
#2821 = DIRECTION('',(0.,-1.,0.));
#2822 = ORIENTED_EDGE('',*,*,#2823,.F.);
#2823 = EDGE_CURVE('',#2824,#2816,#2826,.T.);
#2824 = VERTEX_POINT('',#2825);
#2825 = CARTESIAN_POINT('',(223.027903,-150.169011,0.));
#2826 = LINE('',#2827,#2828);
#2827 = CARTESIAN_POINT('',(223.027903,-150.169011,0.));
#2828 = VECTOR('',#2829,1.);
#2829 = DIRECTION('',(0.,0.,1.));
#2830 = ORIENTED_EDGE('',*,*,#2831,.F.);
#2831 = EDGE_CURVE('',#2792,#2824,#2832,.T.);
#2832 = LINE('',#2833,#2834);
#2833 = CARTESIAN_POINT('',(223.027903,-60.169011,0.));
#2834 = VECTOR('',#2835,1.);
#2835 = DIRECTION('',(0.,-1.,0.));
#2836 = PLANE('',#2837);
#2837 = AXIS2_PLACEMENT_3D('',#2838,#2839,#2840);
#2838 = CARTESIAN_POINT('',(223.027903,-60.169011,0.));
#2839 = DIRECTION('',(1.,0.,-0.));
#2840 = DIRECTION('',(0.,-1.,0.));
#2841 = ADVANCED_FACE('',(#2842),#2869,.T.);
#2842 = FACE_BOUND('',#2843,.T.);
#2843 = EDGE_LOOP('',(#2844,#2845,#2854,#2862));
#2844 = ORIENTED_EDGE('',*,*,#2823,.T.);
#2845 = ORIENTED_EDGE('',*,*,#2846,.T.);
#2846 = EDGE_CURVE('',#2816,#2847,#2849,.T.);
#2847 = VERTEX_POINT('',#2848);
#2848 = CARTESIAN_POINT('',(218.027903,-155.169011,1.51));
#2849 = CIRCLE('',#2850,4.999999678834);
#2850 = AXIS2_PLACEMENT_3D('',#2851,#2852,#2853);
#2851 = CARTESIAN_POINT('',(218.02790332116,-150.1690113211,1.51));
#2852 = DIRECTION('',(0.,0.,-1.));
#2853 = DIRECTION('',(1.,6.423313565071E-08,0.));
#2854 = ORIENTED_EDGE('',*,*,#2855,.F.);
#2855 = EDGE_CURVE('',#2856,#2847,#2858,.T.);
#2856 = VERTEX_POINT('',#2857);
#2857 = CARTESIAN_POINT('',(218.027903,-155.169011,0.));
#2858 = LINE('',#2859,#2860);
#2859 = CARTESIAN_POINT('',(218.027903,-155.169011,0.));
#2860 = VECTOR('',#2861,1.);
#2861 = DIRECTION('',(0.,0.,1.));
#2862 = ORIENTED_EDGE('',*,*,#2863,.F.);
#2863 = EDGE_CURVE('',#2824,#2856,#2864,.T.);
#2864 = CIRCLE('',#2865,4.999999678834);
#2865 = AXIS2_PLACEMENT_3D('',#2866,#2867,#2868);
#2866 = CARTESIAN_POINT('',(218.02790332116,-150.1690113211,0.));
#2867 = DIRECTION('',(0.,0.,-1.));
#2868 = DIRECTION('',(1.,6.423313565071E-08,0.));
#2869 = CYLINDRICAL_SURFACE('',#2870,4.999999678834);
#2870 = AXIS2_PLACEMENT_3D('',#2871,#2872,#2873);
#2871 = CARTESIAN_POINT('',(218.02790332116,-150.1690113211,0.));
#2872 = DIRECTION('',(0.,0.,-1.));
#2873 = DIRECTION('',(1.,6.423313565071E-08,0.));
#2874 = ADVANCED_FACE('',(#2875),#2900,.T.);
#2875 = FACE_BOUND('',#2876,.T.);
#2876 = EDGE_LOOP('',(#2877,#2878,#2886,#2894));
#2877 = ORIENTED_EDGE('',*,*,#2855,.T.);
#2878 = ORIENTED_EDGE('',*,*,#2879,.T.);
#2879 = EDGE_CURVE('',#2847,#2880,#2882,.T.);
#2880 = VERTEX_POINT('',#2881);
#2881 = CARTESIAN_POINT('',(128.027903,-155.169011,1.51));
#2882 = LINE('',#2883,#2884);
#2883 = CARTESIAN_POINT('',(218.027903,-155.169011,1.51));
#2884 = VECTOR('',#2885,1.);
#2885 = DIRECTION('',(-1.,0.,0.));
#2886 = ORIENTED_EDGE('',*,*,#2887,.F.);
#2887 = EDGE_CURVE('',#2888,#2880,#2890,.T.);
#2888 = VERTEX_POINT('',#2889);
#2889 = CARTESIAN_POINT('',(128.027903,-155.169011,0.));
#2890 = LINE('',#2891,#2892);
#2891 = CARTESIAN_POINT('',(128.027903,-155.169011,0.));
#2892 = VECTOR('',#2893,1.);
#2893 = DIRECTION('',(0.,0.,1.));
#2894 = ORIENTED_EDGE('',*,*,#2895,.F.);
#2895 = EDGE_CURVE('',#2856,#2888,#2896,.T.);
#2896 = LINE('',#2897,#2898);
#2897 = CARTESIAN_POINT('',(218.027903,-155.169011,0.));
#2898 = VECTOR('',#2899,1.);
#2899 = DIRECTION('',(-1.,0.,0.));
#2900 = PLANE('',#2901);
#2901 = AXIS2_PLACEMENT_3D('',#2902,#2903,#2904);
#2902 = CARTESIAN_POINT('',(218.027903,-155.169011,0.));
#2903 = DIRECTION('',(0.,-1.,0.));
#2904 = DIRECTION('',(-1.,0.,0.));
#2905 = ADVANCED_FACE('',(#2906),#2933,.T.);
#2906 = FACE_BOUND('',#2907,.T.);
#2907 = EDGE_LOOP('',(#2908,#2909,#2918,#2926));
#2908 = ORIENTED_EDGE('',*,*,#2887,.T.);
#2909 = ORIENTED_EDGE('',*,*,#2910,.T.);
#2910 = EDGE_CURVE('',#2880,#2911,#2913,.T.);
#2911 = VERTEX_POINT('',#2912);
#2912 = CARTESIAN_POINT('',(123.027903,-150.169011,1.51));
#2913 = CIRCLE('',#2914,4.999999678834);
#2914 = AXIS2_PLACEMENT_3D('',#2915,#2916,#2917);
#2915 = CARTESIAN_POINT('',(128.02790267883,-150.1690113211,1.51));
#2916 = DIRECTION('',(0.,0.,-1.));
#2917 = DIRECTION('',(6.423314133505E-08,-1.,0.));
#2918 = ORIENTED_EDGE('',*,*,#2919,.F.);
#2919 = EDGE_CURVE('',#2920,#2911,#2922,.T.);
#2920 = VERTEX_POINT('',#2921);
#2921 = CARTESIAN_POINT('',(123.027903,-150.169011,0.));
#2922 = LINE('',#2923,#2924);
#2923 = CARTESIAN_POINT('',(123.027903,-150.169011,0.));
#2924 = VECTOR('',#2925,1.);
#2925 = DIRECTION('',(0.,0.,1.));
#2926 = ORIENTED_EDGE('',*,*,#2927,.F.);
#2927 = EDGE_CURVE('',#2888,#2920,#2928,.T.);
#2928 = CIRCLE('',#2929,4.999999678834);
#2929 = AXIS2_PLACEMENT_3D('',#2930,#2931,#2932);
#2930 = CARTESIAN_POINT('',(128.02790267883,-150.1690113211,0.));
#2931 = DIRECTION('',(0.,0.,-1.));
#2932 = DIRECTION('',(6.423314133505E-08,-1.,0.));
#2933 = CYLINDRICAL_SURFACE('',#2934,4.999999678834);
#2934 = AXIS2_PLACEMENT_3D('',#2935,#2936,#2937);
#2935 = CARTESIAN_POINT('',(128.02790267883,-150.1690113211,0.));
#2936 = DIRECTION('',(0.,0.,-1.));
#2937 = DIRECTION('',(6.423314133505E-08,-1.,0.));
#2938 = ADVANCED_FACE('',(#2939),#2964,.T.);
#2939 = FACE_BOUND('',#2940,.T.);
#2940 = EDGE_LOOP('',(#2941,#2942,#2950,#2958));
#2941 = ORIENTED_EDGE('',*,*,#2919,.T.);
#2942 = ORIENTED_EDGE('',*,*,#2943,.T.);
#2943 = EDGE_CURVE('',#2911,#2944,#2946,.T.);
#2944 = VERTEX_POINT('',#2945);
#2945 = CARTESIAN_POINT('',(123.027903,-60.169011,1.51));
#2946 = LINE('',#2947,#2948);
#2947 = CARTESIAN_POINT('',(123.027903,-150.169011,1.51));
#2948 = VECTOR('',#2949,1.);
#2949 = DIRECTION('',(0.,1.,0.));
#2950 = ORIENTED_EDGE('',*,*,#2951,.F.);
#2951 = EDGE_CURVE('',#2952,#2944,#2954,.T.);
#2952 = VERTEX_POINT('',#2953);
#2953 = CARTESIAN_POINT('',(123.027903,-60.169011,0.));
#2954 = LINE('',#2955,#2956);
#2955 = CARTESIAN_POINT('',(123.027903,-60.169011,0.));
#2956 = VECTOR('',#2957,1.);
#2957 = DIRECTION('',(0.,0.,1.));
#2958 = ORIENTED_EDGE('',*,*,#2959,.F.);
#2959 = EDGE_CURVE('',#2920,#2952,#2960,.T.);
#2960 = LINE('',#2961,#2962);
#2961 = CARTESIAN_POINT('',(123.027903,-150.169011,0.));
#2962 = VECTOR('',#2963,1.);
#2963 = DIRECTION('',(0.,1.,0.));
#2964 = PLANE('',#2965);
#2965 = AXIS2_PLACEMENT_3D('',#2966,#2967,#2968);
#2966 = CARTESIAN_POINT('',(123.027903,-150.169011,0.));
#2967 = DIRECTION('',(-1.,0.,0.));
#2968 = DIRECTION('',(0.,1.,0.));
#2969 = ADVANCED_FACE('',(#2970),#2997,.T.);
#2970 = FACE_BOUND('',#2971,.T.);
#2971 = EDGE_LOOP('',(#2972,#2973,#2982,#2990));
#2972 = ORIENTED_EDGE('',*,*,#2951,.T.);
#2973 = ORIENTED_EDGE('',*,*,#2974,.T.);
#2974 = EDGE_CURVE('',#2944,#2975,#2977,.T.);
#2975 = VERTEX_POINT('',#2976);
#2976 = CARTESIAN_POINT('',(128.027903,-55.169011,1.51));
#2977 = CIRCLE('',#2978,4.999999678834);
#2978 = AXIS2_PLACEMENT_3D('',#2979,#2980,#2981);
#2979 = CARTESIAN_POINT('',(128.02790267883,-60.16901067883,1.51));
#2980 = DIRECTION('',(0.,0.,-1.));
#2981 = DIRECTION('',(-1.,-6.423314133505E-08,-0.));
#2982 = ORIENTED_EDGE('',*,*,#2983,.F.);
#2983 = EDGE_CURVE('',#2984,#2975,#2986,.T.);
#2984 = VERTEX_POINT('',#2985);
#2985 = CARTESIAN_POINT('',(128.027903,-55.169011,0.));
#2986 = LINE('',#2987,#2988);
#2987 = CARTESIAN_POINT('',(128.027903,-55.169011,0.));
#2988 = VECTOR('',#2989,1.);
#2989 = DIRECTION('',(0.,0.,1.));
#2990 = ORIENTED_EDGE('',*,*,#2991,.F.);
#2991 = EDGE_CURVE('',#2952,#2984,#2992,.T.);
#2992 = CIRCLE('',#2993,4.999999678834);
#2993 = AXIS2_PLACEMENT_3D('',#2994,#2995,#2996);
#2994 = CARTESIAN_POINT('',(128.02790267883,-60.16901067883,0.));
#2995 = DIRECTION('',(0.,0.,-1.));
#2996 = DIRECTION('',(-1.,-6.423314133505E-08,-0.));
#2997 = CYLINDRICAL_SURFACE('',#2998,4.999999678834);
#2998 = AXIS2_PLACEMENT_3D('',#2999,#3000,#3001);
#2999 = CARTESIAN_POINT('',(128.02790267883,-60.16901067883,0.));
#3000 = DIRECTION('',(0.,0.,-1.));
#3001 = DIRECTION('',(-1.,-6.423314133505E-08,-0.));
#3002 = ADVANCED_FACE('',(#3003),#3019,.T.);
#3003 = FACE_BOUND('',#3004,.T.);
#3004 = EDGE_LOOP('',(#3005,#3006,#3012,#3013));
#3005 = ORIENTED_EDGE('',*,*,#2983,.T.);
#3006 = ORIENTED_EDGE('',*,*,#3007,.T.);
#3007 = EDGE_CURVE('',#2975,#2775,#3008,.T.);
#3008 = LINE('',#3009,#3010);
#3009 = CARTESIAN_POINT('',(128.027903,-55.169011,1.51));
#3010 = VECTOR('',#3011,1.);
#3011 = DIRECTION('',(1.,0.,0.));
#3012 = ORIENTED_EDGE('',*,*,#2772,.F.);
#3013 = ORIENTED_EDGE('',*,*,#3014,.F.);
#3014 = EDGE_CURVE('',#2984,#2773,#3015,.T.);
#3015 = LINE('',#3016,#3017);
#3016 = CARTESIAN_POINT('',(128.027903,-55.169011,0.));
#3017 = VECTOR('',#3018,1.);
#3018 = DIRECTION('',(1.,0.,0.));
#3019 = PLANE('',#3020);
#3020 = AXIS2_PLACEMENT_3D('',#3021,#3022,#3023);
#3021 = CARTESIAN_POINT('',(128.027903,-55.169011,0.));
#3022 = DIRECTION('',(0.,1.,0.));
#3023 = DIRECTION('',(1.,0.,0.));
#3024 = ADVANCED_FACE('',(#3025),#3035,.F.);
#3025 = FACE_BOUND('',#3026,.T.);
#3026 = EDGE_LOOP('',(#3027,#3028,#3029,#3030,#3031,#3032,#3033,#3034));
#3027 = ORIENTED_EDGE('',*,*,#2799,.T.);
#3028 = ORIENTED_EDGE('',*,*,#2831,.T.);
#3029 = ORIENTED_EDGE('',*,*,#2863,.T.);
#3030 = ORIENTED_EDGE('',*,*,#2895,.T.);
#3031 = ORIENTED_EDGE('',*,*,#2927,.T.);
#3032 = ORIENTED_EDGE('',*,*,#2959,.T.);
#3033 = ORIENTED_EDGE('',*,*,#2991,.T.);
#3034 = ORIENTED_EDGE('',*,*,#3014,.T.);
#3035 = PLANE('',#3036);
#3036 = AXIS2_PLACEMENT_3D('',#3037,#3038,#3039);
#3037 = CARTESIAN_POINT('',(0.,0.,0.));
#3038 = DIRECTION('',(0.,0.,1.));
#3039 = DIRECTION('',(1.,0.,-0.));
#3040 = ADVANCED_FACE('',(#3041),#3051,.T.);
#3041 = FACE_BOUND('',#3042,.F.);
#3042 = EDGE_LOOP('',(#3043,#3044,#3045,#3046,#3047,#3048,#3049,#3050));
#3043 = ORIENTED_EDGE('',*,*,#2782,.T.);
#3044 = ORIENTED_EDGE('',*,*,#2815,.T.);
#3045 = ORIENTED_EDGE('',*,*,#2846,.T.);
#3046 = ORIENTED_EDGE('',*,*,#2879,.T.);
#3047 = ORIENTED_EDGE('',*,*,#2910,.T.);
#3048 = ORIENTED_EDGE('',*,*,#2943,.T.);
#3049 = ORIENTED_EDGE('',*,*,#2974,.T.);
#3050 = ORIENTED_EDGE('',*,*,#3007,.T.);
#3051 = PLANE('',#3052);
#3052 = AXIS2_PLACEMENT_3D('',#3053,#3054,#3055);
#3053 = CARTESIAN_POINT('',(0.,0.,1.51));
#3054 = DIRECTION('',(0.,0.,1.));
#3055 = DIRECTION('',(1.,0.,-0.));
#3056 = ( GEOMETRIC_REPRESENTATION_CONTEXT(3) 
GLOBAL_UNCERTAINTY_ASSIGNED_CONTEXT((#3060)) 
GLOBAL_UNIT_ASSIGNED_CONTEXT((#3057,#3058,#3059)) REPRESENTATION_CONTEXT
('Context #1','3D Context with UNIT and UNCERTAINTY') );
#3057 = ( LENGTH_UNIT() NAMED_UNIT(*) SI_UNIT(.MILLI.,.METRE.) );
#3058 = ( NAMED_UNIT(*) PLANE_ANGLE_UNIT() SI_UNIT($,.RADIAN.) );
#3059 = ( NAMED_UNIT(*) SI_UNIT($,.STERADIAN.) SOLID_ANGLE_UNIT() );
#3060 = UNCERTAINTY_MEASURE_WITH_UNIT(LENGTH_MEASURE(1.E-07),#3057,
  'distance_accuracy_value','confusion accuracy');
#3061 = CONTEXT_DEPENDENT_SHAPE_REPRESENTATION(#3062,#3064);
#3062 = ( REPRESENTATION_RELATIONSHIP('','',#2765,#10) 
REPRESENTATION_RELATIONSHIP_WITH_TRANSFORMATION(#3063) 
SHAPE_REPRESENTATION_RELATIONSHIP() );
#3063 = ITEM_DEFINED_TRANSFORMATION('','',#11,#31);
#3064 = PRODUCT_DEFINITION_SHAPE('Placement','Placement of an item',
  #3065);
#3065 = NEXT_ASSEMBLY_USAGE_OCCURRENCE('6','=>[0:1:1:7]','',#5,#2760,$);
#3066 = PRODUCT_RELATED_PRODUCT_CATEGORY('part',$,(#2762));
#3067 = MECHANICAL_DESIGN_GEOMETRIC_PRESENTATION_REPRESENTATION('',(
    #3068,#3078,#3087,#3096,#3105,#3114,#3123,#3132,#3141,#3150,#3159,
    #3168,#3177,#3186,#3195),#2473);
#3068 = STYLED_ITEM('color',(#3069),#883);
#3069 = PRESENTATION_STYLE_ASSIGNMENT((#3070));
#3070 = SURFACE_STYLE_USAGE(.BOTH.,#3071);
#3071 = SURFACE_SIDE_STYLE('',(#3072,#3076));
#3072 = SURFACE_STYLE_FILL_AREA(#3073);
#3073 = FILL_AREA_STYLE('',(#3074));
#3074 = FILL_AREA_STYLE_COLOUR('',#3075);
#3075 = DRAUGHTING_PRE_DEFINED_COLOUR('white');
#3076 = SURFACE_STYLE_RENDERING_WITH_PROPERTIES(.NORMAL_SHADING.,#3075,(
    #3077));
#3077 = SURFACE_STYLE_TRANSPARENT(0.100000023842);
#3078 = STYLED_ITEM('color',(#3079),#995);
#3079 = PRESENTATION_STYLE_ASSIGNMENT((#3080));
#3080 = SURFACE_STYLE_USAGE(.BOTH.,#3081);
#3081 = SURFACE_SIDE_STYLE('',(#3082,#3085));
#3082 = SURFACE_STYLE_FILL_AREA(#3083);
#3083 = FILL_AREA_STYLE('',(#3084));
#3084 = FILL_AREA_STYLE_COLOUR('',#3075);
#3085 = SURFACE_STYLE_RENDERING_WITH_PROPERTIES(.NORMAL_SHADING.,#3075,(
    #3086));
#3086 = SURFACE_STYLE_TRANSPARENT(0.100000023842);
#3087 = STYLED_ITEM('color',(#3088),#1107);
#3088 = PRESENTATION_STYLE_ASSIGNMENT((#3089));
#3089 = SURFACE_STYLE_USAGE(.BOTH.,#3090);
#3090 = SURFACE_SIDE_STYLE('',(#3091,#3094));
#3091 = SURFACE_STYLE_FILL_AREA(#3092);
#3092 = FILL_AREA_STYLE('',(#3093));
#3093 = FILL_AREA_STYLE_COLOUR('',#3075);
#3094 = SURFACE_STYLE_RENDERING_WITH_PROPERTIES(.NORMAL_SHADING.,#3075,(
    #3095));
#3095 = SURFACE_STYLE_TRANSPARENT(0.100000023842);
#3096 = STYLED_ITEM('color',(#3097),#1219);
#3097 = PRESENTATION_STYLE_ASSIGNMENT((#3098));
#3098 = SURFACE_STYLE_USAGE(.BOTH.,#3099);
#3099 = SURFACE_SIDE_STYLE('',(#3100,#3103));
#3100 = SURFACE_STYLE_FILL_AREA(#3101);
#3101 = FILL_AREA_STYLE('',(#3102));
#3102 = FILL_AREA_STYLE_COLOUR('',#3075);
#3103 = SURFACE_STYLE_RENDERING_WITH_PROPERTIES(.NORMAL_SHADING.,#3075,(
    #3104));
#3104 = SURFACE_STYLE_TRANSPARENT(0.100000023842);
#3105 = STYLED_ITEM('color',(#3106),#1331);
#3106 = PRESENTATION_STYLE_ASSIGNMENT((#3107));
#3107 = SURFACE_STYLE_USAGE(.BOTH.,#3108);
#3108 = SURFACE_SIDE_STYLE('',(#3109,#3112));
#3109 = SURFACE_STYLE_FILL_AREA(#3110);
#3110 = FILL_AREA_STYLE('',(#3111));
#3111 = FILL_AREA_STYLE_COLOUR('',#3075);
#3112 = SURFACE_STYLE_RENDERING_WITH_PROPERTIES(.NORMAL_SHADING.,#3075,(
    #3113));
#3113 = SURFACE_STYLE_TRANSPARENT(0.100000023842);
#3114 = STYLED_ITEM('color',(#3115),#1473);
#3115 = PRESENTATION_STYLE_ASSIGNMENT((#3116));
#3116 = SURFACE_STYLE_USAGE(.BOTH.,#3117);
#3117 = SURFACE_SIDE_STYLE('',(#3118,#3121));
#3118 = SURFACE_STYLE_FILL_AREA(#3119);
#3119 = FILL_AREA_STYLE('',(#3120));
#3120 = FILL_AREA_STYLE_COLOUR('',#3075);
#3121 = SURFACE_STYLE_RENDERING_WITH_PROPERTIES(.NORMAL_SHADING.,#3075,(
    #3122));
#3122 = SURFACE_STYLE_TRANSPARENT(0.100000023842);
#3123 = STYLED_ITEM('color',(#3124),#1640);
#3124 = PRESENTATION_STYLE_ASSIGNMENT((#3125));
#3125 = SURFACE_STYLE_USAGE(.BOTH.,#3126);
#3126 = SURFACE_SIDE_STYLE('',(#3127,#3130));
#3127 = SURFACE_STYLE_FILL_AREA(#3128);
#3128 = FILL_AREA_STYLE('',(#3129));
#3129 = FILL_AREA_STYLE_COLOUR('',#3075);
#3130 = SURFACE_STYLE_RENDERING_WITH_PROPERTIES(.NORMAL_SHADING.,#3075,(
    #3131));
#3131 = SURFACE_STYLE_TRANSPARENT(0.100000023842);
#3132 = STYLED_ITEM('color',(#3133),#1734);
#3133 = PRESENTATION_STYLE_ASSIGNMENT((#3134));
#3134 = SURFACE_STYLE_USAGE(.BOTH.,#3135);
#3135 = SURFACE_SIDE_STYLE('',(#3136,#3139));
#3136 = SURFACE_STYLE_FILL_AREA(#3137);
#3137 = FILL_AREA_STYLE('',(#3138));
#3138 = FILL_AREA_STYLE_COLOUR('',#3075);
#3139 = SURFACE_STYLE_RENDERING_WITH_PROPERTIES(.NORMAL_SHADING.,#3075,(
    #3140));
#3140 = SURFACE_STYLE_TRANSPARENT(0.100000023842);
#3141 = STYLED_ITEM('color',(#3142),#1828);
#3142 = PRESENTATION_STYLE_ASSIGNMENT((#3143));
#3143 = SURFACE_STYLE_USAGE(.BOTH.,#3144);
#3144 = SURFACE_SIDE_STYLE('',(#3145,#3148));
#3145 = SURFACE_STYLE_FILL_AREA(#3146);
#3146 = FILL_AREA_STYLE('',(#3147));
#3147 = FILL_AREA_STYLE_COLOUR('',#3075);
#3148 = SURFACE_STYLE_RENDERING_WITH_PROPERTIES(.NORMAL_SHADING.,#3075,(
    #3149));
#3149 = SURFACE_STYLE_TRANSPARENT(0.100000023842);
#3150 = STYLED_ITEM('color',(#3151),#1872);
#3151 = PRESENTATION_STYLE_ASSIGNMENT((#3152));
#3152 = SURFACE_STYLE_USAGE(.BOTH.,#3153);
#3153 = SURFACE_SIDE_STYLE('',(#3154,#3157));
#3154 = SURFACE_STYLE_FILL_AREA(#3155);
#3155 = FILL_AREA_STYLE('',(#3156));
#3156 = FILL_AREA_STYLE_COLOUR('',#3075);
#3157 = SURFACE_STYLE_RENDERING_WITH_PROPERTIES(.NORMAL_SHADING.,#3075,(
    #3158));
#3158 = SURFACE_STYLE_TRANSPARENT(0.100000023842);
#3159 = STYLED_ITEM('color',(#3160),#1916);
#3160 = PRESENTATION_STYLE_ASSIGNMENT((#3161));
#3161 = SURFACE_STYLE_USAGE(.BOTH.,#3162);
#3162 = SURFACE_SIDE_STYLE('',(#3163,#3166));
#3163 = SURFACE_STYLE_FILL_AREA(#3164);
#3164 = FILL_AREA_STYLE('',(#3165));
#3165 = FILL_AREA_STYLE_COLOUR('',#3075);
#3166 = SURFACE_STYLE_RENDERING_WITH_PROPERTIES(.NORMAL_SHADING.,#3075,(
    #3167));
#3167 = SURFACE_STYLE_TRANSPARENT(0.100000023842);
#3168 = STYLED_ITEM('color',(#3169),#2058);
#3169 = PRESENTATION_STYLE_ASSIGNMENT((#3170));
#3170 = SURFACE_STYLE_USAGE(.BOTH.,#3171);
#3171 = SURFACE_SIDE_STYLE('',(#3172,#3175));
#3172 = SURFACE_STYLE_FILL_AREA(#3173);
#3173 = FILL_AREA_STYLE('',(#3174));
#3174 = FILL_AREA_STYLE_COLOUR('',#3075);
#3175 = SURFACE_STYLE_RENDERING_WITH_PROPERTIES(.NORMAL_SHADING.,#3075,(
    #3176));
#3176 = SURFACE_STYLE_TRANSPARENT(0.100000023842);
#3177 = STYLED_ITEM('color',(#3178),#2229);
#3178 = PRESENTATION_STYLE_ASSIGNMENT((#3179));
#3179 = SURFACE_STYLE_USAGE(.BOTH.,#3180);
#3180 = SURFACE_SIDE_STYLE('',(#3181,#3184));
#3181 = SURFACE_STYLE_FILL_AREA(#3182);
#3182 = FILL_AREA_STYLE('',(#3183));
#3183 = FILL_AREA_STYLE_COLOUR('',#3075);
#3184 = SURFACE_STYLE_RENDERING_WITH_PROPERTIES(.NORMAL_SHADING.,#3075,(
    #3185));
#3185 = SURFACE_STYLE_TRANSPARENT(0.100000023842);
#3186 = STYLED_ITEM('color',(#3187),#2248);
#3187 = PRESENTATION_STYLE_ASSIGNMENT((#3188));
#3188 = SURFACE_STYLE_USAGE(.BOTH.,#3189);
#3189 = SURFACE_SIDE_STYLE('',(#3190,#3193));
#3190 = SURFACE_STYLE_FILL_AREA(#3191);
#3191 = FILL_AREA_STYLE('',(#3192));
#3192 = FILL_AREA_STYLE_COLOUR('',#3075);
#3193 = SURFACE_STYLE_RENDERING_WITH_PROPERTIES(.NORMAL_SHADING.,#3075,(
    #3194));
#3194 = SURFACE_STYLE_TRANSPARENT(0.100000023842);
#3195 = STYLED_ITEM('color',(#3196),#2356);
#3196 = PRESENTATION_STYLE_ASSIGNMENT((#3197));
#3197 = SURFACE_STYLE_USAGE(.BOTH.,#3198);
#3198 = SURFACE_SIDE_STYLE('',(#3199,#3202));
#3199 = SURFACE_STYLE_FILL_AREA(#3200);
#3200 = FILL_AREA_STYLE('',(#3201));
#3201 = FILL_AREA_STYLE_COLOUR('',#3075);
#3202 = SURFACE_STYLE_RENDERING_WITH_PROPERTIES(.NORMAL_SHADING.,#3075,(
    #3203));
#3203 = SURFACE_STYLE_TRANSPARENT(0.100000023842);
#3204 = MECHANICAL_DESIGN_GEOMETRIC_PRESENTATION_REPRESENTATION('',(
    #3205),#2747);
#3205 = STYLED_ITEM('color',(#3206),#2631);
#3206 = PRESENTATION_STYLE_ASSIGNMENT((#3207));
#3207 = SURFACE_STYLE_USAGE(.BOTH.,#3208);
#3208 = SURFACE_SIDE_STYLE('',(#3209,#3213));
#3209 = SURFACE_STYLE_FILL_AREA(#3210);
#3210 = FILL_AREA_STYLE('',(#3211));
#3211 = FILL_AREA_STYLE_COLOUR('',#3212);
#3212 = COLOUR_RGB('',0.313304153717,0.484529207832,0.410020903123);
#3213 = SURFACE_STYLE_RENDERING_WITH_PROPERTIES(.NORMAL_SHADING.,#3212,(
    #3214));
#3214 = SURFACE_STYLE_TRANSPARENT(0.170000016689);
#3215 = MECHANICAL_DESIGN_GEOMETRIC_PRESENTATION_REPRESENTATION('',(
    #3216),#2610);
#3216 = STYLED_ITEM('color',(#3217),#2494);
#3217 = PRESENTATION_STYLE_ASSIGNMENT((#3218));
#3218 = SURFACE_STYLE_USAGE(.BOTH.,#3219);
#3219 = SURFACE_SIDE_STYLE('',(#3220,#3223));
#3220 = SURFACE_STYLE_FILL_AREA(#3221);
#3221 = FILL_AREA_STYLE('',(#3222));
#3222 = FILL_AREA_STYLE_COLOUR('',#3212);
#3223 = SURFACE_STYLE_RENDERING_WITH_PROPERTIES(.NORMAL_SHADING.,#3212,(
    #3224));
#3224 = SURFACE_STYLE_TRANSPARENT(0.170000016689);
#3225 = MECHANICAL_DESIGN_GEOMETRIC_PRESENTATION_REPRESENTATION('',(
    #3226,#3234,#3241,#3248,#3255,#3262,#3269,#3276,#3284,#3291,#3298,
    #3305,#3312,#3319,#3327,#3334,#3341,#3348,#3355,#3362,#3369,#3376,
    #3383,#3390,#3397,#3404),#862);
#3226 = STYLED_ITEM('color',(#3227),#74);
#3227 = PRESENTATION_STYLE_ASSIGNMENT((#3228));
#3228 = SURFACE_STYLE_USAGE(.BOTH.,#3229);
#3229 = SURFACE_SIDE_STYLE('',(#3230));
#3230 = SURFACE_STYLE_FILL_AREA(#3231);
#3231 = FILL_AREA_STYLE('',(#3232));
#3232 = FILL_AREA_STYLE_COLOUR('',#3233);
#3233 = COLOUR_RGB('',0.823999987314,0.819999987296,0.781000009244);
#3234 = STYLED_ITEM('color',(#3235),#114);
#3235 = PRESENTATION_STYLE_ASSIGNMENT((#3236));
#3236 = SURFACE_STYLE_USAGE(.BOTH.,#3237);
#3237 = SURFACE_SIDE_STYLE('',(#3238));
#3238 = SURFACE_STYLE_FILL_AREA(#3239);
#3239 = FILL_AREA_STYLE('',(#3240));
#3240 = FILL_AREA_STYLE_COLOUR('',#3233);
#3241 = STYLED_ITEM('color',(#3242),#197);
#3242 = PRESENTATION_STYLE_ASSIGNMENT((#3243));
#3243 = SURFACE_STYLE_USAGE(.BOTH.,#3244);
#3244 = SURFACE_SIDE_STYLE('',(#3245));
#3245 = SURFACE_STYLE_FILL_AREA(#3246);
#3246 = FILL_AREA_STYLE('',(#3247));
#3247 = FILL_AREA_STYLE_COLOUR('',#3233);
#3248 = STYLED_ITEM('color',(#3249),#222);
#3249 = PRESENTATION_STYLE_ASSIGNMENT((#3250));
#3250 = SURFACE_STYLE_USAGE(.BOTH.,#3251);
#3251 = SURFACE_SIDE_STYLE('',(#3252));
#3252 = SURFACE_STYLE_FILL_AREA(#3253);
#3253 = FILL_AREA_STYLE('',(#3254));
#3254 = FILL_AREA_STYLE_COLOUR('',#3233);
#3255 = STYLED_ITEM('color',(#3256),#247);
#3256 = PRESENTATION_STYLE_ASSIGNMENT((#3257));
#3257 = SURFACE_STYLE_USAGE(.BOTH.,#3258);
#3258 = SURFACE_SIDE_STYLE('',(#3259));
#3259 = SURFACE_STYLE_FILL_AREA(#3260);
#3260 = FILL_AREA_STYLE('',(#3261));
#3261 = FILL_AREA_STYLE_COLOUR('',#3233);
#3262 = STYLED_ITEM('color',(#3263),#314);
#3263 = PRESENTATION_STYLE_ASSIGNMENT((#3264));
#3264 = SURFACE_STYLE_USAGE(.BOTH.,#3265);
#3265 = SURFACE_SIDE_STYLE('',(#3266));
#3266 = SURFACE_STYLE_FILL_AREA(#3267);
#3267 = FILL_AREA_STYLE('',(#3268));
#3268 = FILL_AREA_STYLE_COLOUR('',#3233);
#3269 = STYLED_ITEM('color',(#3270),#331);
#3270 = PRESENTATION_STYLE_ASSIGNMENT((#3271));
#3271 = SURFACE_STYLE_USAGE(.BOTH.,#3272);
#3272 = SURFACE_SIDE_STYLE('',(#3273));
#3273 = SURFACE_STYLE_FILL_AREA(#3274);
#3274 = FILL_AREA_STYLE('',(#3275));
#3275 = FILL_AREA_STYLE_COLOUR('',#3233);
#3276 = STYLED_ITEM('color',(#3277),#348);
#3277 = PRESENTATION_STYLE_ASSIGNMENT((#3278));
#3278 = SURFACE_STYLE_USAGE(.BOTH.,#3279);
#3279 = SURFACE_SIDE_STYLE('',(#3280));
#3280 = SURFACE_STYLE_FILL_AREA(#3281);
#3281 = FILL_AREA_STYLE('',(#3282));
#3282 = FILL_AREA_STYLE_COLOUR('',#3283);
#3283 = COLOUR_RGB('',0.894999966383,0.890999961016,0.813000030345);
#3284 = STYLED_ITEM('color',(#3285),#397);
#3285 = PRESENTATION_STYLE_ASSIGNMENT((#3286));
#3286 = SURFACE_STYLE_USAGE(.BOTH.,#3287);
#3287 = SURFACE_SIDE_STYLE('',(#3288));
#3288 = SURFACE_STYLE_FILL_AREA(#3289);
#3289 = FILL_AREA_STYLE('',(#3290));
#3290 = FILL_AREA_STYLE_COLOUR('',#3233);
#3291 = STYLED_ITEM('color',(#3292),#414);
#3292 = PRESENTATION_STYLE_ASSIGNMENT((#3293));
#3293 = SURFACE_STYLE_USAGE(.BOTH.,#3294);
#3294 = SURFACE_SIDE_STYLE('',(#3295));
#3295 = SURFACE_STYLE_FILL_AREA(#3296);
#3296 = FILL_AREA_STYLE('',(#3297));
#3297 = FILL_AREA_STYLE_COLOUR('',#3233);
#3298 = STYLED_ITEM('color',(#3299),#431);
#3299 = PRESENTATION_STYLE_ASSIGNMENT((#3300));
#3300 = SURFACE_STYLE_USAGE(.BOTH.,#3301);
#3301 = SURFACE_SIDE_STYLE('',(#3302));
#3302 = SURFACE_STYLE_FILL_AREA(#3303);
#3303 = FILL_AREA_STYLE('',(#3304));
#3304 = FILL_AREA_STYLE_COLOUR('',#3283);
#3305 = STYLED_ITEM('color',(#3306),#480);
#3306 = PRESENTATION_STYLE_ASSIGNMENT((#3307));
#3307 = SURFACE_STYLE_USAGE(.BOTH.,#3308);
#3308 = SURFACE_SIDE_STYLE('',(#3309));
#3309 = SURFACE_STYLE_FILL_AREA(#3310);
#3310 = FILL_AREA_STYLE('',(#3311));
#3311 = FILL_AREA_STYLE_COLOUR('',#3283);
#3312 = STYLED_ITEM('color',(#3313),#497);
#3313 = PRESENTATION_STYLE_ASSIGNMENT((#3314));
#3314 = SURFACE_STYLE_USAGE(.BOTH.,#3315);
#3315 = SURFACE_SIDE_STYLE('',(#3316));
#3316 = SURFACE_STYLE_FILL_AREA(#3317);
#3317 = FILL_AREA_STYLE('',(#3318));
#3318 = FILL_AREA_STYLE_COLOUR('',#3233);
#3319 = STYLED_ITEM('color',(#3320),#566);
#3320 = PRESENTATION_STYLE_ASSIGNMENT((#3321));
#3321 = SURFACE_STYLE_USAGE(.BOTH.,#3322);
#3322 = SURFACE_SIDE_STYLE('',(#3323));
#3323 = SURFACE_STYLE_FILL_AREA(#3324);
#3324 = FILL_AREA_STYLE('',(#3325));
#3325 = FILL_AREA_STYLE_COLOUR('',#3326);
#3326 = COLOUR_RGB('',8.200000279077E-02,8.600000121357E-02,
  9.399999706163E-02);
#3327 = STYLED_ITEM('color',(#3328),#597);
#3328 = PRESENTATION_STYLE_ASSIGNMENT((#3329));
#3329 = SURFACE_STYLE_USAGE(.BOTH.,#3330);
#3330 = SURFACE_SIDE_STYLE('',(#3331));
#3331 = SURFACE_STYLE_FILL_AREA(#3332);
#3332 = FILL_AREA_STYLE('',(#3333));
#3333 = FILL_AREA_STYLE_COLOUR('',#3326);
#3334 = STYLED_ITEM('color',(#3335),#621);
#3335 = PRESENTATION_STYLE_ASSIGNMENT((#3336));
#3336 = SURFACE_STYLE_USAGE(.BOTH.,#3337);
#3337 = SURFACE_SIDE_STYLE('',(#3338));
#3338 = SURFACE_STYLE_FILL_AREA(#3339);
#3339 = FILL_AREA_STYLE('',(#3340));
#3340 = FILL_AREA_STYLE_COLOUR('',#3233);
#3341 = STYLED_ITEM('color',(#3342),#690);
#3342 = PRESENTATION_STYLE_ASSIGNMENT((#3343));
#3343 = SURFACE_STYLE_USAGE(.BOTH.,#3344);
#3344 = SURFACE_SIDE_STYLE('',(#3345));
#3345 = SURFACE_STYLE_FILL_AREA(#3346);
#3346 = FILL_AREA_STYLE('',(#3347));
#3347 = FILL_AREA_STYLE_COLOUR('',#3326);
#3348 = STYLED_ITEM('color',(#3349),#714);
#3349 = PRESENTATION_STYLE_ASSIGNMENT((#3350));
#3350 = SURFACE_STYLE_USAGE(.BOTH.,#3351);
#3351 = SURFACE_SIDE_STYLE('',(#3352));
#3352 = SURFACE_STYLE_FILL_AREA(#3353);
#3353 = FILL_AREA_STYLE('',(#3354));
#3354 = FILL_AREA_STYLE_COLOUR('',#3233);
#3355 = STYLED_ITEM('color',(#3356),#731);
#3356 = PRESENTATION_STYLE_ASSIGNMENT((#3357));
#3357 = SURFACE_STYLE_USAGE(.BOTH.,#3358);
#3358 = SURFACE_SIDE_STYLE('',(#3359));
#3359 = SURFACE_STYLE_FILL_AREA(#3360);
#3360 = FILL_AREA_STYLE('',(#3361));
#3361 = FILL_AREA_STYLE_COLOUR('',#3233);
#3362 = STYLED_ITEM('color',(#3363),#748);
#3363 = PRESENTATION_STYLE_ASSIGNMENT((#3364));
#3364 = SURFACE_STYLE_USAGE(.BOTH.,#3365);
#3365 = SURFACE_SIDE_STYLE('',(#3366));
#3366 = SURFACE_STYLE_FILL_AREA(#3367);
#3367 = FILL_AREA_STYLE('',(#3368));
#3368 = FILL_AREA_STYLE_COLOUR('',#3233);
#3369 = STYLED_ITEM('color',(#3370),#765);
#3370 = PRESENTATION_STYLE_ASSIGNMENT((#3371));
#3371 = SURFACE_STYLE_USAGE(.BOTH.,#3372);
#3372 = SURFACE_SIDE_STYLE('',(#3373));
#3373 = SURFACE_STYLE_FILL_AREA(#3374);
#3374 = FILL_AREA_STYLE('',(#3375));
#3375 = FILL_AREA_STYLE_COLOUR('',#3233);
#3376 = STYLED_ITEM('color',(#3377),#782);
#3377 = PRESENTATION_STYLE_ASSIGNMENT((#3378));
#3378 = SURFACE_STYLE_USAGE(.BOTH.,#3379);
#3379 = SURFACE_SIDE_STYLE('',(#3380));
#3380 = SURFACE_STYLE_FILL_AREA(#3381);
#3381 = FILL_AREA_STYLE('',(#3382));
#3382 = FILL_AREA_STYLE_COLOUR('',#3233);
#3383 = STYLED_ITEM('color',(#3384),#799);
#3384 = PRESENTATION_STYLE_ASSIGNMENT((#3385));
#3385 = SURFACE_STYLE_USAGE(.BOTH.,#3386);
#3386 = SURFACE_SIDE_STYLE('',(#3387));
#3387 = SURFACE_STYLE_FILL_AREA(#3388);
#3388 = FILL_AREA_STYLE('',(#3389));
#3389 = FILL_AREA_STYLE_COLOUR('',#3233);
#3390 = STYLED_ITEM('color',(#3391),#816);
#3391 = PRESENTATION_STYLE_ASSIGNMENT((#3392));
#3392 = SURFACE_STYLE_USAGE(.BOTH.,#3393);
#3393 = SURFACE_SIDE_STYLE('',(#3394));
#3394 = SURFACE_STYLE_FILL_AREA(#3395);
#3395 = FILL_AREA_STYLE('',(#3396));
#3396 = FILL_AREA_STYLE_COLOUR('',#3233);
#3397 = STYLED_ITEM('color',(#3398),#833);
#3398 = PRESENTATION_STYLE_ASSIGNMENT((#3399));
#3399 = SURFACE_STYLE_USAGE(.BOTH.,#3400);
#3400 = SURFACE_SIDE_STYLE('',(#3401));
#3401 = SURFACE_STYLE_FILL_AREA(#3402);
#3402 = FILL_AREA_STYLE('',(#3403));
#3403 = FILL_AREA_STYLE_COLOUR('',#3326);
#3404 = STYLED_ITEM('color',(#3405),#850);
#3405 = PRESENTATION_STYLE_ASSIGNMENT((#3406));
#3406 = SURFACE_STYLE_USAGE(.BOTH.,#3407);
#3407 = SURFACE_SIDE_STYLE('',(#3408));
#3408 = SURFACE_STYLE_FILL_AREA(#3409);
#3409 = FILL_AREA_STYLE('',(#3410));
#3410 = FILL_AREA_STYLE_COLOUR('',#3326);
#3411 = MECHANICAL_DESIGN_GEOMETRIC_PRESENTATION_REPRESENTATION('',(
    #3412),#3056);
#3412 = STYLED_ITEM('color',(#3413),#2766);
#3413 = PRESENTATION_STYLE_ASSIGNMENT((#3414));
#3414 = SURFACE_STYLE_USAGE(.BOTH.,#3415);
#3415 = SURFACE_SIDE_STYLE('',(#3416));
#3416 = SURFACE_STYLE_FILL_AREA(#3417);
#3417 = FILL_AREA_STYLE('',(#3418));
#3418 = FILL_AREA_STYLE_COLOUR('',#3419);
#3419 = COLOUR_RGB('',0.923781054989,0.923781054989,0.923781054989);
ENDSEC;
END-ISO-10303-21;
