ISO-10303-21;
HEADER;
FILE_DESCRIPTION(('KiCad electronic assembly'),'2;1');
FILE_NAME('HeatingElement.step','2026-10-04T22:43:16',('Pcbnew'),(
    'Kicad'),'Open CASCADE STEP processor 7.9','KiCad to STEP converter'
  ,'Unknown');
FILE_SCHEMA(('AUTOMOTIVE_DESIGN { 1 0 10303 214 1 1 1 1 }'));
ENDSEC;
DATA;
#1 = APPLICATION_PROTOCOL_DEFINITION('international standard',
  'automotive_design',2000,#2);
#2 = APPLICATION_CONTEXT(
  'core data for automotive mechanical design processes');
#3 = SHAPE_DEFINITION_REPRESENTATION(#4,#10);
#4 = PRODUCT_DEFINITION_SHAPE('','',#5);
#5 = PRODUCT_DEFINITION('design','',#6,#9);
#6 = PRODUCT_DEFINITION_FORMATION('','',#7);
#7 = PRODUCT('HeatingElement 1','HeatingElement 1','',(#8));
#8 = PRODUCT_CONTEXT('',#2,'mechanical');
#9 = PRODUCT_DEFINITION_CONTEXT('part definition',#2,'design');
#10 = SHAPE_REPRESENTATION('',(#11,#15,#19,#23,#27),#31);
#11 = AXIS2_PLACEMENT_3D('',#12,#13,#14);
#12 = CARTESIAN_POINT('',(0.,0.,0.));
#13 = DIRECTION('',(0.,0.,1.));
#14 = DIRECTION('',(1.,0.,-0.));
#15 = AXIS2_PLACEMENT_3D('',#16,#17,#18);
#16 = CARTESIAN_POINT('',(173.2125,-138.65,1.595));
#17 = DIRECTION('',(0.,0.,1.));
#18 = DIRECTION('',(1.,0.,0.));
#19 = AXIS2_PLACEMENT_3D('',#20,#21,#22);
#20 = CARTESIAN_POINT('',(0.,0.,0.));
#21 = DIRECTION('',(0.,0.,1.));
#22 = DIRECTION('',(1.,0.,-0.));
#23 = AXIS2_PLACEMENT_3D('',#24,#25,#26);
#24 = CARTESIAN_POINT('',(0.,0.,0.));
#25 = DIRECTION('',(0.,0.,1.));
#26 = DIRECTION('',(1.,0.,-0.));
#27 = AXIS2_PLACEMENT_3D('',#28,#29,#30);
#28 = CARTESIAN_POINT('',(0.,0.,0.));
#29 = DIRECTION('',(0.,0.,1.));
#30 = DIRECTION('',(1.,0.,-0.));
#31 = ( GEOMETRIC_REPRESENTATION_CONTEXT(3) 
GLOBAL_UNCERTAINTY_ASSIGNED_CONTEXT((#35)) GLOBAL_UNIT_ASSIGNED_CONTEXT(
(#32,#33,#34)) REPRESENTATION_CONTEXT('Context #1',
  '3D Context with UNIT and UNCERTAINTY') );
#32 = ( LENGTH_UNIT() NAMED_UNIT(*) SI_UNIT(.MILLI.,.METRE.) );
#33 = ( NAMED_UNIT(*) PLANE_ANGLE_UNIT() SI_UNIT($,.RADIAN.) );
#34 = ( NAMED_UNIT(*) SI_UNIT($,.STERADIAN.) SOLID_ANGLE_UNIT() );
#35 = UNCERTAINTY_MEASURE_WITH_UNIT(LENGTH_MEASURE(1.E-07),#32,
  'distance_accuracy_value','confusion accuracy');
#36 = PRODUCT_RELATED_PRODUCT_CATEGORY('part',$,(#7));
#37 = SHAPE_DEFINITION_REPRESENTATION(#38,#44);
#38 = PRODUCT_DEFINITION_SHAPE('','',#39);
#39 = PRODUCT_DEFINITION('design','',#40,#43);
#40 = PRODUCT_DEFINITION_FORMATION('','',#41);
#41 = PRODUCT('R_0402_1005Metric','R_0402_1005Metric','',(#42));
#42 = PRODUCT_CONTEXT('',#2,'mechanical');
#43 = PRODUCT_DEFINITION_CONTEXT('part definition',#2,'design');
#44 = SHAPE_REPRESENTATION('',(#11,#45),#49);
#45 = AXIS2_PLACEMENT_3D('',#46,#47,#48);
#46 = CARTESIAN_POINT('',(0.,0.,0.));
#47 = DIRECTION('',(0.,0.,1.));
#48 = DIRECTION('',(1.,0.,-0.));
#49 = ( GEOMETRIC_REPRESENTATION_CONTEXT(3) 
GLOBAL_UNCERTAINTY_ASSIGNED_CONTEXT((#53)) GLOBAL_UNIT_ASSIGNED_CONTEXT(
(#50,#51,#52)) REPRESENTATION_CONTEXT('Context #1',
  '3D Context with UNIT and UNCERTAINTY') );
#50 = ( LENGTH_UNIT() NAMED_UNIT(*) SI_UNIT(.MILLI.,.METRE.) );
#51 = ( NAMED_UNIT(*) PLANE_ANGLE_UNIT() SI_UNIT($,.RADIAN.) );
#52 = ( NAMED_UNIT(*) SI_UNIT($,.STERADIAN.) SOLID_ANGLE_UNIT() );
#53 = UNCERTAINTY_MEASURE_WITH_UNIT(LENGTH_MEASURE(1.E-07),#50,
  'distance_accuracy_value','confusion accuracy');
#54 = CONTEXT_DEPENDENT_SHAPE_REPRESENTATION(#55,#57);
#55 = ( REPRESENTATION_RELATIONSHIP('','',#44,#10) 
REPRESENTATION_RELATIONSHIP_WITH_TRANSFORMATION(#56) 
SHAPE_REPRESENTATION_RELATIONSHIP() );
#56 = ITEM_DEFINED_TRANSFORMATION('','',#11,#15);
#57 = PRODUCT_DEFINITION_SHAPE('Placement','Placement of an item',#58);
#58 = NEXT_ASSEMBLY_USAGE_OCCURRENCE('2','R1','',#5,#39,$);
#59 = PRODUCT_RELATED_PRODUCT_CATEGORY('part',$,(#41));
#60 = SHAPE_DEFINITION_REPRESENTATION(#61,#67);
#61 = PRODUCT_DEFINITION_SHAPE('','',#62);
#62 = PRODUCT_DEFINITION('design','',#63,#66);
#63 = PRODUCT_DEFINITION_FORMATION('','',#64);
#64 = PRODUCT('R_0402_1005Metric','R_0402_1005Metric','',(#65));
#65 = PRODUCT_CONTEXT('',#2,'mechanical');
#66 = PRODUCT_DEFINITION_CONTEXT('part definition',#2,'design');
#67 = ADVANCED_BREP_SHAPE_REPRESENTATION('',(#11,#68),#858);
#68 = MANIFOLD_SOLID_BREP('',#69);
#69 = CLOSED_SHELL('',(#70,#110,#193,#218,#243,#310,#327,#344,#393,#410,
    #427,#476,#493,#562,#593,#617,#686,#710,#727,#744,#761,#778,#795,
    #812,#829,#846));
#70 = ADVANCED_FACE('',(#71),#105,.F.);
#71 = FACE_BOUND('',#72,.F.);
#72 = EDGE_LOOP('',(#73,#83,#91,#99));
#73 = ORIENTED_EDGE('',*,*,#74,.F.);
#74 = EDGE_CURVE('',#75,#77,#79,.T.);
#75 = VERTEX_POINT('',#76);
#76 = CARTESIAN_POINT('',(-0.5,-0.25,3.5E-02));
#77 = VERTEX_POINT('',#78);
#78 = CARTESIAN_POINT('',(-0.5,-0.25,0.315));
#79 = LINE('',#80,#81);
#80 = CARTESIAN_POINT('',(-0.5,-0.25,0.));
#81 = VECTOR('',#82,1.);
#82 = DIRECTION('',(0.,0.,1.));
#83 = ORIENTED_EDGE('',*,*,#84,.T.);
#84 = EDGE_CURVE('',#75,#85,#87,.T.);
#85 = VERTEX_POINT('',#86);
#86 = CARTESIAN_POINT('',(-0.5,0.25,3.5E-02));
#87 = LINE('',#88,#89);
#88 = CARTESIAN_POINT('',(-0.5,-0.25,3.5E-02));
#89 = VECTOR('',#90,1.);
#90 = DIRECTION('',(0.,1.,0.));
#91 = ORIENTED_EDGE('',*,*,#92,.T.);
#92 = EDGE_CURVE('',#85,#93,#95,.T.);
#93 = VERTEX_POINT('',#94);
#94 = CARTESIAN_POINT('',(-0.5,0.25,0.315));
#95 = LINE('',#96,#97);
#96 = CARTESIAN_POINT('',(-0.5,0.25,0.));
#97 = VECTOR('',#98,1.);
#98 = DIRECTION('',(0.,0.,1.));
#99 = ORIENTED_EDGE('',*,*,#100,.F.);
#100 = EDGE_CURVE('',#77,#93,#101,.T.);
#101 = LINE('',#102,#103);
#102 = CARTESIAN_POINT('',(-0.5,-0.25,0.315));
#103 = VECTOR('',#104,1.);
#104 = DIRECTION('',(0.,1.,0.));
#105 = PLANE('',#106);
#106 = AXIS2_PLACEMENT_3D('',#107,#108,#109);
#107 = CARTESIAN_POINT('',(-0.5,-0.25,0.));
#108 = DIRECTION('',(1.,0.,0.));
#109 = DIRECTION('',(0.,0.,1.));
#110 = ADVANCED_FACE('',(#111),#188,.F.);
#111 = FACE_BOUND('',#112,.F.);
#112 = EDGE_LOOP('',(#113,#123,#130,#131,#140,#148,#157,#165,#173,#181)
  );
#113 = ORIENTED_EDGE('',*,*,#114,.F.);
#114 = EDGE_CURVE('',#115,#117,#119,.T.);
#115 = VERTEX_POINT('',#116);
#116 = CARTESIAN_POINT('',(-0.465,-0.25,-2.775557561563E-17));
#117 = VERTEX_POINT('',#118);
#118 = CARTESIAN_POINT('',(-0.335,-0.25,-2.775557561563E-17));
#119 = LINE('',#120,#121);
#120 = CARTESIAN_POINT('',(-0.5,-0.25,0.));
#121 = VECTOR('',#122,1.);
#122 = DIRECTION('',(1.,0.,0.));
#123 = ORIENTED_EDGE('',*,*,#124,.F.);
#124 = EDGE_CURVE('',#75,#115,#125,.T.);
#125 = CIRCLE('',#126,3.5E-02);
#126 = AXIS2_PLACEMENT_3D('',#127,#128,#129);
#127 = CARTESIAN_POINT('',(-0.465,-0.25,3.5E-02));
#128 = DIRECTION('',(0.,-1.,0.));
#129 = DIRECTION('',(0.,0.,1.));
#130 = ORIENTED_EDGE('',*,*,#74,.T.);
#131 = ORIENTED_EDGE('',*,*,#132,.T.);
#132 = EDGE_CURVE('',#77,#133,#135,.T.);
#133 = VERTEX_POINT('',#134);
#134 = CARTESIAN_POINT('',(-0.465,-0.25,0.35));
#135 = CIRCLE('',#136,3.5E-02);
#136 = AXIS2_PLACEMENT_3D('',#137,#138,#139);
#137 = CARTESIAN_POINT('',(-0.465,-0.25,0.315));
#138 = DIRECTION('',(0.,1.,0.));
#139 = DIRECTION('',(0.,-0.,1.));
#140 = ORIENTED_EDGE('',*,*,#141,.T.);
#141 = EDGE_CURVE('',#133,#142,#144,.T.);
#142 = VERTEX_POINT('',#143);
#143 = CARTESIAN_POINT('',(-0.335,-0.25,0.35));
#144 = LINE('',#145,#146);
#145 = CARTESIAN_POINT('',(-0.5,-0.25,0.35));
#146 = VECTOR('',#147,1.);
#147 = DIRECTION('',(1.,0.,0.));
#148 = ORIENTED_EDGE('',*,*,#149,.F.);
#149 = EDGE_CURVE('',#150,#142,#152,.T.);
#150 = VERTEX_POINT('',#151);
#151 = CARTESIAN_POINT('',(-0.3,-0.25,0.315));
#152 = CIRCLE('',#153,3.5E-02);
#153 = AXIS2_PLACEMENT_3D('',#154,#155,#156);
#154 = CARTESIAN_POINT('',(-0.335,-0.25,0.315));
#155 = DIRECTION('',(0.,-1.,0.));
#156 = DIRECTION('',(0.,0.,1.));
#157 = ORIENTED_EDGE('',*,*,#158,.F.);
#158 = EDGE_CURVE('',#159,#150,#161,.T.);
#159 = VERTEX_POINT('',#160);
#160 = CARTESIAN_POINT('',(-0.465,-0.25,0.315));
#161 = LINE('',#162,#163);
#162 = CARTESIAN_POINT('',(-0.465,-0.25,0.315));
#163 = VECTOR('',#164,1.);
#164 = DIRECTION('',(1.,0.,0.));
#165 = ORIENTED_EDGE('',*,*,#166,.F.);
#166 = EDGE_CURVE('',#167,#159,#169,.T.);
#167 = VERTEX_POINT('',#168);
#168 = CARTESIAN_POINT('',(-0.465,-0.25,3.5E-02));
#169 = LINE('',#170,#171);
#170 = CARTESIAN_POINT('',(-0.465,-0.25,3.5E-02));
#171 = VECTOR('',#172,1.);
#172 = DIRECTION('',(0.,0.,1.));
#173 = ORIENTED_EDGE('',*,*,#174,.T.);
#174 = EDGE_CURVE('',#167,#175,#177,.T.);
#175 = VERTEX_POINT('',#176);
#176 = CARTESIAN_POINT('',(-0.3,-0.25,3.5E-02));
#177 = LINE('',#178,#179);
#178 = CARTESIAN_POINT('',(-0.465,-0.25,3.5E-02));
#179 = VECTOR('',#180,1.);
#180 = DIRECTION('',(1.,0.,0.));
#181 = ORIENTED_EDGE('',*,*,#182,.T.);
#182 = EDGE_CURVE('',#175,#117,#183,.T.);
#183 = CIRCLE('',#184,3.5E-02);
#184 = AXIS2_PLACEMENT_3D('',#185,#186,#187);
#185 = CARTESIAN_POINT('',(-0.335,-0.25,3.5E-02));
#186 = DIRECTION('',(0.,1.,0.));
#187 = DIRECTION('',(0.,-0.,1.));
#188 = PLANE('',#189);
#189 = AXIS2_PLACEMENT_3D('',#190,#191,#192);
#190 = CARTESIAN_POINT('',(-0.5,-0.25,0.));
#191 = DIRECTION('',(0.,1.,0.));
#192 = DIRECTION('',(0.,-0.,1.));
#193 = ADVANCED_FACE('',(#194),#213,.T.);
#194 = FACE_BOUND('',#195,.T.);
#195 = EDGE_LOOP('',(#196,#197,#206,#212));
#196 = ORIENTED_EDGE('',*,*,#84,.T.);
#197 = ORIENTED_EDGE('',*,*,#198,.T.);
#198 = EDGE_CURVE('',#85,#199,#201,.T.);
#199 = VERTEX_POINT('',#200);
#200 = CARTESIAN_POINT('',(-0.465,0.25,-2.775557561563E-17));
#201 = CIRCLE('',#202,3.5E-02);
#202 = AXIS2_PLACEMENT_3D('',#203,#204,#205);
#203 = CARTESIAN_POINT('',(-0.465,0.25,3.5E-02));
#204 = DIRECTION('',(0.,-1.,0.));
#205 = DIRECTION('',(0.,0.,1.));
#206 = ORIENTED_EDGE('',*,*,#207,.F.);
#207 = EDGE_CURVE('',#115,#199,#208,.T.);
#208 = LINE('',#209,#210);
#209 = CARTESIAN_POINT('',(-0.465,-0.25,-2.775557561563E-17));
#210 = VECTOR('',#211,1.);
#211 = DIRECTION('',(0.,1.,0.));
#212 = ORIENTED_EDGE('',*,*,#124,.F.);
#213 = CYLINDRICAL_SURFACE('',#214,3.5E-02);
#214 = AXIS2_PLACEMENT_3D('',#215,#216,#217);
#215 = CARTESIAN_POINT('',(-0.465,-0.25,3.5E-02));
#216 = DIRECTION('',(0.,1.,0.));
#217 = DIRECTION('',(-1.,0.,0.));
#218 = ADVANCED_FACE('',(#219),#238,.T.);
#219 = FACE_BOUND('',#220,.T.);
#220 = EDGE_LOOP('',(#221,#222,#230,#237));
#221 = ORIENTED_EDGE('',*,*,#132,.T.);
#222 = ORIENTED_EDGE('',*,*,#223,.T.);
#223 = EDGE_CURVE('',#133,#224,#226,.T.);
#224 = VERTEX_POINT('',#225);
#225 = CARTESIAN_POINT('',(-0.465,0.25,0.35));
#226 = LINE('',#227,#228);
#227 = CARTESIAN_POINT('',(-0.465,-0.25,0.35));
#228 = VECTOR('',#229,1.);
#229 = DIRECTION('',(0.,1.,0.));
#230 = ORIENTED_EDGE('',*,*,#231,.F.);
#231 = EDGE_CURVE('',#93,#224,#232,.T.);
#232 = CIRCLE('',#233,3.5E-02);
#233 = AXIS2_PLACEMENT_3D('',#234,#235,#236);
#234 = CARTESIAN_POINT('',(-0.465,0.25,0.315));
#235 = DIRECTION('',(0.,1.,0.));
#236 = DIRECTION('',(0.,-0.,1.));
#237 = ORIENTED_EDGE('',*,*,#100,.F.);
#238 = CYLINDRICAL_SURFACE('',#239,3.5E-02);
#239 = AXIS2_PLACEMENT_3D('',#240,#241,#242);
#240 = CARTESIAN_POINT('',(-0.465,-0.25,0.315));
#241 = DIRECTION('',(0.,1.,0.));
#242 = DIRECTION('',(-1.,0.,0.));
#243 = ADVANCED_FACE('',(#244),#305,.T.);
#244 = FACE_BOUND('',#245,.T.);
#245 = EDGE_LOOP('',(#246,#254,#255,#256,#257,#265,#274,#282,#290,#298)
  );
#246 = ORIENTED_EDGE('',*,*,#247,.F.);
#247 = EDGE_CURVE('',#199,#248,#250,.T.);
#248 = VERTEX_POINT('',#249);
#249 = CARTESIAN_POINT('',(-0.335,0.25,-2.775557561563E-17));
#250 = LINE('',#251,#252);
#251 = CARTESIAN_POINT('',(-0.5,0.25,0.));
#252 = VECTOR('',#253,1.);
#253 = DIRECTION('',(1.,0.,0.));
#254 = ORIENTED_EDGE('',*,*,#198,.F.);
#255 = ORIENTED_EDGE('',*,*,#92,.T.);
#256 = ORIENTED_EDGE('',*,*,#231,.T.);
#257 = ORIENTED_EDGE('',*,*,#258,.T.);
#258 = EDGE_CURVE('',#224,#259,#261,.T.);
#259 = VERTEX_POINT('',#260);
#260 = CARTESIAN_POINT('',(-0.335,0.25,0.35));
#261 = LINE('',#262,#263);
#262 = CARTESIAN_POINT('',(-0.5,0.25,0.35));
#263 = VECTOR('',#264,1.);
#264 = DIRECTION('',(1.,0.,0.));
#265 = ORIENTED_EDGE('',*,*,#266,.F.);
#266 = EDGE_CURVE('',#267,#259,#269,.T.);
#267 = VERTEX_POINT('',#268);
#268 = CARTESIAN_POINT('',(-0.3,0.25,0.315));
#269 = CIRCLE('',#270,3.5E-02);
#270 = AXIS2_PLACEMENT_3D('',#271,#272,#273);
#271 = CARTESIAN_POINT('',(-0.335,0.25,0.315));
#272 = DIRECTION('',(0.,-1.,0.));
#273 = DIRECTION('',(0.,0.,1.));
#274 = ORIENTED_EDGE('',*,*,#275,.F.);
#275 = EDGE_CURVE('',#276,#267,#278,.T.);
#276 = VERTEX_POINT('',#277);
#277 = CARTESIAN_POINT('',(-0.465,0.25,0.315));
#278 = LINE('',#279,#280);
#279 = CARTESIAN_POINT('',(-0.465,0.25,0.315));
#280 = VECTOR('',#281,1.);
#281 = DIRECTION('',(1.,0.,0.));
#282 = ORIENTED_EDGE('',*,*,#283,.F.);
#283 = EDGE_CURVE('',#284,#276,#286,.T.);
#284 = VERTEX_POINT('',#285);
#285 = CARTESIAN_POINT('',(-0.465,0.25,3.5E-02));
#286 = LINE('',#287,#288);
#287 = CARTESIAN_POINT('',(-0.465,0.25,3.5E-02));
#288 = VECTOR('',#289,1.);
#289 = DIRECTION('',(0.,0.,1.));
#290 = ORIENTED_EDGE('',*,*,#291,.T.);
#291 = EDGE_CURVE('',#284,#292,#294,.T.);
#292 = VERTEX_POINT('',#293);
#293 = CARTESIAN_POINT('',(-0.3,0.25,3.5E-02));
#294 = LINE('',#295,#296);
#295 = CARTESIAN_POINT('',(-0.465,0.25,3.5E-02));
#296 = VECTOR('',#297,1.);
#297 = DIRECTION('',(1.,0.,0.));
#298 = ORIENTED_EDGE('',*,*,#299,.T.);
#299 = EDGE_CURVE('',#292,#248,#300,.T.);
#300 = CIRCLE('',#301,3.5E-02);
#301 = AXIS2_PLACEMENT_3D('',#302,#303,#304);
#302 = CARTESIAN_POINT('',(-0.335,0.25,3.5E-02));
#303 = DIRECTION('',(0.,1.,0.));
#304 = DIRECTION('',(0.,-0.,1.));
#305 = PLANE('',#306);
#306 = AXIS2_PLACEMENT_3D('',#307,#308,#309);
#307 = CARTESIAN_POINT('',(-0.5,0.25,0.));
#308 = DIRECTION('',(0.,1.,0.));
#309 = DIRECTION('',(0.,-0.,1.));
#310 = ADVANCED_FACE('',(#311),#322,.F.);
#311 = FACE_BOUND('',#312,.F.);
#312 = EDGE_LOOP('',(#313,#314,#315,#316));
#313 = ORIENTED_EDGE('',*,*,#247,.F.);
#314 = ORIENTED_EDGE('',*,*,#207,.F.);
#315 = ORIENTED_EDGE('',*,*,#114,.T.);
#316 = ORIENTED_EDGE('',*,*,#317,.T.);
#317 = EDGE_CURVE('',#117,#248,#318,.T.);
#318 = LINE('',#319,#320);
#319 = CARTESIAN_POINT('',(-0.335,-0.25,-2.775557561563E-17));
#320 = VECTOR('',#321,1.);
#321 = DIRECTION('',(0.,1.,0.));
#322 = PLANE('',#323);
#323 = AXIS2_PLACEMENT_3D('',#324,#325,#326);
#324 = CARTESIAN_POINT('',(-0.5,-0.25,0.));
#325 = DIRECTION('',(0.,0.,1.));
#326 = DIRECTION('',(1.,0.,-0.));
#327 = ADVANCED_FACE('',(#328),#339,.T.);
#328 = FACE_BOUND('',#329,.T.);
#329 = EDGE_LOOP('',(#330,#331,#332,#333));
#330 = ORIENTED_EDGE('',*,*,#182,.T.);
#331 = ORIENTED_EDGE('',*,*,#317,.T.);
#332 = ORIENTED_EDGE('',*,*,#299,.F.);
#333 = ORIENTED_EDGE('',*,*,#334,.F.);
#334 = EDGE_CURVE('',#175,#292,#335,.T.);
#335 = LINE('',#336,#337);
#336 = CARTESIAN_POINT('',(-0.3,-0.25,3.5E-02));
#337 = VECTOR('',#338,1.);
#338 = DIRECTION('',(0.,1.,0.));
#339 = CYLINDRICAL_SURFACE('',#340,3.5E-02);
#340 = AXIS2_PLACEMENT_3D('',#341,#342,#343);
#341 = CARTESIAN_POINT('',(-0.335,-0.25,3.5E-02));
#342 = DIRECTION('',(0.,1.,0.));
#343 = DIRECTION('',(1.,0.,0.));
#344 = ADVANCED_FACE('',(#345),#388,.F.);
#345 = FACE_BOUND('',#346,.F.);
#346 = EDGE_LOOP('',(#347,#348,#349,#350,#358,#366,#374,#382));
#347 = ORIENTED_EDGE('',*,*,#174,.F.);
#348 = ORIENTED_EDGE('',*,*,#166,.T.);
#349 = ORIENTED_EDGE('',*,*,#158,.T.);
#350 = ORIENTED_EDGE('',*,*,#351,.T.);
#351 = EDGE_CURVE('',#150,#352,#354,.T.);
#352 = VERTEX_POINT('',#353);
#353 = CARTESIAN_POINT('',(0.3,-0.25,0.315));
#354 = LINE('',#355,#356);
#355 = CARTESIAN_POINT('',(-0.3,-0.25,0.315));
#356 = VECTOR('',#357,1.);
#357 = DIRECTION('',(1.,0.,0.));
#358 = ORIENTED_EDGE('',*,*,#359,.T.);
#359 = EDGE_CURVE('',#352,#360,#362,.T.);
#360 = VERTEX_POINT('',#361);
#361 = CARTESIAN_POINT('',(0.465,-0.25,0.315));
#362 = LINE('',#363,#364);
#363 = CARTESIAN_POINT('',(-0.465,-0.25,0.315));
#364 = VECTOR('',#365,1.);
#365 = DIRECTION('',(1.,0.,0.));
#366 = ORIENTED_EDGE('',*,*,#367,.F.);
#367 = EDGE_CURVE('',#368,#360,#370,.T.);
#368 = VERTEX_POINT('',#369);
#369 = CARTESIAN_POINT('',(0.465,-0.25,3.5E-02));
#370 = LINE('',#371,#372);
#371 = CARTESIAN_POINT('',(0.465,-0.25,3.5E-02));
#372 = VECTOR('',#373,1.);
#373 = DIRECTION('',(0.,0.,1.));
#374 = ORIENTED_EDGE('',*,*,#375,.F.);
#375 = EDGE_CURVE('',#376,#368,#378,.T.);
#376 = VERTEX_POINT('',#377);
#377 = CARTESIAN_POINT('',(0.3,-0.25,3.5E-02));
#378 = LINE('',#379,#380);
#379 = CARTESIAN_POINT('',(-0.465,-0.25,3.5E-02));
#380 = VECTOR('',#381,1.);
#381 = DIRECTION('',(1.,0.,0.));
#382 = ORIENTED_EDGE('',*,*,#383,.F.);
#383 = EDGE_CURVE('',#175,#376,#384,.T.);
#384 = LINE('',#385,#386);
#385 = CARTESIAN_POINT('',(-0.465,-0.25,3.5E-02));
#386 = VECTOR('',#387,1.);
#387 = DIRECTION('',(1.,0.,0.));
#388 = PLANE('',#389);
#389 = AXIS2_PLACEMENT_3D('',#390,#391,#392);
#390 = CARTESIAN_POINT('',(-0.465,-0.25,3.5E-02));
#391 = DIRECTION('',(0.,1.,0.));
#392 = DIRECTION('',(0.,-0.,1.));
#393 = ADVANCED_FACE('',(#394),#405,.T.);
#394 = FACE_BOUND('',#395,.T.);
#395 = EDGE_LOOP('',(#396,#397,#398,#399));
#396 = ORIENTED_EDGE('',*,*,#258,.F.);
#397 = ORIENTED_EDGE('',*,*,#223,.F.);
#398 = ORIENTED_EDGE('',*,*,#141,.T.);
#399 = ORIENTED_EDGE('',*,*,#400,.T.);
#400 = EDGE_CURVE('',#142,#259,#401,.T.);
#401 = LINE('',#402,#403);
#402 = CARTESIAN_POINT('',(-0.335,-0.25,0.35));
#403 = VECTOR('',#404,1.);
#404 = DIRECTION('',(0.,1.,0.));
#405 = PLANE('',#406);
#406 = AXIS2_PLACEMENT_3D('',#407,#408,#409);
#407 = CARTESIAN_POINT('',(-0.5,-0.25,0.35));
#408 = DIRECTION('',(0.,0.,1.));
#409 = DIRECTION('',(1.,0.,-0.));
#410 = ADVANCED_FACE('',(#411),#422,.T.);
#411 = FACE_BOUND('',#412,.T.);
#412 = EDGE_LOOP('',(#413,#419,#420,#421));
#413 = ORIENTED_EDGE('',*,*,#414,.T.);
#414 = EDGE_CURVE('',#150,#267,#415,.T.);
#415 = LINE('',#416,#417);
#416 = CARTESIAN_POINT('',(-0.3,-0.25,0.315));
#417 = VECTOR('',#418,1.);
#418 = DIRECTION('',(0.,1.,0.));
#419 = ORIENTED_EDGE('',*,*,#266,.T.);
#420 = ORIENTED_EDGE('',*,*,#400,.F.);
#421 = ORIENTED_EDGE('',*,*,#149,.F.);
#422 = CYLINDRICAL_SURFACE('',#423,3.5E-02);
#423 = AXIS2_PLACEMENT_3D('',#424,#425,#426);
#424 = CARTESIAN_POINT('',(-0.335,-0.25,0.315));
#425 = DIRECTION('',(0.,1.,0.));
#426 = DIRECTION('',(1.,0.,0.));
#427 = ADVANCED_FACE('',(#428),#471,.T.);
#428 = FACE_BOUND('',#429,.T.);
#429 = EDGE_LOOP('',(#430,#431,#432,#433,#441,#449,#457,#465));
#430 = ORIENTED_EDGE('',*,*,#291,.F.);
#431 = ORIENTED_EDGE('',*,*,#283,.T.);
#432 = ORIENTED_EDGE('',*,*,#275,.T.);
#433 = ORIENTED_EDGE('',*,*,#434,.T.);
#434 = EDGE_CURVE('',#267,#435,#437,.T.);
#435 = VERTEX_POINT('',#436);
#436 = CARTESIAN_POINT('',(0.3,0.25,0.315));
#437 = LINE('',#438,#439);
#438 = CARTESIAN_POINT('',(-0.3,0.25,0.315));
#439 = VECTOR('',#440,1.);
#440 = DIRECTION('',(1.,0.,0.));
#441 = ORIENTED_EDGE('',*,*,#442,.T.);
#442 = EDGE_CURVE('',#435,#443,#445,.T.);
#443 = VERTEX_POINT('',#444);
#444 = CARTESIAN_POINT('',(0.465,0.25,0.315));
#445 = LINE('',#446,#447);
#446 = CARTESIAN_POINT('',(-0.465,0.25,0.315));
#447 = VECTOR('',#448,1.);
#448 = DIRECTION('',(1.,0.,0.));
#449 = ORIENTED_EDGE('',*,*,#450,.F.);
#450 = EDGE_CURVE('',#451,#443,#453,.T.);
#451 = VERTEX_POINT('',#452);
#452 = CARTESIAN_POINT('',(0.465,0.25,3.5E-02));
#453 = LINE('',#454,#455);
#454 = CARTESIAN_POINT('',(0.465,0.25,3.5E-02));
#455 = VECTOR('',#456,1.);
#456 = DIRECTION('',(0.,0.,1.));
#457 = ORIENTED_EDGE('',*,*,#458,.F.);
#458 = EDGE_CURVE('',#459,#451,#461,.T.);
#459 = VERTEX_POINT('',#460);
#460 = CARTESIAN_POINT('',(0.3,0.25,3.5E-02));
#461 = LINE('',#462,#463);
#462 = CARTESIAN_POINT('',(-0.465,0.25,3.5E-02));
#463 = VECTOR('',#464,1.);
#464 = DIRECTION('',(1.,0.,0.));
#465 = ORIENTED_EDGE('',*,*,#466,.F.);
#466 = EDGE_CURVE('',#292,#459,#467,.T.);
#467 = LINE('',#468,#469);
#468 = CARTESIAN_POINT('',(-0.465,0.25,3.5E-02));
#469 = VECTOR('',#470,1.);
#470 = DIRECTION('',(1.,0.,0.));
#471 = PLANE('',#472);
#472 = AXIS2_PLACEMENT_3D('',#473,#474,#475);
#473 = CARTESIAN_POINT('',(-0.465,0.25,3.5E-02));
#474 = DIRECTION('',(0.,1.,0.));
#475 = DIRECTION('',(0.,-0.,1.));
#476 = ADVANCED_FACE('',(#477),#488,.F.);
#477 = FACE_BOUND('',#478,.F.);
#478 = EDGE_LOOP('',(#479,#480,#481,#487));
#479 = ORIENTED_EDGE('',*,*,#334,.F.);
#480 = ORIENTED_EDGE('',*,*,#383,.T.);
#481 = ORIENTED_EDGE('',*,*,#482,.T.);
#482 = EDGE_CURVE('',#376,#459,#483,.T.);
#483 = LINE('',#484,#485);
#484 = CARTESIAN_POINT('',(0.3,-0.25,3.5E-02));
#485 = VECTOR('',#486,1.);
#486 = DIRECTION('',(0.,1.,0.));
#487 = ORIENTED_EDGE('',*,*,#466,.F.);
#488 = PLANE('',#489);
#489 = AXIS2_PLACEMENT_3D('',#490,#491,#492);
#490 = CARTESIAN_POINT('',(-0.465,-0.25,3.5E-02));
#491 = DIRECTION('',(0.,0.,1.));
#492 = DIRECTION('',(1.,0.,-0.));
#493 = ADVANCED_FACE('',(#494),#557,.F.);
#494 = FACE_BOUND('',#495,.F.);
#495 = EDGE_LOOP('',(#496,#506,#513,#514,#515,#516,#525,#533,#542,#550)
  );
#496 = ORIENTED_EDGE('',*,*,#497,.F.);
#497 = EDGE_CURVE('',#498,#500,#502,.T.);
#498 = VERTEX_POINT('',#499);
#499 = CARTESIAN_POINT('',(0.335,-0.25,-2.775557561563E-17));
#500 = VERTEX_POINT('',#501);
#501 = CARTESIAN_POINT('',(0.465,-0.25,-2.775557561563E-17));
#502 = LINE('',#503,#504);
#503 = CARTESIAN_POINT('',(0.3,-0.25,0.));
#504 = VECTOR('',#505,1.);
#505 = DIRECTION('',(1.,0.,0.));
#506 = ORIENTED_EDGE('',*,*,#507,.F.);
#507 = EDGE_CURVE('',#376,#498,#508,.T.);
#508 = CIRCLE('',#509,3.5E-02);
#509 = AXIS2_PLACEMENT_3D('',#510,#511,#512);
#510 = CARTESIAN_POINT('',(0.335,-0.25,3.5E-02));
#511 = DIRECTION('',(0.,-1.,0.));
#512 = DIRECTION('',(0.,0.,1.));
#513 = ORIENTED_EDGE('',*,*,#375,.T.);
#514 = ORIENTED_EDGE('',*,*,#367,.T.);
#515 = ORIENTED_EDGE('',*,*,#359,.F.);
#516 = ORIENTED_EDGE('',*,*,#517,.T.);
#517 = EDGE_CURVE('',#352,#518,#520,.T.);
#518 = VERTEX_POINT('',#519);
#519 = CARTESIAN_POINT('',(0.335,-0.25,0.35));
#520 = CIRCLE('',#521,3.5E-02);
#521 = AXIS2_PLACEMENT_3D('',#522,#523,#524);
#522 = CARTESIAN_POINT('',(0.335,-0.25,0.315));
#523 = DIRECTION('',(0.,1.,0.));
#524 = DIRECTION('',(0.,-0.,1.));
#525 = ORIENTED_EDGE('',*,*,#526,.T.);
#526 = EDGE_CURVE('',#518,#527,#529,.T.);
#527 = VERTEX_POINT('',#528);
#528 = CARTESIAN_POINT('',(0.465,-0.25,0.35));
#529 = LINE('',#530,#531);
#530 = CARTESIAN_POINT('',(0.3,-0.25,0.35));
#531 = VECTOR('',#532,1.);
#532 = DIRECTION('',(1.,0.,0.));
#533 = ORIENTED_EDGE('',*,*,#534,.F.);
#534 = EDGE_CURVE('',#535,#527,#537,.T.);
#535 = VERTEX_POINT('',#536);
#536 = CARTESIAN_POINT('',(0.5,-0.25,0.315));
#537 = CIRCLE('',#538,3.5E-02);
#538 = AXIS2_PLACEMENT_3D('',#539,#540,#541);
#539 = CARTESIAN_POINT('',(0.465,-0.25,0.315));
#540 = DIRECTION('',(0.,-1.,0.));
#541 = DIRECTION('',(0.,0.,1.));
#542 = ORIENTED_EDGE('',*,*,#543,.F.);
#543 = EDGE_CURVE('',#544,#535,#546,.T.);
#544 = VERTEX_POINT('',#545);
#545 = CARTESIAN_POINT('',(0.5,-0.25,3.5E-02));
#546 = LINE('',#547,#548);
#547 = CARTESIAN_POINT('',(0.5,-0.25,0.));
#548 = VECTOR('',#549,1.);
#549 = DIRECTION('',(0.,0.,1.));
#550 = ORIENTED_EDGE('',*,*,#551,.T.);
#551 = EDGE_CURVE('',#544,#500,#552,.T.);
#552 = CIRCLE('',#553,3.5E-02);
#553 = AXIS2_PLACEMENT_3D('',#554,#555,#556);
#554 = CARTESIAN_POINT('',(0.465,-0.25,3.5E-02));
#555 = DIRECTION('',(0.,1.,0.));
#556 = DIRECTION('',(0.,-0.,1.));
#557 = PLANE('',#558);
#558 = AXIS2_PLACEMENT_3D('',#559,#560,#561);
#559 = CARTESIAN_POINT('',(0.3,-0.25,0.));
#560 = DIRECTION('',(0.,1.,0.));
#561 = DIRECTION('',(0.,-0.,1.));
#562 = ADVANCED_FACE('',(#563),#588,.F.);
#563 = FACE_BOUND('',#564,.F.);
#564 = EDGE_LOOP('',(#565,#566,#574,#582));
#565 = ORIENTED_EDGE('',*,*,#351,.F.);
#566 = ORIENTED_EDGE('',*,*,#567,.T.);
#567 = EDGE_CURVE('',#150,#568,#570,.T.);
#568 = VERTEX_POINT('',#569);
#569 = CARTESIAN_POINT('',(-0.3,-0.25,0.35));
#570 = LINE('',#571,#572);
#571 = CARTESIAN_POINT('',(-0.3,-0.25,0.315));
#572 = VECTOR('',#573,1.);
#573 = DIRECTION('',(0.,0.,1.));
#574 = ORIENTED_EDGE('',*,*,#575,.T.);
#575 = EDGE_CURVE('',#568,#576,#578,.T.);
#576 = VERTEX_POINT('',#577);
#577 = CARTESIAN_POINT('',(0.3,-0.25,0.35));
#578 = LINE('',#579,#580);
#579 = CARTESIAN_POINT('',(-0.3,-0.25,0.35));
#580 = VECTOR('',#581,1.);
#581 = DIRECTION('',(1.,0.,0.));
#582 = ORIENTED_EDGE('',*,*,#583,.F.);
#583 = EDGE_CURVE('',#352,#576,#584,.T.);
#584 = LINE('',#585,#586);
#585 = CARTESIAN_POINT('',(0.3,-0.25,0.315));
#586 = VECTOR('',#587,1.);
#587 = DIRECTION('',(0.,0.,1.));
#588 = PLANE('',#589);
#589 = AXIS2_PLACEMENT_3D('',#590,#591,#592);
#590 = CARTESIAN_POINT('',(-0.3,-0.25,0.315));
#591 = DIRECTION('',(0.,1.,0.));
#592 = DIRECTION('',(0.,-0.,1.));
#593 = ADVANCED_FACE('',(#594),#612,.F.);
#594 = FACE_BOUND('',#595,.F.);
#595 = EDGE_LOOP('',(#596,#597,#598,#606));
#596 = ORIENTED_EDGE('',*,*,#567,.F.);
#597 = ORIENTED_EDGE('',*,*,#414,.T.);
#598 = ORIENTED_EDGE('',*,*,#599,.T.);
#599 = EDGE_CURVE('',#267,#600,#602,.T.);
#600 = VERTEX_POINT('',#601);
#601 = CARTESIAN_POINT('',(-0.3,0.25,0.35));
#602 = LINE('',#603,#604);
#603 = CARTESIAN_POINT('',(-0.3,0.25,0.315));
#604 = VECTOR('',#605,1.);
#605 = DIRECTION('',(0.,0.,1.));
#606 = ORIENTED_EDGE('',*,*,#607,.F.);
#607 = EDGE_CURVE('',#568,#600,#608,.T.);
#608 = LINE('',#609,#610);
#609 = CARTESIAN_POINT('',(-0.3,-0.25,0.35));
#610 = VECTOR('',#611,1.);
#611 = DIRECTION('',(0.,1.,0.));
#612 = PLANE('',#613);
#613 = AXIS2_PLACEMENT_3D('',#614,#615,#616);
#614 = CARTESIAN_POINT('',(-0.3,-0.25,0.315));
#615 = DIRECTION('',(1.,0.,0.));
#616 = DIRECTION('',(0.,0.,1.));
#617 = ADVANCED_FACE('',(#618),#681,.T.);
#618 = FACE_BOUND('',#619,.T.);
#619 = EDGE_LOOP('',(#620,#630,#637,#638,#639,#640,#649,#657,#666,#674)
  );
#620 = ORIENTED_EDGE('',*,*,#621,.F.);
#621 = EDGE_CURVE('',#622,#624,#626,.T.);
#622 = VERTEX_POINT('',#623);
#623 = CARTESIAN_POINT('',(0.335,0.25,-2.775557561563E-17));
#624 = VERTEX_POINT('',#625);
#625 = CARTESIAN_POINT('',(0.465,0.25,-2.775557561563E-17));
#626 = LINE('',#627,#628);
#627 = CARTESIAN_POINT('',(0.3,0.25,0.));
#628 = VECTOR('',#629,1.);
#629 = DIRECTION('',(1.,0.,0.));
#630 = ORIENTED_EDGE('',*,*,#631,.F.);
#631 = EDGE_CURVE('',#459,#622,#632,.T.);
#632 = CIRCLE('',#633,3.5E-02);
#633 = AXIS2_PLACEMENT_3D('',#634,#635,#636);
#634 = CARTESIAN_POINT('',(0.335,0.25,3.5E-02));
#635 = DIRECTION('',(0.,-1.,0.));
#636 = DIRECTION('',(0.,0.,1.));
#637 = ORIENTED_EDGE('',*,*,#458,.T.);
#638 = ORIENTED_EDGE('',*,*,#450,.T.);
#639 = ORIENTED_EDGE('',*,*,#442,.F.);
#640 = ORIENTED_EDGE('',*,*,#641,.T.);
#641 = EDGE_CURVE('',#435,#642,#644,.T.);
#642 = VERTEX_POINT('',#643);
#643 = CARTESIAN_POINT('',(0.335,0.25,0.35));
#644 = CIRCLE('',#645,3.5E-02);
#645 = AXIS2_PLACEMENT_3D('',#646,#647,#648);
#646 = CARTESIAN_POINT('',(0.335,0.25,0.315));
#647 = DIRECTION('',(0.,1.,0.));
#648 = DIRECTION('',(0.,-0.,1.));
#649 = ORIENTED_EDGE('',*,*,#650,.T.);
#650 = EDGE_CURVE('',#642,#651,#653,.T.);
#651 = VERTEX_POINT('',#652);
#652 = CARTESIAN_POINT('',(0.465,0.25,0.35));
#653 = LINE('',#654,#655);
#654 = CARTESIAN_POINT('',(0.3,0.25,0.35));
#655 = VECTOR('',#656,1.);
#656 = DIRECTION('',(1.,0.,0.));
#657 = ORIENTED_EDGE('',*,*,#658,.F.);
#658 = EDGE_CURVE('',#659,#651,#661,.T.);
#659 = VERTEX_POINT('',#660);
#660 = CARTESIAN_POINT('',(0.5,0.25,0.315));
#661 = CIRCLE('',#662,3.5E-02);
#662 = AXIS2_PLACEMENT_3D('',#663,#664,#665);
#663 = CARTESIAN_POINT('',(0.465,0.25,0.315));
#664 = DIRECTION('',(0.,-1.,0.));
#665 = DIRECTION('',(0.,0.,1.));
#666 = ORIENTED_EDGE('',*,*,#667,.F.);
#667 = EDGE_CURVE('',#668,#659,#670,.T.);
#668 = VERTEX_POINT('',#669);
#669 = CARTESIAN_POINT('',(0.5,0.25,3.5E-02));
#670 = LINE('',#671,#672);
#671 = CARTESIAN_POINT('',(0.5,0.25,0.));
#672 = VECTOR('',#673,1.);
#673 = DIRECTION('',(0.,0.,1.));
#674 = ORIENTED_EDGE('',*,*,#675,.T.);
#675 = EDGE_CURVE('',#668,#624,#676,.T.);
#676 = CIRCLE('',#677,3.5E-02);
#677 = AXIS2_PLACEMENT_3D('',#678,#679,#680);
#678 = CARTESIAN_POINT('',(0.465,0.25,3.5E-02));
#679 = DIRECTION('',(0.,1.,0.));
#680 = DIRECTION('',(0.,-0.,1.));
#681 = PLANE('',#682);
#682 = AXIS2_PLACEMENT_3D('',#683,#684,#685);
#683 = CARTESIAN_POINT('',(0.3,0.25,0.));
#684 = DIRECTION('',(0.,1.,0.));
#685 = DIRECTION('',(0.,-0.,1.));
#686 = ADVANCED_FACE('',(#687),#705,.T.);
#687 = FACE_BOUND('',#688,.T.);
#688 = EDGE_LOOP('',(#689,#690,#691,#699));
#689 = ORIENTED_EDGE('',*,*,#434,.F.);
#690 = ORIENTED_EDGE('',*,*,#599,.T.);
#691 = ORIENTED_EDGE('',*,*,#692,.T.);
#692 = EDGE_CURVE('',#600,#693,#695,.T.);
#693 = VERTEX_POINT('',#694);
#694 = CARTESIAN_POINT('',(0.3,0.25,0.35));
#695 = LINE('',#696,#697);
#696 = CARTESIAN_POINT('',(-0.3,0.25,0.35));
#697 = VECTOR('',#698,1.);
#698 = DIRECTION('',(1.,0.,0.));
#699 = ORIENTED_EDGE('',*,*,#700,.F.);
#700 = EDGE_CURVE('',#435,#693,#701,.T.);
#701 = LINE('',#702,#703);
#702 = CARTESIAN_POINT('',(0.3,0.25,0.315));
#703 = VECTOR('',#704,1.);
#704 = DIRECTION('',(0.,0.,1.));
#705 = PLANE('',#706);
#706 = AXIS2_PLACEMENT_3D('',#707,#708,#709);
#707 = CARTESIAN_POINT('',(-0.3,0.25,0.315));
#708 = DIRECTION('',(0.,1.,0.));
#709 = DIRECTION('',(0.,-0.,1.));
#710 = ADVANCED_FACE('',(#711),#722,.T.);
#711 = FACE_BOUND('',#712,.T.);
#712 = EDGE_LOOP('',(#713,#714,#715,#721));
#713 = ORIENTED_EDGE('',*,*,#482,.T.);
#714 = ORIENTED_EDGE('',*,*,#631,.T.);
#715 = ORIENTED_EDGE('',*,*,#716,.F.);
#716 = EDGE_CURVE('',#498,#622,#717,.T.);
#717 = LINE('',#718,#719);
#718 = CARTESIAN_POINT('',(0.335,-0.25,-2.775557561563E-17));
#719 = VECTOR('',#720,1.);
#720 = DIRECTION('',(0.,1.,0.));
#721 = ORIENTED_EDGE('',*,*,#507,.F.);
#722 = CYLINDRICAL_SURFACE('',#723,3.5E-02);
#723 = AXIS2_PLACEMENT_3D('',#724,#725,#726);
#724 = CARTESIAN_POINT('',(0.335,-0.25,3.5E-02));
#725 = DIRECTION('',(0.,1.,0.));
#726 = DIRECTION('',(-1.,0.,0.));
#727 = ADVANCED_FACE('',(#728),#739,.F.);
#728 = FACE_BOUND('',#729,.F.);
#729 = EDGE_LOOP('',(#730,#731,#732,#733));
#730 = ORIENTED_EDGE('',*,*,#621,.F.);
#731 = ORIENTED_EDGE('',*,*,#716,.F.);
#732 = ORIENTED_EDGE('',*,*,#497,.T.);
#733 = ORIENTED_EDGE('',*,*,#734,.T.);
#734 = EDGE_CURVE('',#500,#624,#735,.T.);
#735 = LINE('',#736,#737);
#736 = CARTESIAN_POINT('',(0.465,-0.25,-2.775557561563E-17));
#737 = VECTOR('',#738,1.);
#738 = DIRECTION('',(0.,1.,0.));
#739 = PLANE('',#740);
#740 = AXIS2_PLACEMENT_3D('',#741,#742,#743);
#741 = CARTESIAN_POINT('',(0.3,-0.25,0.));
#742 = DIRECTION('',(0.,0.,1.));
#743 = DIRECTION('',(1.,0.,-0.));
#744 = ADVANCED_FACE('',(#745),#756,.T.);
#745 = FACE_BOUND('',#746,.T.);
#746 = EDGE_LOOP('',(#747,#748,#749,#750));
#747 = ORIENTED_EDGE('',*,*,#551,.T.);
#748 = ORIENTED_EDGE('',*,*,#734,.T.);
#749 = ORIENTED_EDGE('',*,*,#675,.F.);
#750 = ORIENTED_EDGE('',*,*,#751,.F.);
#751 = EDGE_CURVE('',#544,#668,#752,.T.);
#752 = LINE('',#753,#754);
#753 = CARTESIAN_POINT('',(0.5,-0.25,3.5E-02));
#754 = VECTOR('',#755,1.);
#755 = DIRECTION('',(0.,1.,0.));
#756 = CYLINDRICAL_SURFACE('',#757,3.5E-02);
#757 = AXIS2_PLACEMENT_3D('',#758,#759,#760);
#758 = CARTESIAN_POINT('',(0.465,-0.25,3.5E-02));
#759 = DIRECTION('',(0.,1.,0.));
#760 = DIRECTION('',(1.,0.,0.));
#761 = ADVANCED_FACE('',(#762),#773,.T.);
#762 = FACE_BOUND('',#763,.T.);
#763 = EDGE_LOOP('',(#764,#765,#766,#767));
#764 = ORIENTED_EDGE('',*,*,#543,.F.);
#765 = ORIENTED_EDGE('',*,*,#751,.T.);
#766 = ORIENTED_EDGE('',*,*,#667,.T.);
#767 = ORIENTED_EDGE('',*,*,#768,.F.);
#768 = EDGE_CURVE('',#535,#659,#769,.T.);
#769 = LINE('',#770,#771);
#770 = CARTESIAN_POINT('',(0.5,-0.25,0.315));
#771 = VECTOR('',#772,1.);
#772 = DIRECTION('',(0.,1.,0.));
#773 = PLANE('',#774);
#774 = AXIS2_PLACEMENT_3D('',#775,#776,#777);
#775 = CARTESIAN_POINT('',(0.5,-0.25,0.));
#776 = DIRECTION('',(1.,0.,0.));
#777 = DIRECTION('',(0.,0.,1.));
#778 = ADVANCED_FACE('',(#779),#790,.T.);
#779 = FACE_BOUND('',#780,.T.);
#780 = EDGE_LOOP('',(#781,#782,#783,#789));
#781 = ORIENTED_EDGE('',*,*,#768,.T.);
#782 = ORIENTED_EDGE('',*,*,#658,.T.);
#783 = ORIENTED_EDGE('',*,*,#784,.F.);
#784 = EDGE_CURVE('',#527,#651,#785,.T.);
#785 = LINE('',#786,#787);
#786 = CARTESIAN_POINT('',(0.465,-0.25,0.35));
#787 = VECTOR('',#788,1.);
#788 = DIRECTION('',(0.,1.,0.));
#789 = ORIENTED_EDGE('',*,*,#534,.F.);
#790 = CYLINDRICAL_SURFACE('',#791,3.5E-02);
#791 = AXIS2_PLACEMENT_3D('',#792,#793,#794);
#792 = CARTESIAN_POINT('',(0.465,-0.25,0.315));
#793 = DIRECTION('',(0.,1.,0.));
#794 = DIRECTION('',(1.,0.,0.));
#795 = ADVANCED_FACE('',(#796),#807,.T.);
#796 = FACE_BOUND('',#797,.T.);
#797 = EDGE_LOOP('',(#798,#799,#805,#806));
#798 = ORIENTED_EDGE('',*,*,#650,.F.);
#799 = ORIENTED_EDGE('',*,*,#800,.F.);
#800 = EDGE_CURVE('',#518,#642,#801,.T.);
#801 = LINE('',#802,#803);
#802 = CARTESIAN_POINT('',(0.335,-0.25,0.35));
#803 = VECTOR('',#804,1.);
#804 = DIRECTION('',(0.,1.,0.));
#805 = ORIENTED_EDGE('',*,*,#526,.T.);
#806 = ORIENTED_EDGE('',*,*,#784,.T.);
#807 = PLANE('',#808);
#808 = AXIS2_PLACEMENT_3D('',#809,#810,#811);
#809 = CARTESIAN_POINT('',(0.3,-0.25,0.35));
#810 = DIRECTION('',(0.,0.,1.));
#811 = DIRECTION('',(1.,0.,-0.));
#812 = ADVANCED_FACE('',(#813),#824,.T.);
#813 = FACE_BOUND('',#814,.T.);
#814 = EDGE_LOOP('',(#815,#816,#817,#818));
#815 = ORIENTED_EDGE('',*,*,#517,.T.);
#816 = ORIENTED_EDGE('',*,*,#800,.T.);
#817 = ORIENTED_EDGE('',*,*,#641,.F.);
#818 = ORIENTED_EDGE('',*,*,#819,.F.);
#819 = EDGE_CURVE('',#352,#435,#820,.T.);
#820 = LINE('',#821,#822);
#821 = CARTESIAN_POINT('',(0.3,-0.25,0.315));
#822 = VECTOR('',#823,1.);
#823 = DIRECTION('',(0.,1.,0.));
#824 = CYLINDRICAL_SURFACE('',#825,3.5E-02);
#825 = AXIS2_PLACEMENT_3D('',#826,#827,#828);
#826 = CARTESIAN_POINT('',(0.335,-0.25,0.315));
#827 = DIRECTION('',(0.,1.,0.));
#828 = DIRECTION('',(-1.,0.,0.));
#829 = ADVANCED_FACE('',(#830),#841,.T.);
#830 = FACE_BOUND('',#831,.T.);
#831 = EDGE_LOOP('',(#832,#833,#834,#835));
#832 = ORIENTED_EDGE('',*,*,#583,.F.);
#833 = ORIENTED_EDGE('',*,*,#819,.T.);
#834 = ORIENTED_EDGE('',*,*,#700,.T.);
#835 = ORIENTED_EDGE('',*,*,#836,.F.);
#836 = EDGE_CURVE('',#576,#693,#837,.T.);
#837 = LINE('',#838,#839);
#838 = CARTESIAN_POINT('',(0.3,-0.25,0.35));
#839 = VECTOR('',#840,1.);
#840 = DIRECTION('',(0.,1.,0.));
#841 = PLANE('',#842);
#842 = AXIS2_PLACEMENT_3D('',#843,#844,#845);
#843 = CARTESIAN_POINT('',(0.3,-0.25,0.315));
#844 = DIRECTION('',(1.,0.,0.));
#845 = DIRECTION('',(0.,0.,1.));
#846 = ADVANCED_FACE('',(#847),#853,.T.);
#847 = FACE_BOUND('',#848,.T.);
#848 = EDGE_LOOP('',(#849,#850,#851,#852));
#849 = ORIENTED_EDGE('',*,*,#607,.F.);
#850 = ORIENTED_EDGE('',*,*,#575,.T.);
#851 = ORIENTED_EDGE('',*,*,#836,.T.);
#852 = ORIENTED_EDGE('',*,*,#692,.F.);
#853 = PLANE('',#854);
#854 = AXIS2_PLACEMENT_3D('',#855,#856,#857);
#855 = CARTESIAN_POINT('',(-0.3,-0.25,0.35));
#856 = DIRECTION('',(0.,0.,1.));
#857 = DIRECTION('',(1.,0.,-0.));
#858 = ( GEOMETRIC_REPRESENTATION_CONTEXT(3) 
GLOBAL_UNCERTAINTY_ASSIGNED_CONTEXT((#862)) GLOBAL_UNIT_ASSIGNED_CONTEXT
((#859,#860,#861)) REPRESENTATION_CONTEXT('Context #1',
  '3D Context with UNIT and UNCERTAINTY') );
#859 = ( LENGTH_UNIT() NAMED_UNIT(*) SI_UNIT(.MILLI.,.METRE.) );
#860 = ( NAMED_UNIT(*) PLANE_ANGLE_UNIT() SI_UNIT($,.RADIAN.) );
#861 = ( NAMED_UNIT(*) SI_UNIT($,.STERADIAN.) SOLID_ANGLE_UNIT() );
#862 = UNCERTAINTY_MEASURE_WITH_UNIT(LENGTH_MEASURE(1.E-07),#859,
  'distance_accuracy_value','confusion accuracy');
#863 = CONTEXT_DEPENDENT_SHAPE_REPRESENTATION(#864,#866);
#864 = ( REPRESENTATION_RELATIONSHIP('','',#67,#44) 
REPRESENTATION_RELATIONSHIP_WITH_TRANSFORMATION(#865) 
SHAPE_REPRESENTATION_RELATIONSHIP() );
#865 = ITEM_DEFINED_TRANSFORMATION('','',#11,#45);
#866 = PRODUCT_DEFINITION_SHAPE('Placement','Placement of an item',#867
  );
#867 = NEXT_ASSEMBLY_USAGE_OCCURRENCE('1','=>[0:1:1:3]','',#39,#62,$);
#868 = PRODUCT_RELATED_PRODUCT_CATEGORY('part',$,(#64));
#869 = SHAPE_DEFINITION_REPRESENTATION(#870,#876);
#870 = PRODUCT_DEFINITION_SHAPE('','',#871);
#871 = PRODUCT_DEFINITION('design','',#872,#875);
#872 = PRODUCT_DEFINITION_FORMATION('','',#873);
#873 = PRODUCT('HeaFAF2_pad','HeaFAF2_pad','',(#874));
#874 = PRODUCT_CONTEXT('',#2,'mechanical');
#875 = PRODUCT_DEFINITION_CONTEXT('part definition',#2,'design');
#876 = SHAPE_REPRESENTATION('',(#11,#877,#1027,#1177,#1467,#1617,#1767),
  #2057);
#877 = MANIFOLD_SOLID_BREP('',#878);
#878 = CLOSED_SHELL('',(#879,#919,#950,#981,#1003,#1015));
#879 = ADVANCED_FACE('',(#880),#914,.T.);
#880 = FACE_BOUND('',#881,.T.);
#881 = EDGE_LOOP('',(#882,#892,#900,#908));
#882 = ORIENTED_EDGE('',*,*,#883,.T.);
#883 = EDGE_CURVE('',#884,#886,#888,.T.);
#884 = VERTEX_POINT('',#885);
#885 = CARTESIAN_POINT('',(161.028,-152.169,1.51));
#886 = VERTEX_POINT('',#887);
#887 = CARTESIAN_POINT('',(161.028,-152.169,1.55));
#888 = LINE('',#889,#890);
#889 = CARTESIAN_POINT('',(161.028,-152.169,1.51));
#890 = VECTOR('',#891,1.);
#891 = DIRECTION('',(0.,0.,1.));
#892 = ORIENTED_EDGE('',*,*,#893,.T.);
#893 = EDGE_CURVE('',#886,#894,#896,.T.);
#894 = VERTEX_POINT('',#895);
#895 = CARTESIAN_POINT('',(161.028,-148.169,1.55));
#896 = LINE('',#897,#898);
#897 = CARTESIAN_POINT('',(161.028,-152.169,1.55));
#898 = VECTOR('',#899,1.);
#899 = DIRECTION('',(0.,1.,0.));
#900 = ORIENTED_EDGE('',*,*,#901,.F.);
#901 = EDGE_CURVE('',#902,#894,#904,.T.);
#902 = VERTEX_POINT('',#903);
#903 = CARTESIAN_POINT('',(161.028,-148.169,1.51));
#904 = LINE('',#905,#906);
#905 = CARTESIAN_POINT('',(161.028,-148.169,1.51));
#906 = VECTOR('',#907,1.);
#907 = DIRECTION('',(0.,0.,1.));
#908 = ORIENTED_EDGE('',*,*,#909,.F.);
#909 = EDGE_CURVE('',#884,#902,#910,.T.);
#910 = LINE('',#911,#912);
#911 = CARTESIAN_POINT('',(161.028,-152.169,1.51));
#912 = VECTOR('',#913,1.);
#913 = DIRECTION('',(0.,1.,0.));
#914 = PLANE('',#915);
#915 = AXIS2_PLACEMENT_3D('',#916,#917,#918);
#916 = CARTESIAN_POINT('',(161.028,-152.169,1.51));
#917 = DIRECTION('',(-1.,0.,0.));
#918 = DIRECTION('',(0.,1.,0.));
#919 = ADVANCED_FACE('',(#920),#945,.T.);
#920 = FACE_BOUND('',#921,.T.);
#921 = EDGE_LOOP('',(#922,#923,#931,#939));
#922 = ORIENTED_EDGE('',*,*,#901,.T.);
#923 = ORIENTED_EDGE('',*,*,#924,.T.);
#924 = EDGE_CURVE('',#894,#925,#927,.T.);
#925 = VERTEX_POINT('',#926);
#926 = CARTESIAN_POINT('',(165.028,-148.169,1.55));
#927 = LINE('',#928,#929);
#928 = CARTESIAN_POINT('',(161.028,-148.169,1.55));
#929 = VECTOR('',#930,1.);
#930 = DIRECTION('',(1.,0.,0.));
#931 = ORIENTED_EDGE('',*,*,#932,.F.);
#932 = EDGE_CURVE('',#933,#925,#935,.T.);
#933 = VERTEX_POINT('',#934);
#934 = CARTESIAN_POINT('',(165.028,-148.169,1.51));
#935 = LINE('',#936,#937);
#936 = CARTESIAN_POINT('',(165.028,-148.169,1.51));
#937 = VECTOR('',#938,1.);
#938 = DIRECTION('',(0.,0.,1.));
#939 = ORIENTED_EDGE('',*,*,#940,.F.);
#940 = EDGE_CURVE('',#902,#933,#941,.T.);
#941 = LINE('',#942,#943);
#942 = CARTESIAN_POINT('',(161.028,-148.169,1.51));
#943 = VECTOR('',#944,1.);
#944 = DIRECTION('',(1.,0.,0.));
#945 = PLANE('',#946);
#946 = AXIS2_PLACEMENT_3D('',#947,#948,#949);
#947 = CARTESIAN_POINT('',(161.028,-148.169,1.51));
#948 = DIRECTION('',(0.,1.,0.));
#949 = DIRECTION('',(1.,0.,0.));
#950 = ADVANCED_FACE('',(#951),#976,.T.);
#951 = FACE_BOUND('',#952,.T.);
#952 = EDGE_LOOP('',(#953,#954,#962,#970));
#953 = ORIENTED_EDGE('',*,*,#932,.T.);
#954 = ORIENTED_EDGE('',*,*,#955,.T.);
#955 = EDGE_CURVE('',#925,#956,#958,.T.);
#956 = VERTEX_POINT('',#957);
#957 = CARTESIAN_POINT('',(165.028,-152.169,1.55));
#958 = LINE('',#959,#960);
#959 = CARTESIAN_POINT('',(165.028,-148.169,1.55));
#960 = VECTOR('',#961,1.);
#961 = DIRECTION('',(0.,-1.,0.));
#962 = ORIENTED_EDGE('',*,*,#963,.F.);
#963 = EDGE_CURVE('',#964,#956,#966,.T.);
#964 = VERTEX_POINT('',#965);
#965 = CARTESIAN_POINT('',(165.028,-152.169,1.51));
#966 = LINE('',#967,#968);
#967 = CARTESIAN_POINT('',(165.028,-152.169,1.51));
#968 = VECTOR('',#969,1.);
#969 = DIRECTION('',(0.,0.,1.));
#970 = ORIENTED_EDGE('',*,*,#971,.F.);
#971 = EDGE_CURVE('',#933,#964,#972,.T.);
#972 = LINE('',#973,#974);
#973 = CARTESIAN_POINT('',(165.028,-148.169,1.51));
#974 = VECTOR('',#975,1.);
#975 = DIRECTION('',(0.,-1.,0.));
#976 = PLANE('',#977);
#977 = AXIS2_PLACEMENT_3D('',#978,#979,#980);
#978 = CARTESIAN_POINT('',(165.028,-148.169,1.51));
#979 = DIRECTION('',(1.,0.,-0.));
#980 = DIRECTION('',(0.,-1.,0.));
#981 = ADVANCED_FACE('',(#982),#998,.T.);
#982 = FACE_BOUND('',#983,.T.);
#983 = EDGE_LOOP('',(#984,#985,#991,#992));
#984 = ORIENTED_EDGE('',*,*,#963,.T.);
#985 = ORIENTED_EDGE('',*,*,#986,.T.);
#986 = EDGE_CURVE('',#956,#886,#987,.T.);
#987 = LINE('',#988,#989);
#988 = CARTESIAN_POINT('',(165.028,-152.169,1.55));
#989 = VECTOR('',#990,1.);
#990 = DIRECTION('',(-1.,0.,0.));
#991 = ORIENTED_EDGE('',*,*,#883,.F.);
#992 = ORIENTED_EDGE('',*,*,#993,.F.);
#993 = EDGE_CURVE('',#964,#884,#994,.T.);
#994 = LINE('',#995,#996);
#995 = CARTESIAN_POINT('',(165.028,-152.169,1.51));
#996 = VECTOR('',#997,1.);
#997 = DIRECTION('',(-1.,0.,0.));
#998 = PLANE('',#999);
#999 = AXIS2_PLACEMENT_3D('',#1000,#1001,#1002);
#1000 = CARTESIAN_POINT('',(165.028,-152.169,1.51));
#1001 = DIRECTION('',(0.,-1.,0.));
#1002 = DIRECTION('',(-1.,0.,0.));
#1003 = ADVANCED_FACE('',(#1004),#1010,.F.);
#1004 = FACE_BOUND('',#1005,.T.);
#1005 = EDGE_LOOP('',(#1006,#1007,#1008,#1009));
#1006 = ORIENTED_EDGE('',*,*,#909,.T.);
#1007 = ORIENTED_EDGE('',*,*,#940,.T.);
#1008 = ORIENTED_EDGE('',*,*,#971,.T.);
#1009 = ORIENTED_EDGE('',*,*,#993,.T.);
#1010 = PLANE('',#1011);
#1011 = AXIS2_PLACEMENT_3D('',#1012,#1013,#1014);
#1012 = CARTESIAN_POINT('',(0.,0.,1.51));
#1013 = DIRECTION('',(0.,0.,1.));
#1014 = DIRECTION('',(1.,0.,-0.));
#1015 = ADVANCED_FACE('',(#1016),#1022,.T.);
#1016 = FACE_BOUND('',#1017,.F.);
#1017 = EDGE_LOOP('',(#1018,#1019,#1020,#1021));
#1018 = ORIENTED_EDGE('',*,*,#893,.T.);
#1019 = ORIENTED_EDGE('',*,*,#924,.T.);
#1020 = ORIENTED_EDGE('',*,*,#955,.T.);
#1021 = ORIENTED_EDGE('',*,*,#986,.T.);
#1022 = PLANE('',#1023);
#1023 = AXIS2_PLACEMENT_3D('',#1024,#1025,#1026);
#1024 = CARTESIAN_POINT('',(0.,0.,1.55));
#1025 = DIRECTION('',(0.,0.,1.));
#1026 = DIRECTION('',(1.,0.,-0.));
#1027 = MANIFOLD_SOLID_BREP('',#1028);
#1028 = CLOSED_SHELL('',(#1029,#1069,#1100,#1131,#1153,#1165));
#1029 = ADVANCED_FACE('',(#1030),#1064,.T.);
#1030 = FACE_BOUND('',#1031,.T.);
#1031 = EDGE_LOOP('',(#1032,#1042,#1050,#1058));
#1032 = ORIENTED_EDGE('',*,*,#1033,.T.);
#1033 = EDGE_CURVE('',#1034,#1036,#1038,.T.);
#1034 = VERTEX_POINT('',#1035);
#1035 = CARTESIAN_POINT('',(181.028,-152.169,1.51));
#1036 = VERTEX_POINT('',#1037);
#1037 = CARTESIAN_POINT('',(181.028,-152.169,1.55));
#1038 = LINE('',#1039,#1040);
#1039 = CARTESIAN_POINT('',(181.028,-152.169,1.51));
#1040 = VECTOR('',#1041,1.);
#1041 = DIRECTION('',(0.,0.,1.));
#1042 = ORIENTED_EDGE('',*,*,#1043,.T.);
#1043 = EDGE_CURVE('',#1036,#1044,#1046,.T.);
#1044 = VERTEX_POINT('',#1045);
#1045 = CARTESIAN_POINT('',(181.028,-148.169,1.55));
#1046 = LINE('',#1047,#1048);
#1047 = CARTESIAN_POINT('',(181.028,-152.169,1.55));
#1048 = VECTOR('',#1049,1.);
#1049 = DIRECTION('',(0.,1.,0.));
#1050 = ORIENTED_EDGE('',*,*,#1051,.F.);
#1051 = EDGE_CURVE('',#1052,#1044,#1054,.T.);
#1052 = VERTEX_POINT('',#1053);
#1053 = CARTESIAN_POINT('',(181.028,-148.169,1.51));
#1054 = LINE('',#1055,#1056);
#1055 = CARTESIAN_POINT('',(181.028,-148.169,1.51));
#1056 = VECTOR('',#1057,1.);
#1057 = DIRECTION('',(0.,0.,1.));
#1058 = ORIENTED_EDGE('',*,*,#1059,.F.);
#1059 = EDGE_CURVE('',#1034,#1052,#1060,.T.);
#1060 = LINE('',#1061,#1062);
#1061 = CARTESIAN_POINT('',(181.028,-152.169,1.51));
#1062 = VECTOR('',#1063,1.);
#1063 = DIRECTION('',(0.,1.,0.));
#1064 = PLANE('',#1065);
#1065 = AXIS2_PLACEMENT_3D('',#1066,#1067,#1068);
#1066 = CARTESIAN_POINT('',(181.028,-152.169,1.51));
#1067 = DIRECTION('',(-1.,0.,0.));
#1068 = DIRECTION('',(0.,1.,0.));
#1069 = ADVANCED_FACE('',(#1070),#1095,.T.);
#1070 = FACE_BOUND('',#1071,.T.);
#1071 = EDGE_LOOP('',(#1072,#1073,#1081,#1089));
#1072 = ORIENTED_EDGE('',*,*,#1051,.T.);
#1073 = ORIENTED_EDGE('',*,*,#1074,.T.);
#1074 = EDGE_CURVE('',#1044,#1075,#1077,.T.);
#1075 = VERTEX_POINT('',#1076);
#1076 = CARTESIAN_POINT('',(185.028,-148.169,1.55));
#1077 = LINE('',#1078,#1079);
#1078 = CARTESIAN_POINT('',(181.028,-148.169,1.55));
#1079 = VECTOR('',#1080,1.);
#1080 = DIRECTION('',(1.,0.,0.));
#1081 = ORIENTED_EDGE('',*,*,#1082,.F.);
#1082 = EDGE_CURVE('',#1083,#1075,#1085,.T.);
#1083 = VERTEX_POINT('',#1084);
#1084 = CARTESIAN_POINT('',(185.028,-148.169,1.51));
#1085 = LINE('',#1086,#1087);
#1086 = CARTESIAN_POINT('',(185.028,-148.169,1.51));
#1087 = VECTOR('',#1088,1.);
#1088 = DIRECTION('',(0.,0.,1.));
#1089 = ORIENTED_EDGE('',*,*,#1090,.F.);
#1090 = EDGE_CURVE('',#1052,#1083,#1091,.T.);
#1091 = LINE('',#1092,#1093);
#1092 = CARTESIAN_POINT('',(181.028,-148.169,1.51));
#1093 = VECTOR('',#1094,1.);
#1094 = DIRECTION('',(1.,0.,0.));
#1095 = PLANE('',#1096);
#1096 = AXIS2_PLACEMENT_3D('',#1097,#1098,#1099);
#1097 = CARTESIAN_POINT('',(181.028,-148.169,1.51));
#1098 = DIRECTION('',(0.,1.,0.));
#1099 = DIRECTION('',(1.,0.,0.));
#1100 = ADVANCED_FACE('',(#1101),#1126,.T.);
#1101 = FACE_BOUND('',#1102,.T.);
#1102 = EDGE_LOOP('',(#1103,#1104,#1112,#1120));
#1103 = ORIENTED_EDGE('',*,*,#1082,.T.);
#1104 = ORIENTED_EDGE('',*,*,#1105,.T.);
#1105 = EDGE_CURVE('',#1075,#1106,#1108,.T.);
#1106 = VERTEX_POINT('',#1107);
#1107 = CARTESIAN_POINT('',(185.028,-152.169,1.55));
#1108 = LINE('',#1109,#1110);
#1109 = CARTESIAN_POINT('',(185.028,-148.169,1.55));
#1110 = VECTOR('',#1111,1.);
#1111 = DIRECTION('',(0.,-1.,0.));
#1112 = ORIENTED_EDGE('',*,*,#1113,.F.);
#1113 = EDGE_CURVE('',#1114,#1106,#1116,.T.);
#1114 = VERTEX_POINT('',#1115);
#1115 = CARTESIAN_POINT('',(185.028,-152.169,1.51));
#1116 = LINE('',#1117,#1118);
#1117 = CARTESIAN_POINT('',(185.028,-152.169,1.51));
#1118 = VECTOR('',#1119,1.);
#1119 = DIRECTION('',(0.,0.,1.));
#1120 = ORIENTED_EDGE('',*,*,#1121,.F.);
#1121 = EDGE_CURVE('',#1083,#1114,#1122,.T.);
#1122 = LINE('',#1123,#1124);
#1123 = CARTESIAN_POINT('',(185.028,-148.169,1.51));
#1124 = VECTOR('',#1125,1.);
#1125 = DIRECTION('',(0.,-1.,0.));
#1126 = PLANE('',#1127);
#1127 = AXIS2_PLACEMENT_3D('',#1128,#1129,#1130);
#1128 = CARTESIAN_POINT('',(185.028,-148.169,1.51));
#1129 = DIRECTION('',(1.,0.,-0.));
#1130 = DIRECTION('',(0.,-1.,0.));
#1131 = ADVANCED_FACE('',(#1132),#1148,.T.);
#1132 = FACE_BOUND('',#1133,.T.);
#1133 = EDGE_LOOP('',(#1134,#1135,#1141,#1142));
#1134 = ORIENTED_EDGE('',*,*,#1113,.T.);
#1135 = ORIENTED_EDGE('',*,*,#1136,.T.);
#1136 = EDGE_CURVE('',#1106,#1036,#1137,.T.);
#1137 = LINE('',#1138,#1139);
#1138 = CARTESIAN_POINT('',(185.028,-152.169,1.55));
#1139 = VECTOR('',#1140,1.);
#1140 = DIRECTION('',(-1.,0.,0.));
#1141 = ORIENTED_EDGE('',*,*,#1033,.F.);
#1142 = ORIENTED_EDGE('',*,*,#1143,.F.);
#1143 = EDGE_CURVE('',#1114,#1034,#1144,.T.);
#1144 = LINE('',#1145,#1146);
#1145 = CARTESIAN_POINT('',(185.028,-152.169,1.51));
#1146 = VECTOR('',#1147,1.);
#1147 = DIRECTION('',(-1.,0.,0.));
#1148 = PLANE('',#1149);
#1149 = AXIS2_PLACEMENT_3D('',#1150,#1151,#1152);
#1150 = CARTESIAN_POINT('',(185.028,-152.169,1.51));
#1151 = DIRECTION('',(0.,-1.,0.));
#1152 = DIRECTION('',(-1.,0.,0.));
#1153 = ADVANCED_FACE('',(#1154),#1160,.F.);
#1154 = FACE_BOUND('',#1155,.T.);
#1155 = EDGE_LOOP('',(#1156,#1157,#1158,#1159));
#1156 = ORIENTED_EDGE('',*,*,#1059,.T.);
#1157 = ORIENTED_EDGE('',*,*,#1090,.T.);
#1158 = ORIENTED_EDGE('',*,*,#1121,.T.);
#1159 = ORIENTED_EDGE('',*,*,#1143,.T.);
#1160 = PLANE('',#1161);
#1161 = AXIS2_PLACEMENT_3D('',#1162,#1163,#1164);
#1162 = CARTESIAN_POINT('',(0.,0.,1.51));
#1163 = DIRECTION('',(0.,0.,1.));
#1164 = DIRECTION('',(1.,0.,-0.));
#1165 = ADVANCED_FACE('',(#1166),#1172,.T.);
#1166 = FACE_BOUND('',#1167,.F.);
#1167 = EDGE_LOOP('',(#1168,#1169,#1170,#1171));
#1168 = ORIENTED_EDGE('',*,*,#1043,.T.);
#1169 = ORIENTED_EDGE('',*,*,#1074,.T.);
#1170 = ORIENTED_EDGE('',*,*,#1105,.T.);
#1171 = ORIENTED_EDGE('',*,*,#1136,.T.);
#1172 = PLANE('',#1173);
#1173 = AXIS2_PLACEMENT_3D('',#1174,#1175,#1176);
#1174 = CARTESIAN_POINT('',(0.,0.,1.55));
#1175 = DIRECTION('',(0.,0.,1.));
#1176 = DIRECTION('',(1.,0.,-0.));
#1177 = MANIFOLD_SOLID_BREP('',#1178);
#1178 = CLOSED_SHELL('',(#1179,#1221,#1252,#1285,#1316,#1349,#1380,#1413
    ,#1435,#1451));
#1179 = ADVANCED_FACE('',(#1180),#1216,.T.);
#1180 = FACE_BOUND('',#1181,.T.);
#1181 = EDGE_LOOP('',(#1182,#1192,#1201,#1209));
#1182 = ORIENTED_EDGE('',*,*,#1183,.T.);
#1183 = EDGE_CURVE('',#1184,#1186,#1188,.T.);
#1184 = VERTEX_POINT('',#1185);
#1185 = CARTESIAN_POINT('',(172.2575,-138.49,1.51));
#1186 = VERTEX_POINT('',#1187);
#1187 = CARTESIAN_POINT('',(172.2575,-138.49,1.55));
#1188 = LINE('',#1189,#1190);
#1189 = CARTESIAN_POINT('',(172.2575,-138.49,1.51));
#1190 = VECTOR('',#1191,1.);
#1191 = DIRECTION('',(0.,0.,1.));
#1192 = ORIENTED_EDGE('',*,*,#1193,.T.);
#1193 = EDGE_CURVE('',#1186,#1194,#1196,.T.);
#1194 = VERTEX_POINT('',#1195);
#1195 = CARTESIAN_POINT('',(172.4175,-138.33,1.55));
#1196 = CIRCLE('',#1197,0.160000290174);
#1197 = AXIS2_PLACEMENT_3D('',#1198,#1199,#1200);
#1198 = CARTESIAN_POINT('',(172.41750029017,-138.4900002901,1.55));
#1199 = DIRECTION('',(0.,0.,-1.));
#1200 = DIRECTION('',(-0.999999999998,1.81358456857E-06,0.));
#1201 = ORIENTED_EDGE('',*,*,#1202,.F.);
#1202 = EDGE_CURVE('',#1203,#1194,#1205,.T.);
#1203 = VERTEX_POINT('',#1204);
#1204 = CARTESIAN_POINT('',(172.4175,-138.33,1.51));
#1205 = LINE('',#1206,#1207);
#1206 = CARTESIAN_POINT('',(172.4175,-138.33,1.51));
#1207 = VECTOR('',#1208,1.);
#1208 = DIRECTION('',(0.,0.,1.));
#1209 = ORIENTED_EDGE('',*,*,#1210,.F.);
#1210 = EDGE_CURVE('',#1184,#1203,#1211,.T.);
#1211 = CIRCLE('',#1212,0.160000290174);
#1212 = AXIS2_PLACEMENT_3D('',#1213,#1214,#1215);
#1213 = CARTESIAN_POINT('',(172.41750029017,-138.4900002901,1.51));
#1214 = DIRECTION('',(0.,0.,-1.));
#1215 = DIRECTION('',(-0.999999999998,1.81358456857E-06,0.));
#1216 = CYLINDRICAL_SURFACE('',#1217,0.160000290174);
#1217 = AXIS2_PLACEMENT_3D('',#1218,#1219,#1220);
#1218 = CARTESIAN_POINT('',(172.41750029017,-138.4900002901,1.51));
#1219 = DIRECTION('',(0.,0.,-1.));
#1220 = DIRECTION('',(-0.999999999998,1.81358456857E-06,0.));
#1221 = ADVANCED_FACE('',(#1222),#1247,.T.);
#1222 = FACE_BOUND('',#1223,.T.);
#1223 = EDGE_LOOP('',(#1224,#1225,#1233,#1241));
#1224 = ORIENTED_EDGE('',*,*,#1202,.T.);
#1225 = ORIENTED_EDGE('',*,*,#1226,.T.);
#1226 = EDGE_CURVE('',#1194,#1227,#1229,.T.);
#1227 = VERTEX_POINT('',#1228);
#1228 = CARTESIAN_POINT('',(172.8125,-138.33,1.55));
#1229 = LINE('',#1230,#1231);
#1230 = CARTESIAN_POINT('',(172.4175,-138.33,1.55));
#1231 = VECTOR('',#1232,1.);
#1232 = DIRECTION('',(1.,0.,0.));
#1233 = ORIENTED_EDGE('',*,*,#1234,.F.);
#1234 = EDGE_CURVE('',#1235,#1227,#1237,.T.);
#1235 = VERTEX_POINT('',#1236);
#1236 = CARTESIAN_POINT('',(172.8125,-138.33,1.51));
#1237 = LINE('',#1238,#1239);
#1238 = CARTESIAN_POINT('',(172.8125,-138.33,1.51));
#1239 = VECTOR('',#1240,1.);
#1240 = DIRECTION('',(0.,0.,1.));
#1241 = ORIENTED_EDGE('',*,*,#1242,.F.);
#1242 = EDGE_CURVE('',#1203,#1235,#1243,.T.);
#1243 = LINE('',#1244,#1245);
#1244 = CARTESIAN_POINT('',(172.4175,-138.33,1.51));
#1245 = VECTOR('',#1246,1.);
#1246 = DIRECTION('',(1.,0.,0.));
#1247 = PLANE('',#1248);
#1248 = AXIS2_PLACEMENT_3D('',#1249,#1250,#1251);
#1249 = CARTESIAN_POINT('',(172.4175,-138.33,1.51));
#1250 = DIRECTION('',(0.,1.,0.));
#1251 = DIRECTION('',(1.,0.,0.));
#1252 = ADVANCED_FACE('',(#1253),#1280,.T.);
#1253 = FACE_BOUND('',#1254,.T.);
#1254 = EDGE_LOOP('',(#1255,#1256,#1265,#1273));
#1255 = ORIENTED_EDGE('',*,*,#1234,.T.);
#1256 = ORIENTED_EDGE('',*,*,#1257,.T.);
#1257 = EDGE_CURVE('',#1227,#1258,#1260,.T.);
#1258 = VERTEX_POINT('',#1259);
#1259 = CARTESIAN_POINT('',(172.9725,-138.49,1.55));
#1260 = CIRCLE('',#1261,0.160000290174);
#1261 = AXIS2_PLACEMENT_3D('',#1262,#1263,#1264);
#1262 = CARTESIAN_POINT('',(172.81249970982,-138.4900002901,1.55));
#1263 = DIRECTION('',(0.,0.,-1.));
#1264 = DIRECTION('',(1.813584746206E-06,0.999999999998,0.));
#1265 = ORIENTED_EDGE('',*,*,#1266,.F.);
#1266 = EDGE_CURVE('',#1267,#1258,#1269,.T.);
#1267 = VERTEX_POINT('',#1268);
#1268 = CARTESIAN_POINT('',(172.9725,-138.49,1.51));
#1269 = LINE('',#1270,#1271);
#1270 = CARTESIAN_POINT('',(172.9725,-138.49,1.51));
#1271 = VECTOR('',#1272,1.);
#1272 = DIRECTION('',(0.,0.,1.));
#1273 = ORIENTED_EDGE('',*,*,#1274,.F.);
#1274 = EDGE_CURVE('',#1235,#1267,#1275,.T.);
#1275 = CIRCLE('',#1276,0.160000290174);
#1276 = AXIS2_PLACEMENT_3D('',#1277,#1278,#1279);
#1277 = CARTESIAN_POINT('',(172.81249970982,-138.4900002901,1.51));
#1278 = DIRECTION('',(0.,0.,-1.));
#1279 = DIRECTION('',(1.813584746206E-06,0.999999999998,0.));
#1280 = CYLINDRICAL_SURFACE('',#1281,0.160000290174);
#1281 = AXIS2_PLACEMENT_3D('',#1282,#1283,#1284);
#1282 = CARTESIAN_POINT('',(172.81249970982,-138.4900002901,1.51));
#1283 = DIRECTION('',(0.,0.,-1.));
#1284 = DIRECTION('',(1.813584746206E-06,0.999999999998,0.));
#1285 = ADVANCED_FACE('',(#1286),#1311,.T.);
#1286 = FACE_BOUND('',#1287,.T.);
#1287 = EDGE_LOOP('',(#1288,#1289,#1297,#1305));
#1288 = ORIENTED_EDGE('',*,*,#1266,.T.);
#1289 = ORIENTED_EDGE('',*,*,#1290,.T.);
#1290 = EDGE_CURVE('',#1258,#1291,#1293,.T.);
#1291 = VERTEX_POINT('',#1292);
#1292 = CARTESIAN_POINT('',(172.9725,-138.81,1.55));
#1293 = LINE('',#1294,#1295);
#1294 = CARTESIAN_POINT('',(172.9725,-138.49,1.55));
#1295 = VECTOR('',#1296,1.);
#1296 = DIRECTION('',(0.,-1.,0.));
#1297 = ORIENTED_EDGE('',*,*,#1298,.F.);
#1298 = EDGE_CURVE('',#1299,#1291,#1301,.T.);
#1299 = VERTEX_POINT('',#1300);
#1300 = CARTESIAN_POINT('',(172.9725,-138.81,1.51));
#1301 = LINE('',#1302,#1303);
#1302 = CARTESIAN_POINT('',(172.9725,-138.81,1.51));
#1303 = VECTOR('',#1304,1.);
#1304 = DIRECTION('',(0.,0.,1.));
#1305 = ORIENTED_EDGE('',*,*,#1306,.F.);
#1306 = EDGE_CURVE('',#1267,#1299,#1307,.T.);
#1307 = LINE('',#1308,#1309);
#1308 = CARTESIAN_POINT('',(172.9725,-138.49,1.51));
#1309 = VECTOR('',#1310,1.);
#1310 = DIRECTION('',(0.,-1.,0.));
#1311 = PLANE('',#1312);
#1312 = AXIS2_PLACEMENT_3D('',#1313,#1314,#1315);
#1313 = CARTESIAN_POINT('',(172.9725,-138.49,1.51));
#1314 = DIRECTION('',(1.,0.,-0.));
#1315 = DIRECTION('',(0.,-1.,0.));
#1316 = ADVANCED_FACE('',(#1317),#1344,.T.);
#1317 = FACE_BOUND('',#1318,.T.);
#1318 = EDGE_LOOP('',(#1319,#1320,#1329,#1337));
#1319 = ORIENTED_EDGE('',*,*,#1298,.T.);
#1320 = ORIENTED_EDGE('',*,*,#1321,.T.);
#1321 = EDGE_CURVE('',#1291,#1322,#1324,.T.);
#1322 = VERTEX_POINT('',#1323);
#1323 = CARTESIAN_POINT('',(172.8125,-138.97,1.55));
#1324 = CIRCLE('',#1325,0.160000290174);
#1325 = AXIS2_PLACEMENT_3D('',#1326,#1327,#1328);
#1326 = CARTESIAN_POINT('',(172.81249970982,-138.8099997098,1.55));
#1327 = DIRECTION('',(0.,0.,-1.));
#1328 = DIRECTION('',(0.999999999998,-1.813585101476E-06,0.));
#1329 = ORIENTED_EDGE('',*,*,#1330,.F.);
#1330 = EDGE_CURVE('',#1331,#1322,#1333,.T.);
#1331 = VERTEX_POINT('',#1332);
#1332 = CARTESIAN_POINT('',(172.8125,-138.97,1.51));
#1333 = LINE('',#1334,#1335);
#1334 = CARTESIAN_POINT('',(172.8125,-138.97,1.51));
#1335 = VECTOR('',#1336,1.);
#1336 = DIRECTION('',(0.,0.,1.));
#1337 = ORIENTED_EDGE('',*,*,#1338,.F.);
#1338 = EDGE_CURVE('',#1299,#1331,#1339,.T.);
#1339 = CIRCLE('',#1340,0.160000290174);
#1340 = AXIS2_PLACEMENT_3D('',#1341,#1342,#1343);
#1341 = CARTESIAN_POINT('',(172.81249970982,-138.8099997098,1.51));
#1342 = DIRECTION('',(0.,0.,-1.));
#1343 = DIRECTION('',(0.999999999998,-1.813585101476E-06,0.));
#1344 = CYLINDRICAL_SURFACE('',#1345,0.160000290174);
#1345 = AXIS2_PLACEMENT_3D('',#1346,#1347,#1348);
#1346 = CARTESIAN_POINT('',(172.81249970982,-138.8099997098,1.51));
#1347 = DIRECTION('',(0.,0.,-1.));
#1348 = DIRECTION('',(0.999999999998,-1.813585101476E-06,0.));
#1349 = ADVANCED_FACE('',(#1350),#1375,.T.);
#1350 = FACE_BOUND('',#1351,.T.);
#1351 = EDGE_LOOP('',(#1352,#1353,#1361,#1369));
#1352 = ORIENTED_EDGE('',*,*,#1330,.T.);
#1353 = ORIENTED_EDGE('',*,*,#1354,.T.);
#1354 = EDGE_CURVE('',#1322,#1355,#1357,.T.);
#1355 = VERTEX_POINT('',#1356);
#1356 = CARTESIAN_POINT('',(172.4175,-138.97,1.55));
#1357 = LINE('',#1358,#1359);
#1358 = CARTESIAN_POINT('',(172.8125,-138.97,1.55));
#1359 = VECTOR('',#1360,1.);
#1360 = DIRECTION('',(-1.,0.,0.));
#1361 = ORIENTED_EDGE('',*,*,#1362,.F.);
#1362 = EDGE_CURVE('',#1363,#1355,#1365,.T.);
#1363 = VERTEX_POINT('',#1364);
#1364 = CARTESIAN_POINT('',(172.4175,-138.97,1.51));
#1365 = LINE('',#1366,#1367);
#1366 = CARTESIAN_POINT('',(172.4175,-138.97,1.51));
#1367 = VECTOR('',#1368,1.);
#1368 = DIRECTION('',(0.,0.,1.));
#1369 = ORIENTED_EDGE('',*,*,#1370,.F.);
#1370 = EDGE_CURVE('',#1331,#1363,#1371,.T.);
#1371 = LINE('',#1372,#1373);
#1372 = CARTESIAN_POINT('',(172.8125,-138.97,1.51));
#1373 = VECTOR('',#1374,1.);
#1374 = DIRECTION('',(-1.,0.,0.));
#1375 = PLANE('',#1376);
#1376 = AXIS2_PLACEMENT_3D('',#1377,#1378,#1379);
#1377 = CARTESIAN_POINT('',(172.8125,-138.97,1.51));
#1378 = DIRECTION('',(0.,-1.,0.));
#1379 = DIRECTION('',(-1.,0.,0.));
#1380 = ADVANCED_FACE('',(#1381),#1408,.T.);
#1381 = FACE_BOUND('',#1382,.T.);
#1382 = EDGE_LOOP('',(#1383,#1384,#1393,#1401));
#1383 = ORIENTED_EDGE('',*,*,#1362,.T.);
#1384 = ORIENTED_EDGE('',*,*,#1385,.T.);
#1385 = EDGE_CURVE('',#1355,#1386,#1388,.T.);
#1386 = VERTEX_POINT('',#1387);
#1387 = CARTESIAN_POINT('',(172.2575,-138.81,1.55));
#1388 = CIRCLE('',#1389,0.160000290174);
#1389 = AXIS2_PLACEMENT_3D('',#1390,#1391,#1392);
#1390 = CARTESIAN_POINT('',(172.41750029017,-138.8099997098,1.55));
#1391 = DIRECTION('',(0.,0.,-1.));
#1392 = DIRECTION('',(-1.813585101476E-06,-0.999999999998,-0.));
#1393 = ORIENTED_EDGE('',*,*,#1394,.F.);
#1394 = EDGE_CURVE('',#1395,#1386,#1397,.T.);
#1395 = VERTEX_POINT('',#1396);
#1396 = CARTESIAN_POINT('',(172.2575,-138.81,1.51));
#1397 = LINE('',#1398,#1399);
#1398 = CARTESIAN_POINT('',(172.2575,-138.81,1.51));
#1399 = VECTOR('',#1400,1.);
#1400 = DIRECTION('',(0.,0.,1.));
#1401 = ORIENTED_EDGE('',*,*,#1402,.F.);
#1402 = EDGE_CURVE('',#1363,#1395,#1403,.T.);
#1403 = CIRCLE('',#1404,0.160000290174);
#1404 = AXIS2_PLACEMENT_3D('',#1405,#1406,#1407);
#1405 = CARTESIAN_POINT('',(172.41750029017,-138.8099997098,1.51));
#1406 = DIRECTION('',(0.,0.,-1.));
#1407 = DIRECTION('',(-1.813585101476E-06,-0.999999999998,-0.));
#1408 = CYLINDRICAL_SURFACE('',#1409,0.160000290174);
#1409 = AXIS2_PLACEMENT_3D('',#1410,#1411,#1412);
#1410 = CARTESIAN_POINT('',(172.41750029017,-138.8099997098,1.51));
#1411 = DIRECTION('',(0.,0.,-1.));
#1412 = DIRECTION('',(-1.813585101476E-06,-0.999999999998,-0.));
#1413 = ADVANCED_FACE('',(#1414),#1430,.T.);
#1414 = FACE_BOUND('',#1415,.T.);
#1415 = EDGE_LOOP('',(#1416,#1417,#1423,#1424));
#1416 = ORIENTED_EDGE('',*,*,#1394,.T.);
#1417 = ORIENTED_EDGE('',*,*,#1418,.T.);
#1418 = EDGE_CURVE('',#1386,#1186,#1419,.T.);
#1419 = LINE('',#1420,#1421);
#1420 = CARTESIAN_POINT('',(172.2575,-138.81,1.55));
#1421 = VECTOR('',#1422,1.);
#1422 = DIRECTION('',(0.,1.,0.));
#1423 = ORIENTED_EDGE('',*,*,#1183,.F.);
#1424 = ORIENTED_EDGE('',*,*,#1425,.F.);
#1425 = EDGE_CURVE('',#1395,#1184,#1426,.T.);
#1426 = LINE('',#1427,#1428);
#1427 = CARTESIAN_POINT('',(172.2575,-138.81,1.51));
#1428 = VECTOR('',#1429,1.);
#1429 = DIRECTION('',(0.,1.,0.));
#1430 = PLANE('',#1431);
#1431 = AXIS2_PLACEMENT_3D('',#1432,#1433,#1434);
#1432 = CARTESIAN_POINT('',(172.2575,-138.81,1.51));
#1433 = DIRECTION('',(-1.,0.,0.));
#1434 = DIRECTION('',(0.,1.,0.));
#1435 = ADVANCED_FACE('',(#1436),#1446,.F.);
#1436 = FACE_BOUND('',#1437,.T.);
#1437 = EDGE_LOOP('',(#1438,#1439,#1440,#1441,#1442,#1443,#1444,#1445));
#1438 = ORIENTED_EDGE('',*,*,#1210,.T.);
#1439 = ORIENTED_EDGE('',*,*,#1242,.T.);
#1440 = ORIENTED_EDGE('',*,*,#1274,.T.);
#1441 = ORIENTED_EDGE('',*,*,#1306,.T.);
#1442 = ORIENTED_EDGE('',*,*,#1338,.T.);
#1443 = ORIENTED_EDGE('',*,*,#1370,.T.);
#1444 = ORIENTED_EDGE('',*,*,#1402,.T.);
#1445 = ORIENTED_EDGE('',*,*,#1425,.T.);
#1446 = PLANE('',#1447);
#1447 = AXIS2_PLACEMENT_3D('',#1448,#1449,#1450);
#1448 = CARTESIAN_POINT('',(0.,0.,1.51));
#1449 = DIRECTION('',(0.,0.,1.));
#1450 = DIRECTION('',(1.,0.,-0.));
#1451 = ADVANCED_FACE('',(#1452),#1462,.T.);
#1452 = FACE_BOUND('',#1453,.F.);
#1453 = EDGE_LOOP('',(#1454,#1455,#1456,#1457,#1458,#1459,#1460,#1461));
#1454 = ORIENTED_EDGE('',*,*,#1193,.T.);
#1455 = ORIENTED_EDGE('',*,*,#1226,.T.);
#1456 = ORIENTED_EDGE('',*,*,#1257,.T.);
#1457 = ORIENTED_EDGE('',*,*,#1290,.T.);
#1458 = ORIENTED_EDGE('',*,*,#1321,.T.);
#1459 = ORIENTED_EDGE('',*,*,#1354,.T.);
#1460 = ORIENTED_EDGE('',*,*,#1385,.T.);
#1461 = ORIENTED_EDGE('',*,*,#1418,.T.);
#1462 = PLANE('',#1463);
#1463 = AXIS2_PLACEMENT_3D('',#1464,#1465,#1466);
#1464 = CARTESIAN_POINT('',(0.,0.,1.55));
#1465 = DIRECTION('',(0.,0.,1.));
#1466 = DIRECTION('',(1.,0.,-0.));
#1467 = MANIFOLD_SOLID_BREP('',#1468);
#1468 = CLOSED_SHELL('',(#1469,#1509,#1540,#1571,#1593,#1605));
#1469 = ADVANCED_FACE('',(#1470),#1504,.T.);
#1470 = FACE_BOUND('',#1471,.T.);
#1471 = EDGE_LOOP('',(#1472,#1482,#1490,#1498));
#1472 = ORIENTED_EDGE('',*,*,#1473,.T.);
#1473 = EDGE_CURVE('',#1474,#1476,#1478,.T.);
#1474 = VERTEX_POINT('',#1475);
#1475 = CARTESIAN_POINT('',(170.528,-151.169,1.51));
#1476 = VERTEX_POINT('',#1477);
#1477 = CARTESIAN_POINT('',(170.528,-151.169,1.55));
#1478 = LINE('',#1479,#1480);
#1479 = CARTESIAN_POINT('',(170.528,-151.169,1.51));
#1480 = VECTOR('',#1481,1.);
#1481 = DIRECTION('',(0.,0.,1.));
#1482 = ORIENTED_EDGE('',*,*,#1483,.T.);
#1483 = EDGE_CURVE('',#1476,#1484,#1486,.T.);
#1484 = VERTEX_POINT('',#1485);
#1485 = CARTESIAN_POINT('',(170.528,-149.169,1.55));
#1486 = LINE('',#1487,#1488);
#1487 = CARTESIAN_POINT('',(170.528,-151.169,1.55));
#1488 = VECTOR('',#1489,1.);
#1489 = DIRECTION('',(0.,1.,0.));
#1490 = ORIENTED_EDGE('',*,*,#1491,.F.);
#1491 = EDGE_CURVE('',#1492,#1484,#1494,.T.);
#1492 = VERTEX_POINT('',#1493);
#1493 = CARTESIAN_POINT('',(170.528,-149.169,1.51));
#1494 = LINE('',#1495,#1496);
#1495 = CARTESIAN_POINT('',(170.528,-149.169,1.51));
#1496 = VECTOR('',#1497,1.);
#1497 = DIRECTION('',(0.,0.,1.));
#1498 = ORIENTED_EDGE('',*,*,#1499,.F.);
#1499 = EDGE_CURVE('',#1474,#1492,#1500,.T.);
#1500 = LINE('',#1501,#1502);
#1501 = CARTESIAN_POINT('',(170.528,-151.169,1.51));
#1502 = VECTOR('',#1503,1.);
#1503 = DIRECTION('',(0.,1.,0.));
#1504 = PLANE('',#1505);
#1505 = AXIS2_PLACEMENT_3D('',#1506,#1507,#1508);
#1506 = CARTESIAN_POINT('',(170.528,-151.169,1.51));
#1507 = DIRECTION('',(-1.,0.,0.));
#1508 = DIRECTION('',(0.,1.,0.));
#1509 = ADVANCED_FACE('',(#1510),#1535,.T.);
#1510 = FACE_BOUND('',#1511,.T.);
#1511 = EDGE_LOOP('',(#1512,#1513,#1521,#1529));
#1512 = ORIENTED_EDGE('',*,*,#1491,.T.);
#1513 = ORIENTED_EDGE('',*,*,#1514,.T.);
#1514 = EDGE_CURVE('',#1484,#1515,#1517,.T.);
#1515 = VERTEX_POINT('',#1516);
#1516 = CARTESIAN_POINT('',(172.528,-149.169,1.55));
#1517 = LINE('',#1518,#1519);
#1518 = CARTESIAN_POINT('',(170.528,-149.169,1.55));
#1519 = VECTOR('',#1520,1.);
#1520 = DIRECTION('',(1.,0.,0.));
#1521 = ORIENTED_EDGE('',*,*,#1522,.F.);
#1522 = EDGE_CURVE('',#1523,#1515,#1525,.T.);
#1523 = VERTEX_POINT('',#1524);
#1524 = CARTESIAN_POINT('',(172.528,-149.169,1.51));
#1525 = LINE('',#1526,#1527);
#1526 = CARTESIAN_POINT('',(172.528,-149.169,1.51));
#1527 = VECTOR('',#1528,1.);
#1528 = DIRECTION('',(0.,0.,1.));
#1529 = ORIENTED_EDGE('',*,*,#1530,.F.);
#1530 = EDGE_CURVE('',#1492,#1523,#1531,.T.);
#1531 = LINE('',#1532,#1533);
#1532 = CARTESIAN_POINT('',(170.528,-149.169,1.51));
#1533 = VECTOR('',#1534,1.);
#1534 = DIRECTION('',(1.,0.,0.));
#1535 = PLANE('',#1536);
#1536 = AXIS2_PLACEMENT_3D('',#1537,#1538,#1539);
#1537 = CARTESIAN_POINT('',(170.528,-149.169,1.51));
#1538 = DIRECTION('',(0.,1.,0.));
#1539 = DIRECTION('',(1.,0.,0.));
#1540 = ADVANCED_FACE('',(#1541),#1566,.T.);
#1541 = FACE_BOUND('',#1542,.T.);
#1542 = EDGE_LOOP('',(#1543,#1544,#1552,#1560));
#1543 = ORIENTED_EDGE('',*,*,#1522,.T.);
#1544 = ORIENTED_EDGE('',*,*,#1545,.T.);
#1545 = EDGE_CURVE('',#1515,#1546,#1548,.T.);
#1546 = VERTEX_POINT('',#1547);
#1547 = CARTESIAN_POINT('',(172.528,-151.169,1.55));
#1548 = LINE('',#1549,#1550);
#1549 = CARTESIAN_POINT('',(172.528,-149.169,1.55));
#1550 = VECTOR('',#1551,1.);
#1551 = DIRECTION('',(0.,-1.,0.));
#1552 = ORIENTED_EDGE('',*,*,#1553,.F.);
#1553 = EDGE_CURVE('',#1554,#1546,#1556,.T.);
#1554 = VERTEX_POINT('',#1555);
#1555 = CARTESIAN_POINT('',(172.528,-151.169,1.51));
#1556 = LINE('',#1557,#1558);
#1557 = CARTESIAN_POINT('',(172.528,-151.169,1.51));
#1558 = VECTOR('',#1559,1.);
#1559 = DIRECTION('',(0.,0.,1.));
#1560 = ORIENTED_EDGE('',*,*,#1561,.F.);
#1561 = EDGE_CURVE('',#1523,#1554,#1562,.T.);
#1562 = LINE('',#1563,#1564);
#1563 = CARTESIAN_POINT('',(172.528,-149.169,1.51));
#1564 = VECTOR('',#1565,1.);
#1565 = DIRECTION('',(0.,-1.,0.));
#1566 = PLANE('',#1567);
#1567 = AXIS2_PLACEMENT_3D('',#1568,#1569,#1570);
#1568 = CARTESIAN_POINT('',(172.528,-149.169,1.51));
#1569 = DIRECTION('',(1.,0.,-0.));
#1570 = DIRECTION('',(0.,-1.,0.));
#1571 = ADVANCED_FACE('',(#1572),#1588,.T.);
#1572 = FACE_BOUND('',#1573,.T.);
#1573 = EDGE_LOOP('',(#1574,#1575,#1581,#1582));
#1574 = ORIENTED_EDGE('',*,*,#1553,.T.);
#1575 = ORIENTED_EDGE('',*,*,#1576,.T.);
#1576 = EDGE_CURVE('',#1546,#1476,#1577,.T.);
#1577 = LINE('',#1578,#1579);
#1578 = CARTESIAN_POINT('',(172.528,-151.169,1.55));
#1579 = VECTOR('',#1580,1.);
#1580 = DIRECTION('',(-1.,0.,0.));
#1581 = ORIENTED_EDGE('',*,*,#1473,.F.);
#1582 = ORIENTED_EDGE('',*,*,#1583,.F.);
#1583 = EDGE_CURVE('',#1554,#1474,#1584,.T.);
#1584 = LINE('',#1585,#1586);
#1585 = CARTESIAN_POINT('',(172.528,-151.169,1.51));
#1586 = VECTOR('',#1587,1.);
#1587 = DIRECTION('',(-1.,0.,0.));
#1588 = PLANE('',#1589);
#1589 = AXIS2_PLACEMENT_3D('',#1590,#1591,#1592);
#1590 = CARTESIAN_POINT('',(172.528,-151.169,1.51));
#1591 = DIRECTION('',(0.,-1.,0.));
#1592 = DIRECTION('',(-1.,0.,0.));
#1593 = ADVANCED_FACE('',(#1594),#1600,.F.);
#1594 = FACE_BOUND('',#1595,.T.);
#1595 = EDGE_LOOP('',(#1596,#1597,#1598,#1599));
#1596 = ORIENTED_EDGE('',*,*,#1499,.T.);
#1597 = ORIENTED_EDGE('',*,*,#1530,.T.);
#1598 = ORIENTED_EDGE('',*,*,#1561,.T.);
#1599 = ORIENTED_EDGE('',*,*,#1583,.T.);
#1600 = PLANE('',#1601);
#1601 = AXIS2_PLACEMENT_3D('',#1602,#1603,#1604);
#1602 = CARTESIAN_POINT('',(0.,0.,1.51));
#1603 = DIRECTION('',(0.,0.,1.));
#1604 = DIRECTION('',(1.,0.,-0.));
#1605 = ADVANCED_FACE('',(#1606),#1612,.T.);
#1606 = FACE_BOUND('',#1607,.F.);
#1607 = EDGE_LOOP('',(#1608,#1609,#1610,#1611));
#1608 = ORIENTED_EDGE('',*,*,#1483,.T.);
#1609 = ORIENTED_EDGE('',*,*,#1514,.T.);
#1610 = ORIENTED_EDGE('',*,*,#1545,.T.);
#1611 = ORIENTED_EDGE('',*,*,#1576,.T.);
#1612 = PLANE('',#1613);
#1613 = AXIS2_PLACEMENT_3D('',#1614,#1615,#1616);
#1614 = CARTESIAN_POINT('',(0.,0.,1.55));
#1615 = DIRECTION('',(0.,0.,1.));
#1616 = DIRECTION('',(1.,0.,-0.));
#1617 = MANIFOLD_SOLID_BREP('',#1618);
#1618 = CLOSED_SHELL('',(#1619,#1659,#1690,#1721,#1743,#1755));
#1619 = ADVANCED_FACE('',(#1620),#1654,.T.);
#1620 = FACE_BOUND('',#1621,.T.);
#1621 = EDGE_LOOP('',(#1622,#1632,#1640,#1648));
#1622 = ORIENTED_EDGE('',*,*,#1623,.T.);
#1623 = EDGE_CURVE('',#1624,#1626,#1628,.T.);
#1624 = VERTEX_POINT('',#1625);
#1625 = CARTESIAN_POINT('',(173.528,-151.169,1.51));
#1626 = VERTEX_POINT('',#1627);
#1627 = CARTESIAN_POINT('',(173.528,-151.169,1.55));
#1628 = LINE('',#1629,#1630);
#1629 = CARTESIAN_POINT('',(173.528,-151.169,1.51));
#1630 = VECTOR('',#1631,1.);
#1631 = DIRECTION('',(0.,0.,1.));
#1632 = ORIENTED_EDGE('',*,*,#1633,.T.);
#1633 = EDGE_CURVE('',#1626,#1634,#1636,.T.);
#1634 = VERTEX_POINT('',#1635);
#1635 = CARTESIAN_POINT('',(173.528,-149.169,1.55));
#1636 = LINE('',#1637,#1638);
#1637 = CARTESIAN_POINT('',(173.528,-151.169,1.55));
#1638 = VECTOR('',#1639,1.);
#1639 = DIRECTION('',(0.,1.,0.));
#1640 = ORIENTED_EDGE('',*,*,#1641,.F.);
#1641 = EDGE_CURVE('',#1642,#1634,#1644,.T.);
#1642 = VERTEX_POINT('',#1643);
#1643 = CARTESIAN_POINT('',(173.528,-149.169,1.51));
#1644 = LINE('',#1645,#1646);
#1645 = CARTESIAN_POINT('',(173.528,-149.169,1.51));
#1646 = VECTOR('',#1647,1.);
#1647 = DIRECTION('',(0.,0.,1.));
#1648 = ORIENTED_EDGE('',*,*,#1649,.F.);
#1649 = EDGE_CURVE('',#1624,#1642,#1650,.T.);
#1650 = LINE('',#1651,#1652);
#1651 = CARTESIAN_POINT('',(173.528,-151.169,1.51));
#1652 = VECTOR('',#1653,1.);
#1653 = DIRECTION('',(0.,1.,0.));
#1654 = PLANE('',#1655);
#1655 = AXIS2_PLACEMENT_3D('',#1656,#1657,#1658);
#1656 = CARTESIAN_POINT('',(173.528,-151.169,1.51));
#1657 = DIRECTION('',(-1.,0.,0.));
#1658 = DIRECTION('',(0.,1.,0.));
#1659 = ADVANCED_FACE('',(#1660),#1685,.T.);
#1660 = FACE_BOUND('',#1661,.T.);
#1661 = EDGE_LOOP('',(#1662,#1663,#1671,#1679));
#1662 = ORIENTED_EDGE('',*,*,#1641,.T.);
#1663 = ORIENTED_EDGE('',*,*,#1664,.T.);
#1664 = EDGE_CURVE('',#1634,#1665,#1667,.T.);
#1665 = VERTEX_POINT('',#1666);
#1666 = CARTESIAN_POINT('',(175.528,-149.169,1.55));
#1667 = LINE('',#1668,#1669);
#1668 = CARTESIAN_POINT('',(173.528,-149.169,1.55));
#1669 = VECTOR('',#1670,1.);
#1670 = DIRECTION('',(1.,0.,0.));
#1671 = ORIENTED_EDGE('',*,*,#1672,.F.);
#1672 = EDGE_CURVE('',#1673,#1665,#1675,.T.);
#1673 = VERTEX_POINT('',#1674);
#1674 = CARTESIAN_POINT('',(175.528,-149.169,1.51));
#1675 = LINE('',#1676,#1677);
#1676 = CARTESIAN_POINT('',(175.528,-149.169,1.51));
#1677 = VECTOR('',#1678,1.);
#1678 = DIRECTION('',(0.,0.,1.));
#1679 = ORIENTED_EDGE('',*,*,#1680,.F.);
#1680 = EDGE_CURVE('',#1642,#1673,#1681,.T.);
#1681 = LINE('',#1682,#1683);
#1682 = CARTESIAN_POINT('',(173.528,-149.169,1.51));
#1683 = VECTOR('',#1684,1.);
#1684 = DIRECTION('',(1.,0.,0.));
#1685 = PLANE('',#1686);
#1686 = AXIS2_PLACEMENT_3D('',#1687,#1688,#1689);
#1687 = CARTESIAN_POINT('',(173.528,-149.169,1.51));
#1688 = DIRECTION('',(0.,1.,0.));
#1689 = DIRECTION('',(1.,0.,0.));
#1690 = ADVANCED_FACE('',(#1691),#1716,.T.);
#1691 = FACE_BOUND('',#1692,.T.);
#1692 = EDGE_LOOP('',(#1693,#1694,#1702,#1710));
#1693 = ORIENTED_EDGE('',*,*,#1672,.T.);
#1694 = ORIENTED_EDGE('',*,*,#1695,.T.);
#1695 = EDGE_CURVE('',#1665,#1696,#1698,.T.);
#1696 = VERTEX_POINT('',#1697);
#1697 = CARTESIAN_POINT('',(175.528,-151.169,1.55));
#1698 = LINE('',#1699,#1700);
#1699 = CARTESIAN_POINT('',(175.528,-149.169,1.55));
#1700 = VECTOR('',#1701,1.);
#1701 = DIRECTION('',(0.,-1.,0.));
#1702 = ORIENTED_EDGE('',*,*,#1703,.F.);
#1703 = EDGE_CURVE('',#1704,#1696,#1706,.T.);
#1704 = VERTEX_POINT('',#1705);
#1705 = CARTESIAN_POINT('',(175.528,-151.169,1.51));
#1706 = LINE('',#1707,#1708);
#1707 = CARTESIAN_POINT('',(175.528,-151.169,1.51));
#1708 = VECTOR('',#1709,1.);
#1709 = DIRECTION('',(0.,0.,1.));
#1710 = ORIENTED_EDGE('',*,*,#1711,.F.);
#1711 = EDGE_CURVE('',#1673,#1704,#1712,.T.);
#1712 = LINE('',#1713,#1714);
#1713 = CARTESIAN_POINT('',(175.528,-149.169,1.51));
#1714 = VECTOR('',#1715,1.);
#1715 = DIRECTION('',(0.,-1.,0.));
#1716 = PLANE('',#1717);
#1717 = AXIS2_PLACEMENT_3D('',#1718,#1719,#1720);
#1718 = CARTESIAN_POINT('',(175.528,-149.169,1.51));
#1719 = DIRECTION('',(1.,0.,-0.));
#1720 = DIRECTION('',(0.,-1.,0.));
#1721 = ADVANCED_FACE('',(#1722),#1738,.T.);
#1722 = FACE_BOUND('',#1723,.T.);
#1723 = EDGE_LOOP('',(#1724,#1725,#1731,#1732));
#1724 = ORIENTED_EDGE('',*,*,#1703,.T.);
#1725 = ORIENTED_EDGE('',*,*,#1726,.T.);
#1726 = EDGE_CURVE('',#1696,#1626,#1727,.T.);
#1727 = LINE('',#1728,#1729);
#1728 = CARTESIAN_POINT('',(175.528,-151.169,1.55));
#1729 = VECTOR('',#1730,1.);
#1730 = DIRECTION('',(-1.,0.,0.));
#1731 = ORIENTED_EDGE('',*,*,#1623,.F.);
#1732 = ORIENTED_EDGE('',*,*,#1733,.F.);
#1733 = EDGE_CURVE('',#1704,#1624,#1734,.T.);
#1734 = LINE('',#1735,#1736);
#1735 = CARTESIAN_POINT('',(175.528,-151.169,1.51));
#1736 = VECTOR('',#1737,1.);
#1737 = DIRECTION('',(-1.,0.,0.));
#1738 = PLANE('',#1739);
#1739 = AXIS2_PLACEMENT_3D('',#1740,#1741,#1742);
#1740 = CARTESIAN_POINT('',(175.528,-151.169,1.51));
#1741 = DIRECTION('',(0.,-1.,0.));
#1742 = DIRECTION('',(-1.,0.,0.));
#1743 = ADVANCED_FACE('',(#1744),#1750,.F.);
#1744 = FACE_BOUND('',#1745,.T.);
#1745 = EDGE_LOOP('',(#1746,#1747,#1748,#1749));
#1746 = ORIENTED_EDGE('',*,*,#1649,.T.);
#1747 = ORIENTED_EDGE('',*,*,#1680,.T.);
#1748 = ORIENTED_EDGE('',*,*,#1711,.T.);
#1749 = ORIENTED_EDGE('',*,*,#1733,.T.);
#1750 = PLANE('',#1751);
#1751 = AXIS2_PLACEMENT_3D('',#1752,#1753,#1754);
#1752 = CARTESIAN_POINT('',(0.,0.,1.51));
#1753 = DIRECTION('',(0.,0.,1.));
#1754 = DIRECTION('',(1.,0.,-0.));
#1755 = ADVANCED_FACE('',(#1756),#1762,.T.);
#1756 = FACE_BOUND('',#1757,.F.);
#1757 = EDGE_LOOP('',(#1758,#1759,#1760,#1761));
#1758 = ORIENTED_EDGE('',*,*,#1633,.T.);
#1759 = ORIENTED_EDGE('',*,*,#1664,.T.);
#1760 = ORIENTED_EDGE('',*,*,#1695,.T.);
#1761 = ORIENTED_EDGE('',*,*,#1726,.T.);
#1762 = PLANE('',#1763);
#1763 = AXIS2_PLACEMENT_3D('',#1764,#1765,#1766);
#1764 = CARTESIAN_POINT('',(0.,0.,1.55));
#1765 = DIRECTION('',(0.,0.,1.));
#1766 = DIRECTION('',(1.,0.,-0.));
#1767 = MANIFOLD_SOLID_BREP('',#1768);
#1768 = CLOSED_SHELL('',(#1769,#1811,#1842,#1875,#1906,#1939,#1970,#2003
    ,#2025,#2041));
#1769 = ADVANCED_FACE('',(#1770),#1806,.T.);
#1770 = FACE_BOUND('',#1771,.T.);
#1771 = EDGE_LOOP('',(#1772,#1782,#1791,#1799));
#1772 = ORIENTED_EDGE('',*,*,#1773,.T.);
#1773 = EDGE_CURVE('',#1774,#1776,#1778,.T.);
#1774 = VERTEX_POINT('',#1775);
#1775 = CARTESIAN_POINT('',(173.4525,-138.49,1.51));
#1776 = VERTEX_POINT('',#1777);
#1777 = CARTESIAN_POINT('',(173.4525,-138.49,1.55));
#1778 = LINE('',#1779,#1780);
#1779 = CARTESIAN_POINT('',(173.4525,-138.49,1.51));
#1780 = VECTOR('',#1781,1.);
#1781 = DIRECTION('',(0.,0.,1.));
#1782 = ORIENTED_EDGE('',*,*,#1783,.T.);
#1783 = EDGE_CURVE('',#1776,#1784,#1786,.T.);
#1784 = VERTEX_POINT('',#1785);
#1785 = CARTESIAN_POINT('',(173.6125,-138.33,1.55));
#1786 = CIRCLE('',#1787,0.160000290174);
#1787 = AXIS2_PLACEMENT_3D('',#1788,#1789,#1790);
#1788 = CARTESIAN_POINT('',(173.61250029017,-138.4900002901,1.55));
#1789 = DIRECTION('',(0.,0.,-1.));
#1790 = DIRECTION('',(-0.999999999998,1.813584568571E-06,0.));
#1791 = ORIENTED_EDGE('',*,*,#1792,.F.);
#1792 = EDGE_CURVE('',#1793,#1784,#1795,.T.);
#1793 = VERTEX_POINT('',#1794);
#1794 = CARTESIAN_POINT('',(173.6125,-138.33,1.51));
#1795 = LINE('',#1796,#1797);
#1796 = CARTESIAN_POINT('',(173.6125,-138.33,1.51));
#1797 = VECTOR('',#1798,1.);
#1798 = DIRECTION('',(0.,0.,1.));
#1799 = ORIENTED_EDGE('',*,*,#1800,.F.);
#1800 = EDGE_CURVE('',#1774,#1793,#1801,.T.);
#1801 = CIRCLE('',#1802,0.160000290174);
#1802 = AXIS2_PLACEMENT_3D('',#1803,#1804,#1805);
#1803 = CARTESIAN_POINT('',(173.61250029017,-138.4900002901,1.51));
#1804 = DIRECTION('',(0.,0.,-1.));
#1805 = DIRECTION('',(-0.999999999998,1.813584568571E-06,0.));
#1806 = CYLINDRICAL_SURFACE('',#1807,0.160000290174);
#1807 = AXIS2_PLACEMENT_3D('',#1808,#1809,#1810);
#1808 = CARTESIAN_POINT('',(173.61250029017,-138.4900002901,1.51));
#1809 = DIRECTION('',(0.,0.,-1.));
#1810 = DIRECTION('',(-0.999999999998,1.813584568571E-06,0.));
#1811 = ADVANCED_FACE('',(#1812),#1837,.T.);
#1812 = FACE_BOUND('',#1813,.T.);
#1813 = EDGE_LOOP('',(#1814,#1815,#1823,#1831));
#1814 = ORIENTED_EDGE('',*,*,#1792,.T.);
#1815 = ORIENTED_EDGE('',*,*,#1816,.T.);
#1816 = EDGE_CURVE('',#1784,#1817,#1819,.T.);
#1817 = VERTEX_POINT('',#1818);
#1818 = CARTESIAN_POINT('',(174.0075,-138.33,1.55));
#1819 = LINE('',#1820,#1821);
#1820 = CARTESIAN_POINT('',(173.6125,-138.33,1.55));
#1821 = VECTOR('',#1822,1.);
#1822 = DIRECTION('',(1.,0.,0.));
#1823 = ORIENTED_EDGE('',*,*,#1824,.F.);
#1824 = EDGE_CURVE('',#1825,#1817,#1827,.T.);
#1825 = VERTEX_POINT('',#1826);
#1826 = CARTESIAN_POINT('',(174.0075,-138.33,1.51));
#1827 = LINE('',#1828,#1829);
#1828 = CARTESIAN_POINT('',(174.0075,-138.33,1.51));
#1829 = VECTOR('',#1830,1.);
#1830 = DIRECTION('',(0.,0.,1.));
#1831 = ORIENTED_EDGE('',*,*,#1832,.F.);
#1832 = EDGE_CURVE('',#1793,#1825,#1833,.T.);
#1833 = LINE('',#1834,#1835);
#1834 = CARTESIAN_POINT('',(173.6125,-138.33,1.51));
#1835 = VECTOR('',#1836,1.);
#1836 = DIRECTION('',(1.,0.,0.));
#1837 = PLANE('',#1838);
#1838 = AXIS2_PLACEMENT_3D('',#1839,#1840,#1841);
#1839 = CARTESIAN_POINT('',(173.6125,-138.33,1.51));
#1840 = DIRECTION('',(0.,1.,0.));
#1841 = DIRECTION('',(1.,0.,0.));
#1842 = ADVANCED_FACE('',(#1843),#1870,.T.);
#1843 = FACE_BOUND('',#1844,.T.);
#1844 = EDGE_LOOP('',(#1845,#1846,#1855,#1863));
#1845 = ORIENTED_EDGE('',*,*,#1824,.T.);
#1846 = ORIENTED_EDGE('',*,*,#1847,.T.);
#1847 = EDGE_CURVE('',#1817,#1848,#1850,.T.);
#1848 = VERTEX_POINT('',#1849);
#1849 = CARTESIAN_POINT('',(174.1675,-138.49,1.55));
#1850 = CIRCLE('',#1851,0.160000290174);
#1851 = AXIS2_PLACEMENT_3D('',#1852,#1853,#1854);
#1852 = CARTESIAN_POINT('',(174.00749970982,-138.4900002901,1.55));
#1853 = DIRECTION('',(0.,0.,-1.));
#1854 = DIRECTION('',(1.813584746206E-06,0.999999999998,0.));
#1855 = ORIENTED_EDGE('',*,*,#1856,.F.);
#1856 = EDGE_CURVE('',#1857,#1848,#1859,.T.);
#1857 = VERTEX_POINT('',#1858);
#1858 = CARTESIAN_POINT('',(174.1675,-138.49,1.51));
#1859 = LINE('',#1860,#1861);
#1860 = CARTESIAN_POINT('',(174.1675,-138.49,1.51));
#1861 = VECTOR('',#1862,1.);
#1862 = DIRECTION('',(0.,0.,1.));
#1863 = ORIENTED_EDGE('',*,*,#1864,.F.);
#1864 = EDGE_CURVE('',#1825,#1857,#1865,.T.);
#1865 = CIRCLE('',#1866,0.160000290174);
#1866 = AXIS2_PLACEMENT_3D('',#1867,#1868,#1869);
#1867 = CARTESIAN_POINT('',(174.00749970982,-138.4900002901,1.51));
#1868 = DIRECTION('',(0.,0.,-1.));
#1869 = DIRECTION('',(1.813584746206E-06,0.999999999998,0.));
#1870 = CYLINDRICAL_SURFACE('',#1871,0.160000290174);
#1871 = AXIS2_PLACEMENT_3D('',#1872,#1873,#1874);
#1872 = CARTESIAN_POINT('',(174.00749970982,-138.4900002901,1.51));
#1873 = DIRECTION('',(0.,0.,-1.));
#1874 = DIRECTION('',(1.813584746206E-06,0.999999999998,0.));
#1875 = ADVANCED_FACE('',(#1876),#1901,.T.);
#1876 = FACE_BOUND('',#1877,.T.);
#1877 = EDGE_LOOP('',(#1878,#1879,#1887,#1895));
#1878 = ORIENTED_EDGE('',*,*,#1856,.T.);
#1879 = ORIENTED_EDGE('',*,*,#1880,.T.);
#1880 = EDGE_CURVE('',#1848,#1881,#1883,.T.);
#1881 = VERTEX_POINT('',#1882);
#1882 = CARTESIAN_POINT('',(174.1675,-138.81,1.55));
#1883 = LINE('',#1884,#1885);
#1884 = CARTESIAN_POINT('',(174.1675,-138.49,1.55));
#1885 = VECTOR('',#1886,1.);
#1886 = DIRECTION('',(0.,-1.,0.));
#1887 = ORIENTED_EDGE('',*,*,#1888,.F.);
#1888 = EDGE_CURVE('',#1889,#1881,#1891,.T.);
#1889 = VERTEX_POINT('',#1890);
#1890 = CARTESIAN_POINT('',(174.1675,-138.81,1.51));
#1891 = LINE('',#1892,#1893);
#1892 = CARTESIAN_POINT('',(174.1675,-138.81,1.51));
#1893 = VECTOR('',#1894,1.);
#1894 = DIRECTION('',(0.,0.,1.));
#1895 = ORIENTED_EDGE('',*,*,#1896,.F.);
#1896 = EDGE_CURVE('',#1857,#1889,#1897,.T.);
#1897 = LINE('',#1898,#1899);
#1898 = CARTESIAN_POINT('',(174.1675,-138.49,1.51));
#1899 = VECTOR('',#1900,1.);
#1900 = DIRECTION('',(0.,-1.,0.));
#1901 = PLANE('',#1902);
#1902 = AXIS2_PLACEMENT_3D('',#1903,#1904,#1905);
#1903 = CARTESIAN_POINT('',(174.1675,-138.49,1.51));
#1904 = DIRECTION('',(1.,0.,-0.));
#1905 = DIRECTION('',(0.,-1.,0.));
#1906 = ADVANCED_FACE('',(#1907),#1934,.T.);
#1907 = FACE_BOUND('',#1908,.T.);
#1908 = EDGE_LOOP('',(#1909,#1910,#1919,#1927));
#1909 = ORIENTED_EDGE('',*,*,#1888,.T.);
#1910 = ORIENTED_EDGE('',*,*,#1911,.T.);
#1911 = EDGE_CURVE('',#1881,#1912,#1914,.T.);
#1912 = VERTEX_POINT('',#1913);
#1913 = CARTESIAN_POINT('',(174.0075,-138.97,1.55));
#1914 = CIRCLE('',#1915,0.160000290174);
#1915 = AXIS2_PLACEMENT_3D('',#1916,#1917,#1918);
#1916 = CARTESIAN_POINT('',(174.00749970982,-138.8099997098,1.55));
#1917 = DIRECTION('',(0.,0.,-1.));
#1918 = DIRECTION('',(0.999999999998,-1.813585101476E-06,0.));
#1919 = ORIENTED_EDGE('',*,*,#1920,.F.);
#1920 = EDGE_CURVE('',#1921,#1912,#1923,.T.);
#1921 = VERTEX_POINT('',#1922);
#1922 = CARTESIAN_POINT('',(174.0075,-138.97,1.51));
#1923 = LINE('',#1924,#1925);
#1924 = CARTESIAN_POINT('',(174.0075,-138.97,1.51));
#1925 = VECTOR('',#1926,1.);
#1926 = DIRECTION('',(0.,0.,1.));
#1927 = ORIENTED_EDGE('',*,*,#1928,.F.);
#1928 = EDGE_CURVE('',#1889,#1921,#1929,.T.);
#1929 = CIRCLE('',#1930,0.160000290174);
#1930 = AXIS2_PLACEMENT_3D('',#1931,#1932,#1933);
#1931 = CARTESIAN_POINT('',(174.00749970982,-138.8099997098,1.51));
#1932 = DIRECTION('',(0.,0.,-1.));
#1933 = DIRECTION('',(0.999999999998,-1.813585101476E-06,0.));
#1934 = CYLINDRICAL_SURFACE('',#1935,0.160000290174);
#1935 = AXIS2_PLACEMENT_3D('',#1936,#1937,#1938);
#1936 = CARTESIAN_POINT('',(174.00749970982,-138.8099997098,1.51));
#1937 = DIRECTION('',(0.,0.,-1.));
#1938 = DIRECTION('',(0.999999999998,-1.813585101476E-06,0.));
#1939 = ADVANCED_FACE('',(#1940),#1965,.T.);
#1940 = FACE_BOUND('',#1941,.T.);
#1941 = EDGE_LOOP('',(#1942,#1943,#1951,#1959));
#1942 = ORIENTED_EDGE('',*,*,#1920,.T.);
#1943 = ORIENTED_EDGE('',*,*,#1944,.T.);
#1944 = EDGE_CURVE('',#1912,#1945,#1947,.T.);
#1945 = VERTEX_POINT('',#1946);
#1946 = CARTESIAN_POINT('',(173.6125,-138.97,1.55));
#1947 = LINE('',#1948,#1949);
#1948 = CARTESIAN_POINT('',(174.0075,-138.97,1.55));
#1949 = VECTOR('',#1950,1.);
#1950 = DIRECTION('',(-1.,0.,0.));
#1951 = ORIENTED_EDGE('',*,*,#1952,.F.);
#1952 = EDGE_CURVE('',#1953,#1945,#1955,.T.);
#1953 = VERTEX_POINT('',#1954);
#1954 = CARTESIAN_POINT('',(173.6125,-138.97,1.51));
#1955 = LINE('',#1956,#1957);
#1956 = CARTESIAN_POINT('',(173.6125,-138.97,1.51));
#1957 = VECTOR('',#1958,1.);
#1958 = DIRECTION('',(0.,0.,1.));
#1959 = ORIENTED_EDGE('',*,*,#1960,.F.);
#1960 = EDGE_CURVE('',#1921,#1953,#1961,.T.);
#1961 = LINE('',#1962,#1963);
#1962 = CARTESIAN_POINT('',(174.0075,-138.97,1.51));
#1963 = VECTOR('',#1964,1.);
#1964 = DIRECTION('',(-1.,0.,0.));
#1965 = PLANE('',#1966);
#1966 = AXIS2_PLACEMENT_3D('',#1967,#1968,#1969);
#1967 = CARTESIAN_POINT('',(174.0075,-138.97,1.51));
#1968 = DIRECTION('',(0.,-1.,0.));
#1969 = DIRECTION('',(-1.,0.,0.));
#1970 = ADVANCED_FACE('',(#1971),#1998,.T.);
#1971 = FACE_BOUND('',#1972,.T.);
#1972 = EDGE_LOOP('',(#1973,#1974,#1983,#1991));
#1973 = ORIENTED_EDGE('',*,*,#1952,.T.);
#1974 = ORIENTED_EDGE('',*,*,#1975,.T.);
#1975 = EDGE_CURVE('',#1945,#1976,#1978,.T.);
#1976 = VERTEX_POINT('',#1977);
#1977 = CARTESIAN_POINT('',(173.4525,-138.81,1.55));
#1978 = CIRCLE('',#1979,0.160000290174);
#1979 = AXIS2_PLACEMENT_3D('',#1980,#1981,#1982);
#1980 = CARTESIAN_POINT('',(173.61250029017,-138.8099997098,1.55));
#1981 = DIRECTION('',(0.,0.,-1.));
#1982 = DIRECTION('',(-1.813584746205E-06,-0.999999999998,-0.));
#1983 = ORIENTED_EDGE('',*,*,#1984,.F.);
#1984 = EDGE_CURVE('',#1985,#1976,#1987,.T.);
#1985 = VERTEX_POINT('',#1986);
#1986 = CARTESIAN_POINT('',(173.4525,-138.81,1.51));
#1987 = LINE('',#1988,#1989);
#1988 = CARTESIAN_POINT('',(173.4525,-138.81,1.51));
#1989 = VECTOR('',#1990,1.);
#1990 = DIRECTION('',(0.,0.,1.));
#1991 = ORIENTED_EDGE('',*,*,#1992,.F.);
#1992 = EDGE_CURVE('',#1953,#1985,#1993,.T.);
#1993 = CIRCLE('',#1994,0.160000290174);
#1994 = AXIS2_PLACEMENT_3D('',#1995,#1996,#1997);
#1995 = CARTESIAN_POINT('',(173.61250029017,-138.8099997098,1.51));
#1996 = DIRECTION('',(0.,0.,-1.));
#1997 = DIRECTION('',(-1.813584746205E-06,-0.999999999998,-0.));
#1998 = CYLINDRICAL_SURFACE('',#1999,0.160000290174);
#1999 = AXIS2_PLACEMENT_3D('',#2000,#2001,#2002);
#2000 = CARTESIAN_POINT('',(173.61250029017,-138.8099997098,1.51));
#2001 = DIRECTION('',(0.,0.,-1.));
#2002 = DIRECTION('',(-1.813584746205E-06,-0.999999999998,-0.));
#2003 = ADVANCED_FACE('',(#2004),#2020,.T.);
#2004 = FACE_BOUND('',#2005,.T.);
#2005 = EDGE_LOOP('',(#2006,#2007,#2013,#2014));
#2006 = ORIENTED_EDGE('',*,*,#1984,.T.);
#2007 = ORIENTED_EDGE('',*,*,#2008,.T.);
#2008 = EDGE_CURVE('',#1976,#1776,#2009,.T.);
#2009 = LINE('',#2010,#2011);
#2010 = CARTESIAN_POINT('',(173.4525,-138.81,1.55));
#2011 = VECTOR('',#2012,1.);
#2012 = DIRECTION('',(0.,1.,0.));
#2013 = ORIENTED_EDGE('',*,*,#1773,.F.);
#2014 = ORIENTED_EDGE('',*,*,#2015,.F.);
#2015 = EDGE_CURVE('',#1985,#1774,#2016,.T.);
#2016 = LINE('',#2017,#2018);
#2017 = CARTESIAN_POINT('',(173.4525,-138.81,1.51));
#2018 = VECTOR('',#2019,1.);
#2019 = DIRECTION('',(0.,1.,0.));
#2020 = PLANE('',#2021);
#2021 = AXIS2_PLACEMENT_3D('',#2022,#2023,#2024);
#2022 = CARTESIAN_POINT('',(173.4525,-138.81,1.51));
#2023 = DIRECTION('',(-1.,0.,0.));
#2024 = DIRECTION('',(0.,1.,0.));
#2025 = ADVANCED_FACE('',(#2026),#2036,.F.);
#2026 = FACE_BOUND('',#2027,.T.);
#2027 = EDGE_LOOP('',(#2028,#2029,#2030,#2031,#2032,#2033,#2034,#2035));
#2028 = ORIENTED_EDGE('',*,*,#1800,.T.);
#2029 = ORIENTED_EDGE('',*,*,#1832,.T.);
#2030 = ORIENTED_EDGE('',*,*,#1864,.T.);
#2031 = ORIENTED_EDGE('',*,*,#1896,.T.);
#2032 = ORIENTED_EDGE('',*,*,#1928,.T.);
#2033 = ORIENTED_EDGE('',*,*,#1960,.T.);
#2034 = ORIENTED_EDGE('',*,*,#1992,.T.);
#2035 = ORIENTED_EDGE('',*,*,#2015,.T.);
#2036 = PLANE('',#2037);
#2037 = AXIS2_PLACEMENT_3D('',#2038,#2039,#2040);
#2038 = CARTESIAN_POINT('',(0.,0.,1.51));
#2039 = DIRECTION('',(0.,0.,1.));
#2040 = DIRECTION('',(1.,0.,-0.));
#2041 = ADVANCED_FACE('',(#2042),#2052,.T.);
#2042 = FACE_BOUND('',#2043,.F.);
#2043 = EDGE_LOOP('',(#2044,#2045,#2046,#2047,#2048,#2049,#2050,#2051));
#2044 = ORIENTED_EDGE('',*,*,#1783,.T.);
#2045 = ORIENTED_EDGE('',*,*,#1816,.T.);
#2046 = ORIENTED_EDGE('',*,*,#1847,.T.);
#2047 = ORIENTED_EDGE('',*,*,#1880,.T.);
#2048 = ORIENTED_EDGE('',*,*,#1911,.T.);
#2049 = ORIENTED_EDGE('',*,*,#1944,.T.);
#2050 = ORIENTED_EDGE('',*,*,#1975,.T.);
#2051 = ORIENTED_EDGE('',*,*,#2008,.T.);
#2052 = PLANE('',#2053);
#2053 = AXIS2_PLACEMENT_3D('',#2054,#2055,#2056);
#2054 = CARTESIAN_POINT('',(0.,0.,1.55));
#2055 = DIRECTION('',(0.,0.,1.));
#2056 = DIRECTION('',(1.,0.,-0.));
#2057 = ( GEOMETRIC_REPRESENTATION_CONTEXT(3) 
GLOBAL_UNCERTAINTY_ASSIGNED_CONTEXT((#2061)) 
GLOBAL_UNIT_ASSIGNED_CONTEXT((#2058,#2059,#2060)) REPRESENTATION_CONTEXT
('Context #1','3D Context with UNIT and UNCERTAINTY') );
#2058 = ( LENGTH_UNIT() NAMED_UNIT(*) SI_UNIT(.MILLI.,.METRE.) );
#2059 = ( NAMED_UNIT(*) PLANE_ANGLE_UNIT() SI_UNIT($,.RADIAN.) );
#2060 = ( NAMED_UNIT(*) SI_UNIT($,.STERADIAN.) SOLID_ANGLE_UNIT() );
#2061 = UNCERTAINTY_MEASURE_WITH_UNIT(LENGTH_MEASURE(1.E-07),#2058,
  'distance_accuracy_value','confusion accuracy');
#2062 = CONTEXT_DEPENDENT_SHAPE_REPRESENTATION(#2063,#2065);
#2063 = ( REPRESENTATION_RELATIONSHIP('','',#876,#10) 
REPRESENTATION_RELATIONSHIP_WITH_TRANSFORMATION(#2064) 
SHAPE_REPRESENTATION_RELATIONSHIP() );
#2064 = ITEM_DEFINED_TRANSFORMATION('','',#11,#19);
#2065 = PRODUCT_DEFINITION_SHAPE('Placement','Placement of an item',
  #2066);
#2066 = NEXT_ASSEMBLY_USAGE_OCCURRENCE('3','=>[0:1:1:4]','',#5,#871,$);
#2067 = PRODUCT_RELATED_PRODUCT_CATEGORY('part',$,(#873));
#2068 = SHAPE_DEFINITION_REPRESENTATION(#2069,#2075);
#2069 = PRODUCT_DEFINITION_SHAPE('','',#2070);
#2070 = PRODUCT_DEFINITION('design','',#2071,#2074);
#2071 = PRODUCT_DEFINITION_FORMATION('','',#2072);
#2072 = PRODUCT('HeaFAF2_silkscreen','HeaFAF2_silkscreen','',(#2073));
#2073 = PRODUCT_CONTEXT('',#2,'mechanical');
#2074 = PRODUCT_DEFINITION_CONTEXT('part definition',#2,'design');
#2075 = SHAPE_REPRESENTATION('',(#11,#2076,#2188,#2300,#2412,#2524,#2666
    ,#2833,#2927,#3021,#3065,#3109,#3251,#3422,#3441,#3549),#3668);
#2076 = SHELL_BASED_SURFACE_MODEL('',(#2077));
#2077 = OPEN_SHELL('',(#2078));
#2078 = ADVANCED_FACE('',(#2079,#2149),#2183,.T.);
#2079 = FACE_BOUND('',#2080,.F.);
#2080 = EDGE_LOOP('',(#2081,#2092,#2100,#2109,#2117,#2126,#2134,#2143));
#2081 = ORIENTED_EDGE('',*,*,#2082,.T.);
#2082 = EDGE_CURVE('',#2083,#2085,#2087,.T.);
#2083 = VERTEX_POINT('',#2084);
#2084 = CARTESIAN_POINT('',(160.768,-147.969,1.585));
#2085 = VERTEX_POINT('',#2086);
#2086 = CARTESIAN_POINT('',(160.828,-147.909,1.585));
#2087 = CIRCLE('',#2088,5.999932016263E-02);
#2088 = AXIS2_PLACEMENT_3D('',#2089,#2090,#2091);
#2089 = CARTESIAN_POINT('',(160.82799932015,-147.9689993201,1.585));
#2090 = DIRECTION('',(0.,0.,-1.));
#2091 = DIRECTION('',(-0.999999999936,-1.133081517402E-05,-0.));
#2092 = ORIENTED_EDGE('',*,*,#2093,.T.);
#2093 = EDGE_CURVE('',#2085,#2094,#2096,.T.);
#2094 = VERTEX_POINT('',#2095);
#2095 = CARTESIAN_POINT('',(165.228,-147.909,1.585));
#2096 = LINE('',#2097,#2098);
#2097 = CARTESIAN_POINT('',(160.828,-147.909,1.585));
#2098 = VECTOR('',#2099,1.);
#2099 = DIRECTION('',(1.,0.,0.));
#2100 = ORIENTED_EDGE('',*,*,#2101,.T.);
#2101 = EDGE_CURVE('',#2094,#2102,#2104,.T.);
#2102 = VERTEX_POINT('',#2103);
#2103 = CARTESIAN_POINT('',(165.288,-147.969,1.585));
#2104 = CIRCLE('',#2105,5.999932016263E-02);
#2105 = AXIS2_PLACEMENT_3D('',#2106,#2107,#2108);
#2106 = CARTESIAN_POINT('',(165.22800067984,-147.9689993201,1.585));
#2107 = DIRECTION('',(0.,0.,-1.));
#2108 = DIRECTION('',(-1.133081517402E-05,0.999999999936,0.));
#2109 = ORIENTED_EDGE('',*,*,#2110,.T.);
#2110 = EDGE_CURVE('',#2102,#2111,#2113,.T.);
#2111 = VERTEX_POINT('',#2112);
#2112 = CARTESIAN_POINT('',(165.288,-152.369,1.585));
#2113 = LINE('',#2114,#2115);
#2114 = CARTESIAN_POINT('',(165.288,-147.969,1.585));
#2115 = VECTOR('',#2116,1.);
#2116 = DIRECTION('',(0.,-1.,0.));
#2117 = ORIENTED_EDGE('',*,*,#2118,.T.);
#2118 = EDGE_CURVE('',#2111,#2119,#2121,.T.);
#2119 = VERTEX_POINT('',#2120);
#2120 = CARTESIAN_POINT('',(165.228,-152.429,1.585));
#2121 = CIRCLE('',#2122,5.999932016262E-02);
#2122 = AXIS2_PLACEMENT_3D('',#2123,#2124,#2125);
#2123 = CARTESIAN_POINT('',(165.22800067984,-152.3690006798,1.585));
#2124 = DIRECTION('',(0.,0.,-1.));
#2125 = DIRECTION('',(0.999999999936,1.133081564772E-05,0.));
#2126 = ORIENTED_EDGE('',*,*,#2127,.T.);
#2127 = EDGE_CURVE('',#2119,#2128,#2130,.T.);
#2128 = VERTEX_POINT('',#2129);
#2129 = CARTESIAN_POINT('',(160.828,-152.429,1.585));
#2130 = LINE('',#2131,#2132);
#2131 = CARTESIAN_POINT('',(165.228,-152.429,1.585));
#2132 = VECTOR('',#2133,1.);
#2133 = DIRECTION('',(-1.,0.,0.));
#2134 = ORIENTED_EDGE('',*,*,#2135,.T.);
#2135 = EDGE_CURVE('',#2128,#2136,#2138,.T.);
#2136 = VERTEX_POINT('',#2137);
#2137 = CARTESIAN_POINT('',(160.768,-152.369,1.585));
#2138 = CIRCLE('',#2139,5.999932016262E-02);
#2139 = AXIS2_PLACEMENT_3D('',#2140,#2141,#2142);
#2140 = CARTESIAN_POINT('',(160.82799932015,-152.3690006798,1.585));
#2141 = DIRECTION('',(0.,0.,-1.));
#2142 = DIRECTION('',(1.133081564772E-05,-0.999999999936,0.));
#2143 = ORIENTED_EDGE('',*,*,#2144,.T.);
#2144 = EDGE_CURVE('',#2136,#2083,#2145,.T.);
#2145 = LINE('',#2146,#2147);
#2146 = CARTESIAN_POINT('',(160.768,-152.369,1.585));
#2147 = VECTOR('',#2148,1.);
#2148 = DIRECTION('',(0.,1.,0.));
#2149 = FACE_BOUND('',#2150,.F.);
#2150 = EDGE_LOOP('',(#2151,#2161,#2169,#2177));
#2151 = ORIENTED_EDGE('',*,*,#2152,.T.);
#2152 = EDGE_CURVE('',#2153,#2155,#2157,.T.);
#2153 = VERTEX_POINT('',#2154);
#2154 = CARTESIAN_POINT('',(165.168,-152.309,1.585));
#2155 = VERTEX_POINT('',#2156);
#2156 = CARTESIAN_POINT('',(165.168,-148.029,1.585));
#2157 = LINE('',#2158,#2159);
#2158 = CARTESIAN_POINT('',(165.168,-152.309,1.585));
#2159 = VECTOR('',#2160,1.);
#2160 = DIRECTION('',(0.,1.,0.));
#2161 = ORIENTED_EDGE('',*,*,#2162,.T.);
#2162 = EDGE_CURVE('',#2155,#2163,#2165,.T.);
#2163 = VERTEX_POINT('',#2164);
#2164 = CARTESIAN_POINT('',(160.888,-148.029,1.585));
#2165 = LINE('',#2166,#2167);
#2166 = CARTESIAN_POINT('',(165.168,-148.029,1.585));
#2167 = VECTOR('',#2168,1.);
#2168 = DIRECTION('',(-1.,0.,0.));
#2169 = ORIENTED_EDGE('',*,*,#2170,.T.);
#2170 = EDGE_CURVE('',#2163,#2171,#2173,.T.);
#2171 = VERTEX_POINT('',#2172);
#2172 = CARTESIAN_POINT('',(160.888,-152.309,1.585));
#2173 = LINE('',#2174,#2175);
#2174 = CARTESIAN_POINT('',(160.888,-148.029,1.585));
#2175 = VECTOR('',#2176,1.);
#2176 = DIRECTION('',(0.,-1.,0.));
#2177 = ORIENTED_EDGE('',*,*,#2178,.T.);
#2178 = EDGE_CURVE('',#2171,#2153,#2179,.T.);
#2179 = LINE('',#2180,#2181);
#2180 = CARTESIAN_POINT('',(160.888,-152.309,1.585));
#2181 = VECTOR('',#2182,1.);
#2182 = DIRECTION('',(1.,0.,0.));
#2183 = PLANE('',#2184);
#2184 = AXIS2_PLACEMENT_3D('',#2185,#2186,#2187);
#2185 = CARTESIAN_POINT('',(0.,0.,1.585));
#2186 = DIRECTION('',(0.,0.,1.));
#2187 = DIRECTION('',(1.,0.,-0.));
#2188 = SHELL_BASED_SURFACE_MODEL('',(#2189));
#2189 = OPEN_SHELL('',(#2190));
#2190 = ADVANCED_FACE('',(#2191,#2261),#2295,.T.);
#2191 = FACE_BOUND('',#2192,.F.);
#2192 = EDGE_LOOP('',(#2193,#2204,#2212,#2221,#2229,#2238,#2246,#2255));
#2193 = ORIENTED_EDGE('',*,*,#2194,.T.);
#2194 = EDGE_CURVE('',#2195,#2197,#2199,.T.);
#2195 = VERTEX_POINT('',#2196);
#2196 = CARTESIAN_POINT('',(180.768,-147.969,1.585));
#2197 = VERTEX_POINT('',#2198);
#2198 = CARTESIAN_POINT('',(180.828,-147.909,1.585));
#2199 = CIRCLE('',#2200,5.999932016263E-02);
#2200 = AXIS2_PLACEMENT_3D('',#2201,#2202,#2203);
#2201 = CARTESIAN_POINT('',(180.82799932015,-147.9689993201,1.585));
#2202 = DIRECTION('',(0.,0.,-1.));
#2203 = DIRECTION('',(-0.999999999936,-1.133081517402E-05,-0.));
#2204 = ORIENTED_EDGE('',*,*,#2205,.T.);
#2205 = EDGE_CURVE('',#2197,#2206,#2208,.T.);
#2206 = VERTEX_POINT('',#2207);
#2207 = CARTESIAN_POINT('',(185.228,-147.909,1.585));
#2208 = LINE('',#2209,#2210);
#2209 = CARTESIAN_POINT('',(180.828,-147.909,1.585));
#2210 = VECTOR('',#2211,1.);
#2211 = DIRECTION('',(1.,0.,0.));
#2212 = ORIENTED_EDGE('',*,*,#2213,.T.);
#2213 = EDGE_CURVE('',#2206,#2214,#2216,.T.);
#2214 = VERTEX_POINT('',#2215);
#2215 = CARTESIAN_POINT('',(185.288,-147.969,1.585));
#2216 = CIRCLE('',#2217,5.999932016263E-02);
#2217 = AXIS2_PLACEMENT_3D('',#2218,#2219,#2220);
#2218 = CARTESIAN_POINT('',(185.22800067984,-147.9689993201,1.585));
#2219 = DIRECTION('',(0.,0.,-1.));
#2220 = DIRECTION('',(-1.133081517402E-05,0.999999999936,0.));
#2221 = ORIENTED_EDGE('',*,*,#2222,.T.);
#2222 = EDGE_CURVE('',#2214,#2223,#2225,.T.);
#2223 = VERTEX_POINT('',#2224);
#2224 = CARTESIAN_POINT('',(185.288,-152.369,1.585));
#2225 = LINE('',#2226,#2227);
#2226 = CARTESIAN_POINT('',(185.288,-147.969,1.585));
#2227 = VECTOR('',#2228,1.);
#2228 = DIRECTION('',(0.,-1.,0.));
#2229 = ORIENTED_EDGE('',*,*,#2230,.T.);
#2230 = EDGE_CURVE('',#2223,#2231,#2233,.T.);
#2231 = VERTEX_POINT('',#2232);
#2232 = CARTESIAN_POINT('',(185.228,-152.429,1.585));
#2233 = CIRCLE('',#2234,5.999932016262E-02);
#2234 = AXIS2_PLACEMENT_3D('',#2235,#2236,#2237);
#2235 = CARTESIAN_POINT('',(185.22800067984,-152.3690006798,1.585));
#2236 = DIRECTION('',(0.,0.,-1.));
#2237 = DIRECTION('',(0.999999999936,1.133081564772E-05,0.));
#2238 = ORIENTED_EDGE('',*,*,#2239,.T.);
#2239 = EDGE_CURVE('',#2231,#2240,#2242,.T.);
#2240 = VERTEX_POINT('',#2241);
#2241 = CARTESIAN_POINT('',(180.828,-152.429,1.585));
#2242 = LINE('',#2243,#2244);
#2243 = CARTESIAN_POINT('',(185.228,-152.429,1.585));
#2244 = VECTOR('',#2245,1.);
#2245 = DIRECTION('',(-1.,0.,0.));
#2246 = ORIENTED_EDGE('',*,*,#2247,.T.);
#2247 = EDGE_CURVE('',#2240,#2248,#2250,.T.);
#2248 = VERTEX_POINT('',#2249);
#2249 = CARTESIAN_POINT('',(180.768,-152.369,1.585));
#2250 = CIRCLE('',#2251,5.999932016262E-02);
#2251 = AXIS2_PLACEMENT_3D('',#2252,#2253,#2254);
#2252 = CARTESIAN_POINT('',(180.82799932015,-152.3690006798,1.585));
#2253 = DIRECTION('',(0.,0.,-1.));
#2254 = DIRECTION('',(1.133081564772E-05,-0.999999999936,0.));
#2255 = ORIENTED_EDGE('',*,*,#2256,.T.);
#2256 = EDGE_CURVE('',#2248,#2195,#2257,.T.);
#2257 = LINE('',#2258,#2259);
#2258 = CARTESIAN_POINT('',(180.768,-152.369,1.585));
#2259 = VECTOR('',#2260,1.);
#2260 = DIRECTION('',(0.,1.,0.));
#2261 = FACE_BOUND('',#2262,.F.);
#2262 = EDGE_LOOP('',(#2263,#2273,#2281,#2289));
#2263 = ORIENTED_EDGE('',*,*,#2264,.T.);
#2264 = EDGE_CURVE('',#2265,#2267,#2269,.T.);
#2265 = VERTEX_POINT('',#2266);
#2266 = CARTESIAN_POINT('',(185.168,-152.309,1.585));
#2267 = VERTEX_POINT('',#2268);
#2268 = CARTESIAN_POINT('',(185.168,-148.029,1.585));
#2269 = LINE('',#2270,#2271);
#2270 = CARTESIAN_POINT('',(185.168,-152.309,1.585));
#2271 = VECTOR('',#2272,1.);
#2272 = DIRECTION('',(0.,1.,0.));
#2273 = ORIENTED_EDGE('',*,*,#2274,.T.);
#2274 = EDGE_CURVE('',#2267,#2275,#2277,.T.);
#2275 = VERTEX_POINT('',#2276);
#2276 = CARTESIAN_POINT('',(180.888,-148.029,1.585));
#2277 = LINE('',#2278,#2279);
#2278 = CARTESIAN_POINT('',(185.168,-148.029,1.585));
#2279 = VECTOR('',#2280,1.);
#2280 = DIRECTION('',(-1.,0.,0.));
#2281 = ORIENTED_EDGE('',*,*,#2282,.T.);
#2282 = EDGE_CURVE('',#2275,#2283,#2285,.T.);
#2283 = VERTEX_POINT('',#2284);
#2284 = CARTESIAN_POINT('',(180.888,-152.309,1.585));
#2285 = LINE('',#2286,#2287);
#2286 = CARTESIAN_POINT('',(180.888,-148.029,1.585));
#2287 = VECTOR('',#2288,1.);
#2288 = DIRECTION('',(0.,-1.,0.));
#2289 = ORIENTED_EDGE('',*,*,#2290,.T.);
#2290 = EDGE_CURVE('',#2283,#2265,#2291,.T.);
#2291 = LINE('',#2292,#2293);
#2292 = CARTESIAN_POINT('',(180.888,-152.309,1.585));
#2293 = VECTOR('',#2294,1.);
#2294 = DIRECTION('',(1.,0.,0.));
#2295 = PLANE('',#2296);
#2296 = AXIS2_PLACEMENT_3D('',#2297,#2298,#2299);
#2297 = CARTESIAN_POINT('',(0.,0.,1.585));
#2298 = DIRECTION('',(0.,0.,1.));
#2299 = DIRECTION('',(1.,0.,-0.));
#2300 = SHELL_BASED_SURFACE_MODEL('',(#2301));
#2301 = OPEN_SHELL('',(#2302));
#2302 = ADVANCED_FACE('',(#2303,#2373),#2407,.T.);
#2303 = FACE_BOUND('',#2304,.F.);
#2304 = EDGE_LOOP('',(#2305,#2316,#2324,#2333,#2341,#2350,#2358,#2367));
#2305 = ORIENTED_EDGE('',*,*,#2306,.T.);
#2306 = EDGE_CURVE('',#2307,#2309,#2311,.T.);
#2307 = VERTEX_POINT('',#2308);
#2308 = CARTESIAN_POINT('',(170.268,-148.969,1.585));
#2309 = VERTEX_POINT('',#2310);
#2310 = CARTESIAN_POINT('',(170.328,-148.909,1.585));
#2311 = CIRCLE('',#2312,5.999932016263E-02);
#2312 = AXIS2_PLACEMENT_3D('',#2313,#2314,#2315);
#2313 = CARTESIAN_POINT('',(170.32799932015,-148.9689993201,1.585));
#2314 = DIRECTION('',(0.,0.,-1.));
#2315 = DIRECTION('',(-0.999999999936,-1.133081517402E-05,-0.));
#2316 = ORIENTED_EDGE('',*,*,#2317,.T.);
#2317 = EDGE_CURVE('',#2309,#2318,#2320,.T.);
#2318 = VERTEX_POINT('',#2319);
#2319 = CARTESIAN_POINT('',(172.728,-148.909,1.585));
#2320 = LINE('',#2321,#2322);
#2321 = CARTESIAN_POINT('',(170.328,-148.909,1.585));
#2322 = VECTOR('',#2323,1.);
#2323 = DIRECTION('',(1.,0.,0.));
#2324 = ORIENTED_EDGE('',*,*,#2325,.T.);
#2325 = EDGE_CURVE('',#2318,#2326,#2328,.T.);
#2326 = VERTEX_POINT('',#2327);
#2327 = CARTESIAN_POINT('',(172.788,-148.969,1.585));
#2328 = CIRCLE('',#2329,5.999932016263E-02);
#2329 = AXIS2_PLACEMENT_3D('',#2330,#2331,#2332);
#2330 = CARTESIAN_POINT('',(172.72800067984,-148.9689993201,1.585));
#2331 = DIRECTION('',(0.,0.,-1.));
#2332 = DIRECTION('',(-1.133081517402E-05,0.999999999936,0.));
#2333 = ORIENTED_EDGE('',*,*,#2334,.T.);
#2334 = EDGE_CURVE('',#2326,#2335,#2337,.T.);
#2335 = VERTEX_POINT('',#2336);
#2336 = CARTESIAN_POINT('',(172.788,-151.369,1.585));
#2337 = LINE('',#2338,#2339);
#2338 = CARTESIAN_POINT('',(172.788,-148.969,1.585));
#2339 = VECTOR('',#2340,1.);
#2340 = DIRECTION('',(0.,-1.,0.));
#2341 = ORIENTED_EDGE('',*,*,#2342,.T.);
#2342 = EDGE_CURVE('',#2335,#2343,#2345,.T.);
#2343 = VERTEX_POINT('',#2344);
#2344 = CARTESIAN_POINT('',(172.728,-151.429,1.585));
#2345 = CIRCLE('',#2346,5.999932016262E-02);
#2346 = AXIS2_PLACEMENT_3D('',#2347,#2348,#2349);
#2347 = CARTESIAN_POINT('',(172.72800067984,-151.3690006798,1.585));
#2348 = DIRECTION('',(0.,0.,-1.));
#2349 = DIRECTION('',(0.999999999936,1.133081564772E-05,0.));
#2350 = ORIENTED_EDGE('',*,*,#2351,.T.);
#2351 = EDGE_CURVE('',#2343,#2352,#2354,.T.);
#2352 = VERTEX_POINT('',#2353);
#2353 = CARTESIAN_POINT('',(170.328,-151.429,1.585));
#2354 = LINE('',#2355,#2356);
#2355 = CARTESIAN_POINT('',(172.728,-151.429,1.585));
#2356 = VECTOR('',#2357,1.);
#2357 = DIRECTION('',(-1.,0.,0.));
#2358 = ORIENTED_EDGE('',*,*,#2359,.T.);
#2359 = EDGE_CURVE('',#2352,#2360,#2362,.T.);
#2360 = VERTEX_POINT('',#2361);
#2361 = CARTESIAN_POINT('',(170.268,-151.369,1.585));
#2362 = CIRCLE('',#2363,5.999932016262E-02);
#2363 = AXIS2_PLACEMENT_3D('',#2364,#2365,#2366);
#2364 = CARTESIAN_POINT('',(170.32799932015,-151.3690006798,1.585));
#2365 = DIRECTION('',(0.,0.,-1.));
#2366 = DIRECTION('',(1.133081564772E-05,-0.999999999936,0.));
#2367 = ORIENTED_EDGE('',*,*,#2368,.T.);
#2368 = EDGE_CURVE('',#2360,#2307,#2369,.T.);
#2369 = LINE('',#2370,#2371);
#2370 = CARTESIAN_POINT('',(170.268,-151.369,1.585));
#2371 = VECTOR('',#2372,1.);
#2372 = DIRECTION('',(0.,1.,0.));
#2373 = FACE_BOUND('',#2374,.F.);
#2374 = EDGE_LOOP('',(#2375,#2385,#2393,#2401));
#2375 = ORIENTED_EDGE('',*,*,#2376,.T.);
#2376 = EDGE_CURVE('',#2377,#2379,#2381,.T.);
#2377 = VERTEX_POINT('',#2378);
#2378 = CARTESIAN_POINT('',(172.668,-151.309,1.585));
#2379 = VERTEX_POINT('',#2380);
#2380 = CARTESIAN_POINT('',(172.668,-149.029,1.585));
#2381 = LINE('',#2382,#2383);
#2382 = CARTESIAN_POINT('',(172.668,-151.309,1.585));
#2383 = VECTOR('',#2384,1.);
#2384 = DIRECTION('',(0.,1.,0.));
#2385 = ORIENTED_EDGE('',*,*,#2386,.T.);
#2386 = EDGE_CURVE('',#2379,#2387,#2389,.T.);
#2387 = VERTEX_POINT('',#2388);
#2388 = CARTESIAN_POINT('',(170.388,-149.029,1.585));
#2389 = LINE('',#2390,#2391);
#2390 = CARTESIAN_POINT('',(172.668,-149.029,1.585));
#2391 = VECTOR('',#2392,1.);
#2392 = DIRECTION('',(-1.,0.,0.));
#2393 = ORIENTED_EDGE('',*,*,#2394,.T.);
#2394 = EDGE_CURVE('',#2387,#2395,#2397,.T.);
#2395 = VERTEX_POINT('',#2396);
#2396 = CARTESIAN_POINT('',(170.388,-151.309,1.585));
#2397 = LINE('',#2398,#2399);
#2398 = CARTESIAN_POINT('',(170.388,-149.029,1.585));
#2399 = VECTOR('',#2400,1.);
#2400 = DIRECTION('',(0.,-1.,0.));
#2401 = ORIENTED_EDGE('',*,*,#2402,.T.);
#2402 = EDGE_CURVE('',#2395,#2377,#2403,.T.);
#2403 = LINE('',#2404,#2405);
#2404 = CARTESIAN_POINT('',(170.388,-151.309,1.585));
#2405 = VECTOR('',#2406,1.);
#2406 = DIRECTION('',(1.,0.,0.));
#2407 = PLANE('',#2408);
#2408 = AXIS2_PLACEMENT_3D('',#2409,#2410,#2411);
#2409 = CARTESIAN_POINT('',(0.,0.,1.585));
#2410 = DIRECTION('',(0.,0.,1.));
#2411 = DIRECTION('',(1.,0.,-0.));
#2412 = SHELL_BASED_SURFACE_MODEL('',(#2413));
#2413 = OPEN_SHELL('',(#2414));
#2414 = ADVANCED_FACE('',(#2415,#2485),#2519,.T.);
#2415 = FACE_BOUND('',#2416,.F.);
#2416 = EDGE_LOOP('',(#2417,#2428,#2436,#2445,#2453,#2462,#2470,#2479));
#2417 = ORIENTED_EDGE('',*,*,#2418,.T.);
#2418 = EDGE_CURVE('',#2419,#2421,#2423,.T.);
#2419 = VERTEX_POINT('',#2420);
#2420 = CARTESIAN_POINT('',(173.268,-148.969,1.585));
#2421 = VERTEX_POINT('',#2422);
#2422 = CARTESIAN_POINT('',(173.328,-148.909,1.585));
#2423 = CIRCLE('',#2424,5.999932016263E-02);
#2424 = AXIS2_PLACEMENT_3D('',#2425,#2426,#2427);
#2425 = CARTESIAN_POINT('',(173.32799932015,-148.9689993201,1.585));
#2426 = DIRECTION('',(0.,0.,-1.));
#2427 = DIRECTION('',(-0.999999999936,-1.133081517402E-05,-0.));
#2428 = ORIENTED_EDGE('',*,*,#2429,.T.);
#2429 = EDGE_CURVE('',#2421,#2430,#2432,.T.);
#2430 = VERTEX_POINT('',#2431);
#2431 = CARTESIAN_POINT('',(175.728,-148.909,1.585));
#2432 = LINE('',#2433,#2434);
#2433 = CARTESIAN_POINT('',(173.328,-148.909,1.585));
#2434 = VECTOR('',#2435,1.);
#2435 = DIRECTION('',(1.,0.,0.));
#2436 = ORIENTED_EDGE('',*,*,#2437,.T.);
#2437 = EDGE_CURVE('',#2430,#2438,#2440,.T.);
#2438 = VERTEX_POINT('',#2439);
#2439 = CARTESIAN_POINT('',(175.788,-148.969,1.585));
#2440 = CIRCLE('',#2441,5.999932016263E-02);
#2441 = AXIS2_PLACEMENT_3D('',#2442,#2443,#2444);
#2442 = CARTESIAN_POINT('',(175.72800067984,-148.9689993201,1.585));
#2443 = DIRECTION('',(0.,0.,-1.));
#2444 = DIRECTION('',(-1.133081517402E-05,0.999999999936,0.));
#2445 = ORIENTED_EDGE('',*,*,#2446,.T.);
#2446 = EDGE_CURVE('',#2438,#2447,#2449,.T.);
#2447 = VERTEX_POINT('',#2448);
#2448 = CARTESIAN_POINT('',(175.788,-151.369,1.585));
#2449 = LINE('',#2450,#2451);
#2450 = CARTESIAN_POINT('',(175.788,-148.969,1.585));
#2451 = VECTOR('',#2452,1.);
#2452 = DIRECTION('',(0.,-1.,0.));
#2453 = ORIENTED_EDGE('',*,*,#2454,.T.);
#2454 = EDGE_CURVE('',#2447,#2455,#2457,.T.);
#2455 = VERTEX_POINT('',#2456);
#2456 = CARTESIAN_POINT('',(175.728,-151.429,1.585));
#2457 = CIRCLE('',#2458,5.999932016262E-02);
#2458 = AXIS2_PLACEMENT_3D('',#2459,#2460,#2461);
#2459 = CARTESIAN_POINT('',(175.72800067984,-151.3690006798,1.585));
#2460 = DIRECTION('',(0.,0.,-1.));
#2461 = DIRECTION('',(0.999999999936,1.133081564772E-05,0.));
#2462 = ORIENTED_EDGE('',*,*,#2463,.T.);
#2463 = EDGE_CURVE('',#2455,#2464,#2466,.T.);
#2464 = VERTEX_POINT('',#2465);
#2465 = CARTESIAN_POINT('',(173.328,-151.429,1.585));
#2466 = LINE('',#2467,#2468);
#2467 = CARTESIAN_POINT('',(175.728,-151.429,1.585));
#2468 = VECTOR('',#2469,1.);
#2469 = DIRECTION('',(-1.,0.,0.));
#2470 = ORIENTED_EDGE('',*,*,#2471,.T.);
#2471 = EDGE_CURVE('',#2464,#2472,#2474,.T.);
#2472 = VERTEX_POINT('',#2473);
#2473 = CARTESIAN_POINT('',(173.268,-151.369,1.585));
#2474 = CIRCLE('',#2475,5.999932016262E-02);
#2475 = AXIS2_PLACEMENT_3D('',#2476,#2477,#2478);
#2476 = CARTESIAN_POINT('',(173.32799932015,-151.3690006798,1.585));
#2477 = DIRECTION('',(0.,0.,-1.));
#2478 = DIRECTION('',(1.133081564772E-05,-0.999999999936,0.));
#2479 = ORIENTED_EDGE('',*,*,#2480,.T.);
#2480 = EDGE_CURVE('',#2472,#2419,#2481,.T.);
#2481 = LINE('',#2482,#2483);
#2482 = CARTESIAN_POINT('',(173.268,-151.369,1.585));
#2483 = VECTOR('',#2484,1.);
#2484 = DIRECTION('',(0.,1.,0.));
#2485 = FACE_BOUND('',#2486,.F.);
#2486 = EDGE_LOOP('',(#2487,#2497,#2505,#2513));
#2487 = ORIENTED_EDGE('',*,*,#2488,.T.);
#2488 = EDGE_CURVE('',#2489,#2491,#2493,.T.);
#2489 = VERTEX_POINT('',#2490);
#2490 = CARTESIAN_POINT('',(175.668,-151.309,1.585));
#2491 = VERTEX_POINT('',#2492);
#2492 = CARTESIAN_POINT('',(175.668,-149.029,1.585));
#2493 = LINE('',#2494,#2495);
#2494 = CARTESIAN_POINT('',(175.668,-151.309,1.585));
#2495 = VECTOR('',#2496,1.);
#2496 = DIRECTION('',(0.,1.,0.));
#2497 = ORIENTED_EDGE('',*,*,#2498,.T.);
#2498 = EDGE_CURVE('',#2491,#2499,#2501,.T.);
#2499 = VERTEX_POINT('',#2500);
#2500 = CARTESIAN_POINT('',(173.388,-149.029,1.585));
#2501 = LINE('',#2502,#2503);
#2502 = CARTESIAN_POINT('',(175.668,-149.029,1.585));
#2503 = VECTOR('',#2504,1.);
#2504 = DIRECTION('',(-1.,0.,0.));
#2505 = ORIENTED_EDGE('',*,*,#2506,.T.);
#2506 = EDGE_CURVE('',#2499,#2507,#2509,.T.);
#2507 = VERTEX_POINT('',#2508);
#2508 = CARTESIAN_POINT('',(173.388,-151.309,1.585));
#2509 = LINE('',#2510,#2511);
#2510 = CARTESIAN_POINT('',(173.388,-149.029,1.585));
#2511 = VECTOR('',#2512,1.);
#2512 = DIRECTION('',(0.,-1.,0.));
#2513 = ORIENTED_EDGE('',*,*,#2514,.T.);
#2514 = EDGE_CURVE('',#2507,#2489,#2515,.T.);
#2515 = LINE('',#2516,#2517);
#2516 = CARTESIAN_POINT('',(173.388,-151.309,1.585));
#2517 = VECTOR('',#2518,1.);
#2518 = DIRECTION('',(1.,0.,0.));
#2519 = PLANE('',#2520);
#2520 = AXIS2_PLACEMENT_3D('',#2521,#2522,#2523);
#2521 = CARTESIAN_POINT('',(0.,0.,1.585));
#2522 = DIRECTION('',(0.,0.,1.));
#2523 = DIRECTION('',(1.,0.,-0.));
#2524 = SHELL_BASED_SURFACE_MODEL('',(#2525));
#2525 = OPEN_SHELL('',(#2526));
#2526 = ADVANCED_FACE('',(#2527),#2661,.T.);
#2527 = FACE_BOUND('',#2528,.F.);
#2528 = EDGE_LOOP('',(#2529,#2539,#2547,#2556,#2564,#2572,#2581,#2589,
    #2598,#2606,#2614,#2622,#2630,#2639,#2647,#2655));
#2529 = ORIENTED_EDGE('',*,*,#2530,.T.);
#2530 = EDGE_CURVE('',#2531,#2533,#2535,.T.);
#2531 = VERTEX_POINT('',#2532);
#2532 = CARTESIAN_POINT('',(163.355864,-146.672841,1.585));
#2533 = VERTEX_POINT('',#2534);
#2534 = CARTESIAN_POINT('',(163.39432,-146.65226,1.585));
#2535 = LINE('',#2536,#2537);
#2536 = CARTESIAN_POINT('',(163.355864,-146.672841,1.585));
#2537 = VECTOR('',#2538,1.);
#2538 = DIRECTION('',(0.881674852639,0.471857451169,0.));
#2539 = ORIENTED_EDGE('',*,*,#2540,.T.);
#2540 = EDGE_CURVE('',#2533,#2541,#2543,.T.);
#2541 = VERTEX_POINT('',#2542);
#2542 = CARTESIAN_POINT('',(163.416157,-146.65226,1.585));
#2543 = LINE('',#2544,#2545);
#2544 = CARTESIAN_POINT('',(163.39432,-146.65226,1.585));
#2545 = VECTOR('',#2546,1.);
#2546 = DIRECTION('',(1.,0.,0.));
#2547 = ORIENTED_EDGE('',*,*,#2548,.T.);
#2548 = EDGE_CURVE('',#2541,#2549,#2551,.T.);
#2549 = VERTEX_POINT('',#2550);
#2550 = CARTESIAN_POINT('',(163.483952,-146.725819,1.585));
#2551 = CIRCLE('',#2552,7.216898094225E-02);
#2552 = AXIS2_PLACEMENT_3D('',#2553,#2554,#2555);
#2553 = CARTESIAN_POINT('',(163.41179906389,-146.7242972834,1.585));
#2554 = DIRECTION('',(0.,0.,-1.));
#2555 = DIRECTION('',(6.038516895228E-02,0.998175150648,0.));
#2556 = ORIENTED_EDGE('',*,*,#2557,.T.);
#2557 = EDGE_CURVE('',#2549,#2558,#2560,.T.);
#2558 = VERTEX_POINT('',#2559);
#2559 = CARTESIAN_POINT('',(163.483952,-147.650819,1.585));
#2560 = LINE('',#2561,#2562);
#2561 = CARTESIAN_POINT('',(163.483952,-146.725819,1.585));
#2562 = VECTOR('',#2563,1.);
#2563 = DIRECTION('',(0.,-1.,0.));
#2564 = ORIENTED_EDGE('',*,*,#2565,.T.);
#2565 = EDGE_CURVE('',#2558,#2566,#2568,.T.);
#2566 = VERTEX_POINT('',#2567);
#2567 = CARTESIAN_POINT('',(163.709298,-147.65226,1.585));
#2568 = LINE('',#2569,#2570);
#2569 = CARTESIAN_POINT('',(163.483952,-147.650819,1.585));
#2570 = VECTOR('',#2571,1.);
#2571 = DIRECTION('',(0.999979555102,-6.394480216655E-03,0.));
#2572 = ORIENTED_EDGE('',*,*,#2573,.T.);
#2573 = EDGE_CURVE('',#2566,#2574,#2576,.T.);
#2574 = VERTEX_POINT('',#2575);
#2575 = CARTESIAN_POINT('',(163.694666,-147.800819,1.585));
#2576 = CIRCLE('',#2577,7.500006711462E-02);
#2577 = AXIS2_PLACEMENT_3D('',#2578,#2579,#2580);
#2578 = CARTESIAN_POINT('',(163.69466606711,-147.7258189328,1.585));
#2579 = DIRECTION('',(0.,0.,-1.));
#2580 = DIRECTION('',(0.195092263891,0.980784894138,0.));
#2581 = ORIENTED_EDGE('',*,*,#2582,.T.);
#2582 = EDGE_CURVE('',#2574,#2583,#2585,.T.);
#2583 = VERTEX_POINT('',#2584);
#2584 = CARTESIAN_POINT('',(163.108606,-147.799378,1.585));
#2585 = LINE('',#2586,#2587);
#2586 = CARTESIAN_POINT('',(163.694666,-147.800819,1.585));
#2587 = VECTOR('',#2588,1.);
#2588 = DIRECTION('',(-0.999996977183,2.45878518261E-03,0.));
#2589 = ORIENTED_EDGE('',*,*,#2590,.T.);
#2590 = EDGE_CURVE('',#2583,#2591,#2593,.T.);
#2591 = VERTEX_POINT('',#2592);
#2592 = CARTESIAN_POINT('',(163.123238,-147.650819,1.585));
#2593 = CIRCLE('',#2594,7.500006711462E-02);
#2594 = AXIS2_PLACEMENT_3D('',#2595,#2596,#2597);
#2595 = CARTESIAN_POINT('',(163.12323793288,-147.7258190671,1.585));
#2596 = DIRECTION('',(0.,0.,-1.));
#2597 = DIRECTION('',(-0.195092263891,-0.980784894138,-0.));
#2598 = ORIENTED_EDGE('',*,*,#2599,.T.);
#2599 = EDGE_CURVE('',#2591,#2600,#2602,.T.);
#2600 = VERTEX_POINT('',#2601);
#2601 = CARTESIAN_POINT('',(163.333952,-147.650819,1.585));
#2602 = LINE('',#2603,#2604);
#2603 = CARTESIAN_POINT('',(163.123238,-147.650819,1.585));
#2604 = VECTOR('',#2605,1.);
#2605 = DIRECTION('',(1.,0.,0.));
#2606 = ORIENTED_EDGE('',*,*,#2607,.T.);
#2607 = EDGE_CURVE('',#2600,#2608,#2610,.T.);
#2608 = VERTEX_POINT('',#2609);
#2609 = CARTESIAN_POINT('',(163.333952,-146.954504,1.585));
#2610 = LINE('',#2611,#2612);
#2611 = CARTESIAN_POINT('',(163.333952,-147.650819,1.585));
#2612 = VECTOR('',#2613,1.);
#2613 = DIRECTION('',(0.,1.,0.));
#2614 = ORIENTED_EDGE('',*,*,#2615,.T.);
#2615 = EDGE_CURVE('',#2608,#2616,#2618,.T.);
#2616 = VERTEX_POINT('',#2617);
#2617 = CARTESIAN_POINT('',(163.258316,-147.027031,1.585));
#2618 = LINE('',#2619,#2620);
#2619 = CARTESIAN_POINT('',(163.333952,-146.954504,1.585));
#2620 = VECTOR('',#2621,1.);
#2621 = DIRECTION('',(-0.721785571396,-0.692116745156,0.));
#2622 = ORIENTED_EDGE('',*,*,#2623,.T.);
#2623 = EDGE_CURVE('',#2616,#2624,#2626,.T.);
#2624 = VERTEX_POINT('',#2625);
#2625 = CARTESIAN_POINT('',(163.143047,-147.08387,1.585));
#2626 = LINE('',#2627,#2628);
#2627 = CARTESIAN_POINT('',(163.258316,-147.027031,1.585));
#2628 = VECTOR('',#2629,1.);
#2629 = DIRECTION('',(-0.896889346494,-0.442255017094,0.));
#2630 = ORIENTED_EDGE('',*,*,#2631,.T.);
#2631 = EDGE_CURVE('',#2624,#2632,#2634,.T.);
#2632 = VERTEX_POINT('',#2633);
#2633 = CARTESIAN_POINT('',(163.089697,-146.944451,1.585));
#2634 = CIRCLE('',#2635,7.500005272362E-02);
#2635 = AXIS2_PLACEMENT_3D('',#2636,#2637,#2638);
#2636 = CARTESIAN_POINT('',(163.12323755676,-147.0115333297,1.585));
#2637 = DIRECTION('',(0.,0.,-1.));
#2638 = DIRECTION('',(0.264125724195,-0.964488259036,0.));
#2639 = ORIENTED_EDGE('',*,*,#2640,.T.);
#2640 = EDGE_CURVE('',#2632,#2641,#2643,.T.);
#2641 = VERTEX_POINT('',#2642);
#2642 = CARTESIAN_POINT('',(163.174049,-146.902275,1.585));
#2643 = LINE('',#2644,#2645);
#2644 = CARTESIAN_POINT('',(163.089697,-146.944451,1.585));
#2645 = VECTOR('',#2646,1.);
#2646 = DIRECTION('',(0.894427191,0.4472135955,0.));
#2647 = ORIENTED_EDGE('',*,*,#2648,.T.);
#2648 = EDGE_CURVE('',#2641,#2649,#2651,.T.);
#2649 = VERTEX_POINT('',#2650);
#2650 = CARTESIAN_POINT('',(163.255428,-146.820896,1.585));
#2651 = LINE('',#2652,#2653);
#2652 = CARTESIAN_POINT('',(163.174049,-146.902275,1.585));
#2653 = VECTOR('',#2654,1.);
#2654 = DIRECTION('',(0.707106781187,0.707106781187,0.));
#2655 = ORIENTED_EDGE('',*,*,#2656,.T.);
#2656 = EDGE_CURVE('',#2649,#2531,#2657,.T.);
#2657 = LINE('',#2658,#2659);
#2658 = CARTESIAN_POINT('',(163.255428,-146.820896,1.585));
#2659 = VECTOR('',#2660,1.);
#2660 = DIRECTION('',(0.561387006404,0.82755339951,0.));
#2661 = PLANE('',#2662);
#2662 = AXIS2_PLACEMENT_3D('',#2663,#2664,#2665);
#2663 = CARTESIAN_POINT('',(0.,0.,1.585));
#2664 = DIRECTION('',(0.,0.,1.));
#2665 = DIRECTION('',(1.,0.,-0.));
#2666 = SHELL_BASED_SURFACE_MODEL('',(#2667));
#2667 = OPEN_SHELL('',(#2668));
#2668 = ADVANCED_FACE('',(#2669),#2828,.T.);
#2669 = FACE_BOUND('',#2670,.F.);
#2670 = EDGE_LOOP('',(#2671,#2682,#2690,#2698,#2706,#2714,#2722,#2730,
    #2739,#2747,#2756,#2764,#2772,#2780,#2789,#2797,#2805,#2813,#2822));
#2671 = ORIENTED_EDGE('',*,*,#2672,.T.);
#2672 = EDGE_CURVE('',#2673,#2675,#2677,.T.);
#2673 = VERTEX_POINT('',#2674);
#2674 = CARTESIAN_POINT('',(183.137316,-146.706356,1.585));
#2675 = VERTEX_POINT('',#2676);
#2676 = CARTESIAN_POINT('',(183.646711,-146.715686,1.585));
#2677 = CIRCLE('',#2678,0.450326844012);
#2678 = AXIS2_PLACEMENT_3D('',#2679,#2680,#2681);
#2679 = CARTESIAN_POINT('',(183.3852130301,-147.0823098919,1.585));
#2680 = DIRECTION('',(0.,0.,-1.));
#2681 = DIRECTION('',(-0.550482462684,0.834846727416,0.));
#2682 = ORIENTED_EDGE('',*,*,#2683,.T.);
#2683 = EDGE_CURVE('',#2675,#2684,#2686,.T.);
#2684 = VERTEX_POINT('',#2685);
#2685 = CARTESIAN_POINT('',(183.710164,-146.781216,1.585));
#2686 = LINE('',#2687,#2688);
#2687 = CARTESIAN_POINT('',(183.646711,-146.715686,1.585));
#2688 = VECTOR('',#2689,1.);
#2689 = DIRECTION('',(0.695630129574,-0.718400113328,0.));
#2690 = ORIENTED_EDGE('',*,*,#2691,.T.);
#2691 = EDGE_CURVE('',#2684,#2692,#2694,.T.);
#2692 = VERTEX_POINT('',#2693);
#2693 = CARTESIAN_POINT('',(183.768225,-146.901663,1.585));
#2694 = LINE('',#2695,#2696);
#2695 = CARTESIAN_POINT('',(183.710164,-146.781216,1.585));
#2696 = VECTOR('',#2697,1.);
#2697 = DIRECTION('',(0.434228424707,-0.900802794832,0.));
#2698 = ORIENTED_EDGE('',*,*,#2699,.T.);
#2699 = EDGE_CURVE('',#2692,#2700,#2702,.T.);
#2700 = VERTEX_POINT('',#2701);
#2701 = CARTESIAN_POINT('',(183.767466,-147.027995,1.585));
#2702 = LINE('',#2703,#2704);
#2703 = CARTESIAN_POINT('',(183.768225,-146.901663,1.585));
#2704 = VECTOR('',#2705,1.);
#2705 = DIRECTION('',(-6.007870547434E-03,-0.999981952583,0.));
#2706 = ORIENTED_EDGE('',*,*,#2707,.T.);
#2707 = EDGE_CURVE('',#2700,#2708,#2710,.T.);
#2708 = VERTEX_POINT('',#2709);
#2709 = CARTESIAN_POINT('',(183.709408,-147.196058,1.585));
#2710 = LINE('',#2711,#2712);
#2711 = CARTESIAN_POINT('',(183.767466,-147.027995,1.585));
#2712 = VECTOR('',#2713,1.);
#2713 = DIRECTION('',(-0.326519613327,-0.945190426376,0.));
#2714 = ORIENTED_EDGE('',*,*,#2715,.T.);
#2715 = EDGE_CURVE('',#2708,#2716,#2718,.T.);
#2716 = VERTEX_POINT('',#2717);
#2717 = CARTESIAN_POINT('',(183.256685,-147.650819,1.585));
#2718 = LINE('',#2719,#2720);
#2719 = CARTESIAN_POINT('',(183.709408,-147.196058,1.585));
#2720 = VECTOR('',#2721,1.);
#2721 = DIRECTION('',(-0.705517003129,-0.708692992978,0.));
#2722 = ORIENTED_EDGE('',*,*,#2723,.T.);
#2723 = EDGE_CURVE('',#2716,#2724,#2726,.T.);
#2724 = VERTEX_POINT('',#2725);
#2725 = CARTESIAN_POINT('',(183.709298,-147.65226,1.585));
#2726 = LINE('',#2727,#2728);
#2727 = CARTESIAN_POINT('',(183.256685,-147.650819,1.585));
#2728 = VECTOR('',#2729,1.);
#2729 = DIRECTION('',(0.999994931953,-3.183719197072E-03,0.));
#2730 = ORIENTED_EDGE('',*,*,#2731,.T.);
#2731 = EDGE_CURVE('',#2724,#2732,#2734,.T.);
#2732 = VERTEX_POINT('',#2733);
#2733 = CARTESIAN_POINT('',(183.694666,-147.800819,1.585));
#2734 = CIRCLE('',#2735,7.500006711462E-02);
#2735 = AXIS2_PLACEMENT_3D('',#2736,#2737,#2738);
#2736 = CARTESIAN_POINT('',(183.69466606711,-147.7258189328,1.585));
#2737 = DIRECTION('',(0.,0.,-1.));
#2738 = DIRECTION('',(0.195092263891,0.980784894138,0.));
#2739 = ORIENTED_EDGE('',*,*,#2740,.T.);
#2740 = EDGE_CURVE('',#2732,#2741,#2743,.T.);
#2741 = VERTEX_POINT('',#2742);
#2742 = CARTESIAN_POINT('',(183.060987,-147.799378,1.585));
#2743 = LINE('',#2744,#2745);
#2744 = CARTESIAN_POINT('',(183.694666,-147.800819,1.585));
#2745 = VECTOR('',#2746,1.);
#2746 = DIRECTION('',(-0.999997414422,2.274016140951E-03,0.));
#2747 = ORIENTED_EDGE('',*,*,#2748,.T.);
#2748 = EDGE_CURVE('',#2741,#2749,#2751,.T.);
#2749 = VERTEX_POINT('',#2750);
#2750 = CARTESIAN_POINT('',(183.022586,-147.672786,1.585));
#2751 = CIRCLE('',#2752,7.500021013111E-02);
#2752 = AXIS2_PLACEMENT_3D('',#2753,#2754,#2755);
#2753 = CARTESIAN_POINT('',(183.0756193167,-147.7258189976,1.585));
#2754 = DIRECTION('',(0.,0.,-1.));
#2755 = DIRECTION('',(-0.195097009436,-0.980783950169,-0.));
#2756 = ORIENTED_EDGE('',*,*,#2757,.T.);
#2757 = EDGE_CURVE('',#2749,#2758,#2760,.T.);
#2758 = VERTEX_POINT('',#2759);
#2759 = CARTESIAN_POINT('',(183.581494,-147.113876,1.585));
#2760 = LINE('',#2761,#2762);
#2761 = CARTESIAN_POINT('',(183.022586,-147.672786,1.585));
#2762 = VECTOR('',#2763,1.);
#2763 = DIRECTION('',(0.70710551603,0.707108046341,0.));
#2764 = ORIENTED_EDGE('',*,*,#2765,.T.);
#2765 = EDGE_CURVE('',#2758,#2766,#2768,.T.);
#2766 = VERTEX_POINT('',#2767);
#2767 = CARTESIAN_POINT('',(183.619666,-146.999363,1.585));
#2768 = LINE('',#2769,#2770);
#2769 = CARTESIAN_POINT('',(183.581494,-147.113876,1.585));
#2770 = VECTOR('',#2771,1.);
#2771 = DIRECTION('',(0.31623522204,0.948680812677,0.));
#2772 = ORIENTED_EDGE('',*,*,#2773,.T.);
#2773 = EDGE_CURVE('',#2766,#2774,#2776,.T.);
#2774 = VERTEX_POINT('',#2775);
#2775 = CARTESIAN_POINT('',(183.619666,-146.934,1.585));
#2776 = LINE('',#2777,#2778);
#2777 = CARTESIAN_POINT('',(183.619666,-146.999363,1.585));
#2778 = VECTOR('',#2779,1.);
#2779 = DIRECTION('',(0.,1.,0.));
#2780 = ORIENTED_EDGE('',*,*,#2781,.T.);
#2781 = EDGE_CURVE('',#2774,#2782,#2784,.T.);
#2782 = VERTEX_POINT('',#2783);
#2783 = CARTESIAN_POINT('',(183.486485,-146.800819,1.585));
#2784 = CIRCLE('',#2785,0.18686440374);
#2785 = AXIS2_PLACEMENT_3D('',#2786,#2787,#2788);
#2786 = CARTESIAN_POINT('',(183.438949,-146.981536,1.585));
#2787 = DIRECTION('',(0.,0.,1.));
#2788 = DIRECTION('',(0.967102328658,0.254387668537,-0.));
#2789 = ORIENTED_EDGE('',*,*,#2790,.T.);
#2790 = EDGE_CURVE('',#2782,#2791,#2793,.T.);
#2791 = VERTEX_POINT('',#2792);
#2792 = CARTESIAN_POINT('',(183.2838,-146.800819,1.585));
#2793 = LINE('',#2794,#2795);
#2794 = CARTESIAN_POINT('',(183.486485,-146.800819,1.585));
#2795 = VECTOR('',#2796,1.);
#2796 = DIRECTION('',(-1.,0.,0.));
#2797 = ORIENTED_EDGE('',*,*,#2798,.T.);
#2798 = EDGE_CURVE('',#2791,#2799,#2801,.T.);
#2799 = VERTEX_POINT('',#2800);
#2800 = CARTESIAN_POINT('',(183.215284,-146.835077,1.585));
#2801 = LINE('',#2802,#2803);
#2802 = CARTESIAN_POINT('',(183.2838,-146.800819,1.585));
#2803 = VECTOR('',#2804,1.);
#2804 = DIRECTION('',(-0.894427191,-0.4472135955,0.));
#2805 = ORIENTED_EDGE('',*,*,#2806,.T.);
#2806 = EDGE_CURVE('',#2799,#2807,#2809,.T.);
#2807 = VERTEX_POINT('',#2808);
#2808 = CARTESIAN_POINT('',(183.164906,-146.883417,1.585));
#2809 = LINE('',#2810,#2811);
#2810 = CARTESIAN_POINT('',(183.215284,-146.835077,1.585));
#2811 = VECTOR('',#2812,1.);
#2812 = DIRECTION('',(-0.721551016594,-0.692361271629,0.));
#2813 = ORIENTED_EDGE('',*,*,#2814,.T.);
#2814 = EDGE_CURVE('',#2807,#2815,#2817,.T.);
#2815 = VERTEX_POINT('',#2816);
#2816 = CARTESIAN_POINT('',(183.070205,-146.768024,1.585));
#2817 = CIRCLE('',#2818,7.499996838529E-02);
#2818 = AXIS2_PLACEMENT_3D('',#2819,#2820,#2821);
#2819 = CARTESIAN_POINT('',(183.123238,-146.8210569724,1.585));
#2820 = DIRECTION('',(0.,0.,-1.));
#2821 = DIRECTION('',(0.555573567524,-0.831467384248,0.));
#2822 = ORIENTED_EDGE('',*,*,#2823,.T.);
#2823 = EDGE_CURVE('',#2815,#2673,#2824,.T.);
#2824 = LINE('',#2825,#2826);
#2825 = CARTESIAN_POINT('',(183.070205,-146.768024,1.585));
#2826 = VECTOR('',#2827,1.);
#2827 = DIRECTION('',(0.736336089652,0.676615964248,0.));
#2828 = PLANE('',#2829);
#2829 = AXIS2_PLACEMENT_3D('',#2830,#2831,#2832);
#2830 = CARTESIAN_POINT('',(0.,0.,1.585));
#2831 = DIRECTION('',(0.,0.,1.));
#2832 = DIRECTION('',(1.,0.,-0.));
#2833 = SHELL_BASED_SURFACE_MODEL('',(#2834));
#2834 = OPEN_SHELL('',(#2835));
#2835 = ADVANCED_FACE('',(#2836),#2922,.T.);
#2836 = FACE_BOUND('',#2837,.F.);
#2837 = EDGE_LOOP('',(#2838,#2849,#2857,#2866,#2874,#2883,#2891,#2900,
    #2908,#2916));
#2838 = ORIENTED_EDGE('',*,*,#2839,.T.);
#2839 = EDGE_CURVE('',#2840,#2842,#2844,.T.);
#2840 = VERTEX_POINT('',#2841);
#2841 = CARTESIAN_POINT('',(162.652998,-146.663459,1.585));
#2842 = VERTEX_POINT('',#2843);
#2843 = CARTESIAN_POINT('',(162.769666,-146.725819,1.585));
#2844 = CIRCLE('',#2845,7.500000000004E-02);
#2845 = AXIS2_PLACEMENT_3D('',#2846,#2847,#2848);
#2846 = CARTESIAN_POINT('',(162.694666,-146.7258190655,1.585));
#2847 = DIRECTION('',(0.,0.,-1.));
#2848 = DIRECTION('',(-0.555573333333,0.831467540731,0.));
#2849 = ORIENTED_EDGE('',*,*,#2850,.T.);
#2850 = EDGE_CURVE('',#2842,#2851,#2853,.T.);
#2851 = VERTEX_POINT('',#2852);
#2852 = CARTESIAN_POINT('',(162.767466,-147.456566,1.585));
#2853 = LINE('',#2854,#2855);
#2854 = CARTESIAN_POINT('',(162.769666,-146.725819,1.585));
#2855 = VECTOR('',#2856,1.);
#2856 = DIRECTION('',(-3.010604258181E-03,-0.999995468121,0.));
#2857 = ORIENTED_EDGE('',*,*,#2858,.T.);
#2858 = EDGE_CURVE('',#2851,#2859,#2861,.T.);
#2859 = VERTEX_POINT('',#2860);
#2860 = CARTESIAN_POINT('',(162.416357,-147.800089,1.585));
#2861 = CIRCLE('',#2862,0.38184101318);
#2862 = AXIS2_PLACEMENT_3D('',#2863,#2864,#2865);
#2863 = CARTESIAN_POINT('',(162.38744350032,-147.4193442444,1.585));
#2864 = DIRECTION('',(0.,0.,-1.));
#2865 = DIRECTION('',(0.995237511316,-9.747972132606E-02,0.));
#2866 = ORIENTED_EDGE('',*,*,#2867,.T.);
#2867 = EDGE_CURVE('',#2859,#2868,#2870,.T.);
#2868 = VERTEX_POINT('',#2869);
#2869 = CARTESIAN_POINT('',(162.299082,-147.799378,1.585));
#2870 = LINE('',#2871,#2872);
#2871 = CARTESIAN_POINT('',(162.416357,-147.800089,1.585));
#2872 = VECTOR('',#2873,1.);
#2873 = DIRECTION('',(-0.999981622503,6.062561787455E-03,0.));
#2874 = ORIENTED_EDGE('',*,*,#2875,.T.);
#2875 = EDGE_CURVE('',#2868,#2876,#2878,.T.);
#2876 = VERTEX_POINT('',#2877);
#2877 = CARTESIAN_POINT('',(162.313714,-147.650819,1.585));
#2878 = CIRCLE('',#2879,7.500006711462E-02);
#2879 = AXIS2_PLACEMENT_3D('',#2880,#2881,#2882);
#2880 = CARTESIAN_POINT('',(162.31371393288,-147.7258190671,1.585));
#2881 = DIRECTION('',(0.,0.,-1.));
#2882 = DIRECTION('',(-0.195092263891,-0.980784894138,-0.));
#2883 = ORIENTED_EDGE('',*,*,#2884,.T.);
#2884 = EDGE_CURVE('',#2876,#2885,#2887,.T.);
#2885 = VERTEX_POINT('',#2886);
#2886 = CARTESIAN_POINT('',(162.396782,-147.650819,1.585));
#2887 = LINE('',#2888,#2889);
#2888 = CARTESIAN_POINT('',(162.313714,-147.650819,1.585));
#2889 = VECTOR('',#2890,1.);
#2890 = DIRECTION('',(1.,0.,0.));
#2891 = ORIENTED_EDGE('',*,*,#2892,.T.);
#2892 = EDGE_CURVE('',#2885,#2893,#2895,.T.);
#2893 = VERTEX_POINT('',#2894);
#2894 = CARTESIAN_POINT('',(162.619666,-147.427934,1.585));
#2895 = CIRCLE('',#2896,0.239437351684);
#2896 = AXIS2_PLACEMENT_3D('',#2897,#2898,#2899);
#2897 = CARTESIAN_POINT('',(162.38076490658,-147.4119179784,1.585));
#2898 = DIRECTION('',(0.,0.,1.));
#2899 = DIRECTION('',(6.689471506024E-02,-0.997760039838,0.));
#2900 = ORIENTED_EDGE('',*,*,#2901,.T.);
#2901 = EDGE_CURVE('',#2893,#2902,#2904,.T.);
#2902 = VERTEX_POINT('',#2903);
#2903 = CARTESIAN_POINT('',(162.621107,-146.711187,1.585));
#2904 = LINE('',#2905,#2906);
#2905 = CARTESIAN_POINT('',(162.619666,-147.427934,1.585));
#2906 = VECTOR('',#2907,1.);
#2907 = DIRECTION('',(2.010468251347E-03,0.999997979007,0.));
#2908 = ORIENTED_EDGE('',*,*,#2909,.T.);
#2909 = EDGE_CURVE('',#2902,#2910,#2912,.T.);
#2910 = VERTEX_POINT('',#2911);
#2911 = CARTESIAN_POINT('',(162.632306,-146.684151,1.585));
#2912 = LINE('',#2913,#2914);
#2913 = CARTESIAN_POINT('',(162.621107,-146.711187,1.585));
#2914 = VECTOR('',#2915,1.);
#2915 = DIRECTION('',(0.38269282806,0.923875640631,0.));
#2916 = ORIENTED_EDGE('',*,*,#2917,.T.);
#2917 = EDGE_CURVE('',#2910,#2840,#2918,.T.);
#2918 = LINE('',#2919,#2920);
#2919 = CARTESIAN_POINT('',(162.632306,-146.684151,1.585));
#2920 = VECTOR('',#2921,1.);
#2921 = DIRECTION('',(0.707106781186,0.707106781187,0.));
#2922 = PLANE('',#2923);
#2923 = AXIS2_PLACEMENT_3D('',#2924,#2925,#2926);
#2924 = CARTESIAN_POINT('',(0.,0.,1.585));
#2925 = DIRECTION('',(0.,0.,1.));
#2926 = DIRECTION('',(1.,0.,-0.));
#2927 = SHELL_BASED_SURFACE_MODEL('',(#2928));
#2928 = OPEN_SHELL('',(#2929));
#2929 = ADVANCED_FACE('',(#2930),#3016,.T.);
#2930 = FACE_BOUND('',#2931,.F.);
#2931 = EDGE_LOOP('',(#2932,#2943,#2951,#2960,#2968,#2977,#2985,#2994,
    #3002,#3010));
#2932 = ORIENTED_EDGE('',*,*,#2933,.T.);
#2933 = EDGE_CURVE('',#2934,#2936,#2938,.T.);
#2934 = VERTEX_POINT('',#2935);
#2935 = CARTESIAN_POINT('',(182.652998,-146.663459,1.585));
#2936 = VERTEX_POINT('',#2937);
#2937 = CARTESIAN_POINT('',(182.769666,-146.725819,1.585));
#2938 = CIRCLE('',#2939,7.500000000004E-02);
#2939 = AXIS2_PLACEMENT_3D('',#2940,#2941,#2942);
#2940 = CARTESIAN_POINT('',(182.694666,-146.7258190655,1.585));
#2941 = DIRECTION('',(0.,0.,-1.));
#2942 = DIRECTION('',(-0.555573333333,0.831467540731,0.));
#2943 = ORIENTED_EDGE('',*,*,#2944,.T.);
#2944 = EDGE_CURVE('',#2936,#2945,#2947,.T.);
#2945 = VERTEX_POINT('',#2946);
#2946 = CARTESIAN_POINT('',(182.767466,-147.456566,1.585));
#2947 = LINE('',#2948,#2949);
#2948 = CARTESIAN_POINT('',(182.769666,-146.725819,1.585));
#2949 = VECTOR('',#2950,1.);
#2950 = DIRECTION('',(-3.010604258181E-03,-0.999995468121,0.));
#2951 = ORIENTED_EDGE('',*,*,#2952,.T.);
#2952 = EDGE_CURVE('',#2945,#2953,#2955,.T.);
#2953 = VERTEX_POINT('',#2954);
#2954 = CARTESIAN_POINT('',(182.416357,-147.800089,1.585));
#2955 = CIRCLE('',#2956,0.38184101318);
#2956 = AXIS2_PLACEMENT_3D('',#2957,#2958,#2959);
#2957 = CARTESIAN_POINT('',(182.38744350032,-147.4193442444,1.585));
#2958 = DIRECTION('',(0.,0.,-1.));
#2959 = DIRECTION('',(0.995237511316,-9.747972132606E-02,0.));
#2960 = ORIENTED_EDGE('',*,*,#2961,.T.);
#2961 = EDGE_CURVE('',#2953,#2962,#2964,.T.);
#2962 = VERTEX_POINT('',#2963);
#2963 = CARTESIAN_POINT('',(182.299082,-147.799378,1.585));
#2964 = LINE('',#2965,#2966);
#2965 = CARTESIAN_POINT('',(182.416357,-147.800089,1.585));
#2966 = VECTOR('',#2967,1.);
#2967 = DIRECTION('',(-0.999981622503,6.062561787455E-03,0.));
#2968 = ORIENTED_EDGE('',*,*,#2969,.T.);
#2969 = EDGE_CURVE('',#2962,#2970,#2972,.T.);
#2970 = VERTEX_POINT('',#2971);
#2971 = CARTESIAN_POINT('',(182.313714,-147.650819,1.585));
#2972 = CIRCLE('',#2973,7.500006711462E-02);
#2973 = AXIS2_PLACEMENT_3D('',#2974,#2975,#2976);
#2974 = CARTESIAN_POINT('',(182.31371393288,-147.7258190671,1.585));
#2975 = DIRECTION('',(0.,0.,-1.));
#2976 = DIRECTION('',(-0.195092263891,-0.980784894138,-0.));
#2977 = ORIENTED_EDGE('',*,*,#2978,.T.);
#2978 = EDGE_CURVE('',#2970,#2979,#2981,.T.);
#2979 = VERTEX_POINT('',#2980);
#2980 = CARTESIAN_POINT('',(182.396782,-147.650819,1.585));
#2981 = LINE('',#2982,#2983);
#2982 = CARTESIAN_POINT('',(182.313714,-147.650819,1.585));
#2983 = VECTOR('',#2984,1.);
#2984 = DIRECTION('',(1.,0.,0.));
#2985 = ORIENTED_EDGE('',*,*,#2986,.T.);
#2986 = EDGE_CURVE('',#2979,#2987,#2989,.T.);
#2987 = VERTEX_POINT('',#2988);
#2988 = CARTESIAN_POINT('',(182.619666,-147.427934,1.585));
#2989 = CIRCLE('',#2990,0.239437351684);
#2990 = AXIS2_PLACEMENT_3D('',#2991,#2992,#2993);
#2991 = CARTESIAN_POINT('',(182.38076490658,-147.4119179784,1.585));
#2992 = DIRECTION('',(0.,0.,1.));
#2993 = DIRECTION('',(6.689471506024E-02,-0.997760039838,0.));
#2994 = ORIENTED_EDGE('',*,*,#2995,.T.);
#2995 = EDGE_CURVE('',#2987,#2996,#2998,.T.);
#2996 = VERTEX_POINT('',#2997);
#2997 = CARTESIAN_POINT('',(182.621107,-146.711187,1.585));
#2998 = LINE('',#2999,#3000);
#2999 = CARTESIAN_POINT('',(182.619666,-147.427934,1.585));
#3000 = VECTOR('',#3001,1.);
#3001 = DIRECTION('',(2.010468251347E-03,0.999997979007,0.));
#3002 = ORIENTED_EDGE('',*,*,#3003,.T.);
#3003 = EDGE_CURVE('',#2996,#3004,#3006,.T.);
#3004 = VERTEX_POINT('',#3005);
#3005 = CARTESIAN_POINT('',(182.632306,-146.684151,1.585));
#3006 = LINE('',#3007,#3008);
#3007 = CARTESIAN_POINT('',(182.621107,-146.711187,1.585));
#3008 = VECTOR('',#3009,1.);
#3009 = DIRECTION('',(0.38269282806,0.923875640631,0.));
#3010 = ORIENTED_EDGE('',*,*,#3011,.T.);
#3011 = EDGE_CURVE('',#3004,#2934,#3012,.T.);
#3012 = LINE('',#3013,#3014);
#3013 = CARTESIAN_POINT('',(182.632306,-146.684151,1.585));
#3014 = VECTOR('',#3015,1.);
#3015 = DIRECTION('',(0.707106781186,0.707106781187,0.));
#3016 = PLANE('',#3017);
#3017 = AXIS2_PLACEMENT_3D('',#3018,#3019,#3020);
#3018 = CARTESIAN_POINT('',(0.,0.,1.585));
#3019 = DIRECTION('',(0.,0.,1.));
#3020 = DIRECTION('',(1.,0.,-0.));
#3021 = SHELL_BASED_SURFACE_MODEL('',(#3022));
#3022 = OPEN_SHELL('',(#3023));
#3023 = ADVANCED_FACE('',(#3024),#3060,.T.);
#3024 = FACE_BOUND('',#3025,.F.);
#3025 = EDGE_LOOP('',(#3026,#3037,#3045,#3054));
#3026 = ORIENTED_EDGE('',*,*,#3027,.T.);
#3027 = EDGE_CURVE('',#3028,#3030,#3032,.T.);
#3028 = VERTEX_POINT('',#3029);
#3029 = CARTESIAN_POINT('',(173.044879,-139.09,1.585));
#3030 = VERTEX_POINT('',#3031);
#3031 = CARTESIAN_POINT('',(173.044879,-138.97,1.585));
#3032 = CIRCLE('',#3033,6.000000000042E-02);
#3033 = AXIS2_PLACEMENT_3D('',#3034,#3035,#3036);
#3034 = CARTESIAN_POINT('',(173.04487877441,-139.03,1.585));
#3035 = DIRECTION('',(0.,0.,-1.));
#3036 = DIRECTION('',(3.759794727379E-06,-0.999999999993,0.));
#3037 = ORIENTED_EDGE('',*,*,#3038,.T.);
#3038 = EDGE_CURVE('',#3030,#3039,#3041,.T.);
#3039 = VERTEX_POINT('',#3040);
#3040 = CARTESIAN_POINT('',(173.380121,-138.97,1.585));
#3041 = LINE('',#3042,#3043);
#3042 = CARTESIAN_POINT('',(173.044879,-138.97,1.585));
#3043 = VECTOR('',#3044,1.);
#3044 = DIRECTION('',(1.,0.,0.));
#3045 = ORIENTED_EDGE('',*,*,#3046,.T.);
#3046 = EDGE_CURVE('',#3039,#3047,#3049,.T.);
#3047 = VERTEX_POINT('',#3048);
#3048 = CARTESIAN_POINT('',(173.380121,-139.09,1.585));
#3049 = CIRCLE('',#3050,6.000000000042E-02);
#3050 = AXIS2_PLACEMENT_3D('',#3051,#3052,#3053);
#3051 = CARTESIAN_POINT('',(173.38012122558,-139.03,1.585));
#3052 = DIRECTION('',(0.,0.,-1.));
#3053 = DIRECTION('',(-3.759794253684E-06,0.999999999993,-0.));
#3054 = ORIENTED_EDGE('',*,*,#3055,.T.);
#3055 = EDGE_CURVE('',#3047,#3028,#3056,.T.);
#3056 = LINE('',#3057,#3058);
#3057 = CARTESIAN_POINT('',(173.380121,-139.09,1.585));
#3058 = VECTOR('',#3059,1.);
#3059 = DIRECTION('',(-1.,0.,0.));
#3060 = PLANE('',#3061);
#3061 = AXIS2_PLACEMENT_3D('',#3062,#3063,#3064);
#3062 = CARTESIAN_POINT('',(0.,0.,1.585));
#3063 = DIRECTION('',(0.,0.,1.));
#3064 = DIRECTION('',(1.,0.,-0.));
#3065 = SHELL_BASED_SURFACE_MODEL('',(#3066));
#3066 = OPEN_SHELL('',(#3067));
#3067 = ADVANCED_FACE('',(#3068),#3104,.T.);
#3068 = FACE_BOUND('',#3069,.F.);
#3069 = EDGE_LOOP('',(#3070,#3081,#3089,#3098));
#3070 = ORIENTED_EDGE('',*,*,#3071,.T.);
#3071 = EDGE_CURVE('',#3072,#3074,#3076,.T.);
#3072 = VERTEX_POINT('',#3073);
#3073 = CARTESIAN_POINT('',(173.044879,-138.33,1.585));
#3074 = VERTEX_POINT('',#3075);
#3075 = CARTESIAN_POINT('',(173.044879,-138.21,1.585));
#3076 = CIRCLE('',#3077,6.000000000041E-02);
#3077 = AXIS2_PLACEMENT_3D('',#3078,#3079,#3080);
#3078 = CARTESIAN_POINT('',(173.04487877441,-138.27,1.585));
#3079 = DIRECTION('',(0.,0.,-1.));
#3080 = DIRECTION('',(3.759794727381E-06,-0.999999999993,0.));
#3081 = ORIENTED_EDGE('',*,*,#3082,.T.);
#3082 = EDGE_CURVE('',#3074,#3083,#3085,.T.);
#3083 = VERTEX_POINT('',#3084);
#3084 = CARTESIAN_POINT('',(173.380121,-138.21,1.585));
#3085 = LINE('',#3086,#3087);
#3086 = CARTESIAN_POINT('',(173.044879,-138.21,1.585));
#3087 = VECTOR('',#3088,1.);
#3088 = DIRECTION('',(1.,0.,0.));
#3089 = ORIENTED_EDGE('',*,*,#3090,.T.);
#3090 = EDGE_CURVE('',#3083,#3091,#3093,.T.);
#3091 = VERTEX_POINT('',#3092);
#3092 = CARTESIAN_POINT('',(173.380121,-138.33,1.585));
#3093 = CIRCLE('',#3094,6.000000000042E-02);
#3094 = AXIS2_PLACEMENT_3D('',#3095,#3096,#3097);
#3095 = CARTESIAN_POINT('',(173.38012122558,-138.27,1.585));
#3096 = DIRECTION('',(0.,0.,-1.));
#3097 = DIRECTION('',(-3.759794253684E-06,0.999999999993,-0.));
#3098 = ORIENTED_EDGE('',*,*,#3099,.T.);
#3099 = EDGE_CURVE('',#3091,#3072,#3100,.T.);
#3100 = LINE('',#3101,#3102);
#3101 = CARTESIAN_POINT('',(173.380121,-138.33,1.585));
#3102 = VECTOR('',#3103,1.);
#3103 = DIRECTION('',(-1.,0.,0.));
#3104 = PLANE('',#3105);
#3105 = AXIS2_PLACEMENT_3D('',#3106,#3107,#3108);
#3106 = CARTESIAN_POINT('',(0.,0.,1.585));
#3107 = DIRECTION('',(0.,0.,1.));
#3108 = DIRECTION('',(1.,0.,-0.));
#3109 = SHELL_BASED_SURFACE_MODEL('',(#3110));
#3110 = OPEN_SHELL('',(#3111));
#3111 = ADVANCED_FACE('',(#3112),#3246,.T.);
#3112 = FACE_BOUND('',#3113,.F.);
#3113 = EDGE_LOOP('',(#3114,#3124,#3132,#3141,#3149,#3157,#3166,#3174,
    #3183,#3191,#3199,#3207,#3215,#3224,#3232,#3240));
#3114 = ORIENTED_EDGE('',*,*,#3115,.T.);
#3115 = EDGE_CURVE('',#3116,#3118,#3120,.T.);
#3116 = VERTEX_POINT('',#3117);
#3117 = CARTESIAN_POINT('',(173.659412,-136.881841,1.585));
#3118 = VERTEX_POINT('',#3119);
#3119 = CARTESIAN_POINT('',(173.697868,-136.86126,1.585));
#3120 = LINE('',#3121,#3122);
#3121 = CARTESIAN_POINT('',(173.659412,-136.881841,1.585));
#3122 = VECTOR('',#3123,1.);
#3123 = DIRECTION('',(0.881674852639,0.47185745117,0.));
#3124 = ORIENTED_EDGE('',*,*,#3125,.T.);
#3125 = EDGE_CURVE('',#3118,#3126,#3128,.T.);
#3126 = VERTEX_POINT('',#3127);
#3127 = CARTESIAN_POINT('',(173.719705,-136.86126,1.585));
#3128 = LINE('',#3129,#3130);
#3129 = CARTESIAN_POINT('',(173.697868,-136.86126,1.585));
#3130 = VECTOR('',#3131,1.);
#3131 = DIRECTION('',(1.,0.,0.));
#3132 = ORIENTED_EDGE('',*,*,#3133,.T.);
#3133 = EDGE_CURVE('',#3126,#3134,#3136,.T.);
#3134 = VERTEX_POINT('',#3135);
#3135 = CARTESIAN_POINT('',(173.7875,-136.934819,1.585));
#3136 = CIRCLE('',#3137,7.216898094227E-02);
#3137 = AXIS2_PLACEMENT_3D('',#3138,#3139,#3140);
#3138 = CARTESIAN_POINT('',(173.71534706389,-136.9332972834,1.585));
#3139 = DIRECTION('',(0.,0.,-1.));
#3140 = DIRECTION('',(6.038516895265E-02,0.998175150648,0.));
#3141 = ORIENTED_EDGE('',*,*,#3142,.T.);
#3142 = EDGE_CURVE('',#3134,#3143,#3145,.T.);
#3143 = VERTEX_POINT('',#3144);
#3144 = CARTESIAN_POINT('',(173.7875,-137.859819,1.585));
#3145 = LINE('',#3146,#3147);
#3146 = CARTESIAN_POINT('',(173.7875,-136.934819,1.585));
#3147 = VECTOR('',#3148,1.);
#3148 = DIRECTION('',(0.,-1.,0.));
#3149 = ORIENTED_EDGE('',*,*,#3150,.T.);
#3150 = EDGE_CURVE('',#3143,#3151,#3153,.T.);
#3151 = VERTEX_POINT('',#3152);
#3152 = CARTESIAN_POINT('',(174.012846,-137.86126,1.585));
#3153 = LINE('',#3154,#3155);
#3154 = CARTESIAN_POINT('',(173.7875,-137.859819,1.585));
#3155 = VECTOR('',#3156,1.);
#3156 = DIRECTION('',(0.999979555102,-6.394480216655E-03,0.));
#3157 = ORIENTED_EDGE('',*,*,#3158,.T.);
#3158 = EDGE_CURVE('',#3151,#3159,#3161,.T.);
#3159 = VERTEX_POINT('',#3160);
#3160 = CARTESIAN_POINT('',(173.998214,-138.009819,1.585));
#3161 = CIRCLE('',#3162,7.500006711465E-02);
#3162 = AXIS2_PLACEMENT_3D('',#3163,#3164,#3165);
#3163 = CARTESIAN_POINT('',(173.99821406711,-137.9348189328,1.585));
#3164 = DIRECTION('',(0.,0.,-1.));
#3165 = DIRECTION('',(0.195092263891,0.980784894138,0.));
#3166 = ORIENTED_EDGE('',*,*,#3167,.T.);
#3167 = EDGE_CURVE('',#3159,#3168,#3170,.T.);
#3168 = VERTEX_POINT('',#3169);
#3169 = CARTESIAN_POINT('',(173.412154,-138.008378,1.585));
#3170 = LINE('',#3171,#3172);
#3171 = CARTESIAN_POINT('',(173.998214,-138.009819,1.585));
#3172 = VECTOR('',#3173,1.);
#3173 = DIRECTION('',(-0.999996977183,2.45878518261E-03,0.));
#3174 = ORIENTED_EDGE('',*,*,#3175,.T.);
#3175 = EDGE_CURVE('',#3168,#3176,#3178,.T.);
#3176 = VERTEX_POINT('',#3177);
#3177 = CARTESIAN_POINT('',(173.426786,-137.859819,1.585));
#3178 = CIRCLE('',#3179,7.500006711464E-02);
#3179 = AXIS2_PLACEMENT_3D('',#3180,#3181,#3182);
#3180 = CARTESIAN_POINT('',(173.42678593288,-137.9348190671,1.585));
#3181 = DIRECTION('',(0.,0.,-1.));
#3182 = DIRECTION('',(-0.195092263891,-0.980784894138,-0.));
#3183 = ORIENTED_EDGE('',*,*,#3184,.T.);
#3184 = EDGE_CURVE('',#3176,#3185,#3187,.T.);
#3185 = VERTEX_POINT('',#3186);
#3186 = CARTESIAN_POINT('',(173.6375,-137.859819,1.585));
#3187 = LINE('',#3188,#3189);
#3188 = CARTESIAN_POINT('',(173.426786,-137.859819,1.585));
#3189 = VECTOR('',#3190,1.);
#3190 = DIRECTION('',(1.,0.,0.));
#3191 = ORIENTED_EDGE('',*,*,#3192,.T.);
#3192 = EDGE_CURVE('',#3185,#3193,#3195,.T.);
#3193 = VERTEX_POINT('',#3194);
#3194 = CARTESIAN_POINT('',(173.6375,-137.163504,1.585));
#3195 = LINE('',#3196,#3197);
#3196 = CARTESIAN_POINT('',(173.6375,-137.859819,1.585));
#3197 = VECTOR('',#3198,1.);
#3198 = DIRECTION('',(0.,1.,0.));
#3199 = ORIENTED_EDGE('',*,*,#3200,.T.);
#3200 = EDGE_CURVE('',#3193,#3201,#3203,.T.);
#3201 = VERTEX_POINT('',#3202);
#3202 = CARTESIAN_POINT('',(173.561864,-137.236031,1.585));
#3203 = LINE('',#3204,#3205);
#3204 = CARTESIAN_POINT('',(173.6375,-137.163504,1.585));
#3205 = VECTOR('',#3206,1.);
#3206 = DIRECTION('',(-0.721785571395,-0.692116745156,0.));
#3207 = ORIENTED_EDGE('',*,*,#3208,.T.);
#3208 = EDGE_CURVE('',#3201,#3209,#3211,.T.);
#3209 = VERTEX_POINT('',#3210);
#3210 = CARTESIAN_POINT('',(173.446595,-137.29287,1.585));
#3211 = LINE('',#3212,#3213);
#3212 = CARTESIAN_POINT('',(173.561864,-137.236031,1.585));
#3213 = VECTOR('',#3214,1.);
#3214 = DIRECTION('',(-0.896889346494,-0.442255017094,0.));
#3215 = ORIENTED_EDGE('',*,*,#3216,.T.);
#3216 = EDGE_CURVE('',#3209,#3217,#3219,.T.);
#3217 = VERTEX_POINT('',#3218);
#3218 = CARTESIAN_POINT('',(173.393245,-137.153451,1.585));
#3219 = CIRCLE('',#3220,7.500005272361E-02);
#3220 = AXIS2_PLACEMENT_3D('',#3221,#3222,#3223);
#3221 = CARTESIAN_POINT('',(173.42678555676,-137.2205333297,1.585));
#3222 = DIRECTION('',(0.,0.,-1.));
#3223 = DIRECTION('',(0.264125724196,-0.964488259036,0.));
#3224 = ORIENTED_EDGE('',*,*,#3225,.T.);
#3225 = EDGE_CURVE('',#3217,#3226,#3228,.T.);
#3226 = VERTEX_POINT('',#3227);
#3227 = CARTESIAN_POINT('',(173.477597,-137.111275,1.585));
#3228 = LINE('',#3229,#3230);
#3229 = CARTESIAN_POINT('',(173.393245,-137.153451,1.585));
#3230 = VECTOR('',#3231,1.);
#3231 = DIRECTION('',(0.894427191,0.4472135955,0.));
#3232 = ORIENTED_EDGE('',*,*,#3233,.T.);
#3233 = EDGE_CURVE('',#3226,#3234,#3236,.T.);
#3234 = VERTEX_POINT('',#3235);
#3235 = CARTESIAN_POINT('',(173.558976,-137.029896,1.585));
#3236 = LINE('',#3237,#3238);
#3237 = CARTESIAN_POINT('',(173.477597,-137.111275,1.585));
#3238 = VECTOR('',#3239,1.);
#3239 = DIRECTION('',(0.707106781187,0.707106781187,0.));
#3240 = ORIENTED_EDGE('',*,*,#3241,.T.);
#3241 = EDGE_CURVE('',#3234,#3116,#3242,.T.);
#3242 = LINE('',#3243,#3244);
#3243 = CARTESIAN_POINT('',(173.558976,-137.029896,1.585));
#3244 = VECTOR('',#3245,1.);
#3245 = DIRECTION('',(0.561387006404,0.82755339951,0.));
#3246 = PLANE('',#3247);
#3247 = AXIS2_PLACEMENT_3D('',#3248,#3249,#3250);
#3248 = CARTESIAN_POINT('',(0.,0.,1.585));
#3249 = DIRECTION('',(0.,0.,1.));
#3250 = DIRECTION('',(1.,0.,-0.));
#3251 = SHELL_BASED_SURFACE_MODEL('',(#3252));
#3252 = OPEN_SHELL('',(#3253));
#3253 = ADVANCED_FACE('',(#3254,#3365),#3417,.T.);
#3254 = FACE_BOUND('',#3255,.F.);
#3255 = EDGE_LOOP('',(#3256,#3267,#3275,#3284,#3292,#3301,#3309,#3317,
    #3326,#3334,#3342,#3350,#3359));
#3256 = ORIENTED_EDGE('',*,*,#3257,.T.);
#3257 = EDGE_CURVE('',#3258,#3260,#3262,.T.);
#3258 = VERTEX_POINT('',#3259);
#3259 = CARTESIAN_POINT('',(172.400846,-136.920187,1.585));
#3260 = VERTEX_POINT('',#3261);
#3261 = CARTESIAN_POINT('',(172.474405,-136.859819,1.585));
#3262 = CIRCLE('',#3263,7.500074938983E-02);
#3263 = AXIS2_PLACEMENT_3D('',#3264,#3265,#3266);
#3264 = CARTESIAN_POINT('',(172.47440546611,-136.9348197493,1.585));
#3265 = DIRECTION('',(0.,0.,-1.));
#3266 = DIRECTION('',(-0.980783081614,0.195101375752,0.));
#3267 = ORIENTED_EDGE('',*,*,#3268,.T.);
#3268 = EDGE_CURVE('',#3260,#3269,#3271,.T.);
#3269 = VERTEX_POINT('',#3270);
#3270 = CARTESIAN_POINT('',(172.869989,-136.86126,1.585));
#3271 = LINE('',#3272,#3273);
#3272 = CARTESIAN_POINT('',(172.474405,-136.859819,1.585));
#3273 = VECTOR('',#3274,1.);
#3274 = DIRECTION('',(0.999993365378,-3.64269141196E-03,0.));
#3275 = ORIENTED_EDGE('',*,*,#3276,.T.);
#3276 = EDGE_CURVE('',#3269,#3277,#3279,.T.);
#3277 = VERTEX_POINT('',#3278);
#3278 = CARTESIAN_POINT('',(173.119392,-137.110663,1.585));
#3279 = CIRCLE('',#3280,0.347870264855);
#3280 = AXIS2_PLACEMENT_3D('',#3281,#3282,#3283);
#3281 = CARTESIAN_POINT('',(172.78266126502,-137.1979907349,1.585));
#3282 = DIRECTION('',(0.,0.,-1.));
#3283 = DIRECTION('',(0.251035353679,0.967977918758,0.));
#3284 = ORIENTED_EDGE('',*,*,#3285,.T.);
#3285 = EDGE_CURVE('',#3277,#3286,#3288,.T.);
#3286 = VERTEX_POINT('',#3287);
#3287 = CARTESIAN_POINT('',(173.11817,-137.287962,1.585));
#3288 = LINE('',#3289,#3290);
#3289 = CARTESIAN_POINT('',(173.119392,-137.110663,1.585));
#3290 = VECTOR('',#3291,1.);
#3291 = DIRECTION('',(-6.892148157212E-03,-0.999976248865,0.));
#3292 = ORIENTED_EDGE('',*,*,#3293,.T.);
#3293 = EDGE_CURVE('',#3286,#3294,#3296,.T.);
#3294 = VERTEX_POINT('',#3295);
#3295 = CARTESIAN_POINT('',(172.869989,-137.532187,1.585));
#3296 = CIRCLE('',#3297,0.348632345849);
#3297 = AXIS2_PLACEMENT_3D('',#3298,#3299,#3300);
#3298 = CARTESIAN_POINT('',(172.78222019403,-137.1947834593,1.585));
#3299 = DIRECTION('',(0.,0.,-1.));
#3300 = DIRECTION('',(0.963622021775,-0.267268776985,0.));
#3301 = ORIENTED_EDGE('',*,*,#3302,.T.);
#3302 = EDGE_CURVE('',#3294,#3303,#3305,.T.);
#3303 = VERTEX_POINT('',#3304);
#3304 = CARTESIAN_POINT('',(172.856472,-137.533518,1.585));
#3305 = LINE('',#3306,#3307);
#3306 = CARTESIAN_POINT('',(172.869989,-137.532187,1.585));
#3307 = VECTOR('',#3308,1.);
#3308 = DIRECTION('',(-0.995186940545,-9.799465989924E-02,0.));
#3309 = ORIENTED_EDGE('',*,*,#3310,.T.);
#3310 = EDGE_CURVE('',#3303,#3311,#3313,.T.);
#3311 = VERTEX_POINT('',#3312);
#3312 = CARTESIAN_POINT('',(173.114486,-137.904623,1.585));
#3313 = LINE('',#3314,#3315);
#3314 = CARTESIAN_POINT('',(172.856472,-137.533518,1.585));
#3315 = VECTOR('',#3316,1.);
#3316 = DIRECTION('',(0.570846789809,-0.821056601316,0.));
#3317 = ORIENTED_EDGE('',*,*,#3318,.T.);
#3318 = EDGE_CURVE('',#3311,#3319,#3321,.T.);
#3319 = VERTEX_POINT('',#3320);
#3320 = CARTESIAN_POINT('',(172.984391,-137.977829,1.585));
#3321 = CIRCLE('',#3322,7.500005951704E-02);
#3322 = AXIS2_PLACEMENT_3D('',#3323,#3324,#3325);
#3323 = CARTESIAN_POINT('',(173.04583306294,-137.9348187473,1.585));
#3324 = DIRECTION('',(0.,0.,-1.));
#3325 = DIRECTION('',(0.915371767708,0.402609645791,0.));
#3326 = ORIENTED_EDGE('',*,*,#3327,.T.);
#3327 = EDGE_CURVE('',#3319,#3328,#3330,.T.);
#3328 = VERTEX_POINT('',#3329);
#3329 = CARTESIAN_POINT('',(172.673451,-137.533628,1.585));
#3330 = LINE('',#3331,#3332);
#3331 = CARTESIAN_POINT('',(172.984391,-137.977829,1.585));
#3332 = VECTOR('',#3333,1.);
#3333 = DIRECTION('',(-0.573461477921,0.819232527028,0.));
#3334 = ORIENTED_EDGE('',*,*,#3335,.T.);
#3335 = EDGE_CURVE('',#3328,#3336,#3338,.T.);
#3336 = VERTEX_POINT('',#3337);
#3337 = CARTESIAN_POINT('',(172.549405,-137.533628,1.585));
#3338 = LINE('',#3339,#3340);
#3339 = CARTESIAN_POINT('',(172.673451,-137.533628,1.585));
#3340 = VECTOR('',#3341,1.);
#3341 = DIRECTION('',(-1.,0.,0.));
#3342 = ORIENTED_EDGE('',*,*,#3343,.T.);
#3343 = EDGE_CURVE('',#3336,#3344,#3346,.T.);
#3344 = VERTEX_POINT('',#3345);
#3345 = CARTESIAN_POINT('',(172.547964,-137.949451,1.585));
#3346 = LINE('',#3347,#3348);
#3347 = CARTESIAN_POINT('',(172.549405,-137.533628,1.585));
#3348 = VECTOR('',#3349,1.);
#3349 = DIRECTION('',(-3.465395967783E-03,-0.999993995497,0.));
#3350 = ORIENTED_EDGE('',*,*,#3351,.T.);
#3351 = EDGE_CURVE('',#3344,#3352,#3354,.T.);
#3352 = VERTEX_POINT('',#3353);
#3353 = CARTESIAN_POINT('',(172.399405,-137.934819,1.585));
#3354 = CIRCLE('',#3355,7.500006711465E-02);
#3355 = AXIS2_PLACEMENT_3D('',#3356,#3357,#3358);
#3356 = CARTESIAN_POINT('',(172.47440506711,-137.9348190671,1.585));
#3357 = DIRECTION('',(-0.,0.,-1.));
#3358 = DIRECTION('',(0.980784894138,-0.195092263892,-0.));
#3359 = ORIENTED_EDGE('',*,*,#3360,.T.);
#3360 = EDGE_CURVE('',#3352,#3258,#3361,.T.);
#3361 = LINE('',#3362,#3363);
#3362 = CARTESIAN_POINT('',(172.399405,-137.934819,1.585));
#3363 = VECTOR('',#3364,1.);
#3364 = DIRECTION('',(1.420217918158E-03,0.99999899149,0.));
#3365 = FACE_BOUND('',#3366,.F.);
#3366 = EDGE_LOOP('',(#3367,#3378,#3386,#3394,#3402,#3411));
#3367 = ORIENTED_EDGE('',*,*,#3368,.T.);
#3368 = EDGE_CURVE('',#3369,#3371,#3373,.T.);
#3369 = VERTEX_POINT('',#3370);
#3370 = CARTESIAN_POINT('',(172.970833,-137.143,1.585));
#3371 = VERTEX_POINT('',#3372);
#3372 = CARTESIAN_POINT('',(172.837652,-137.009819,1.585));
#3373 = CIRCLE('',#3374,0.18686440374);
#3374 = AXIS2_PLACEMENT_3D('',#3375,#3376,#3377);
#3375 = CARTESIAN_POINT('',(172.790116,-137.190536,1.585));
#3376 = DIRECTION('',(0.,0.,1.));
#3377 = DIRECTION('',(0.967102328658,0.254387668538,-0.));
#3378 = ORIENTED_EDGE('',*,*,#3379,.T.);
#3379 = EDGE_CURVE('',#3371,#3380,#3382,.T.);
#3380 = VERTEX_POINT('',#3381);
#3381 = CARTESIAN_POINT('',(172.549405,-137.009819,1.585));
#3382 = LINE('',#3383,#3384);
#3383 = CARTESIAN_POINT('',(172.837652,-137.009819,1.585));
#3384 = VECTOR('',#3385,1.);
#3385 = DIRECTION('',(-1.,0.,0.));
#3386 = ORIENTED_EDGE('',*,*,#3387,.T.);
#3387 = EDGE_CURVE('',#3380,#3388,#3390,.T.);
#3388 = VERTEX_POINT('',#3389);
#3389 = CARTESIAN_POINT('',(172.549405,-137.383628,1.585));
#3390 = LINE('',#3391,#3392);
#3391 = CARTESIAN_POINT('',(172.549405,-137.009819,1.585));
#3392 = VECTOR('',#3393,1.);
#3393 = DIRECTION('',(0.,-1.,0.));
#3394 = ORIENTED_EDGE('',*,*,#3395,.T.);
#3395 = EDGE_CURVE('',#3388,#3396,#3398,.T.);
#3396 = VERTEX_POINT('',#3397);
#3397 = CARTESIAN_POINT('',(172.837652,-137.383628,1.585));
#3398 = LINE('',#3399,#3400);
#3399 = CARTESIAN_POINT('',(172.549405,-137.383628,1.585));
#3400 = VECTOR('',#3401,1.);
#3401 = DIRECTION('',(1.,0.,0.));
#3402 = ORIENTED_EDGE('',*,*,#3403,.T.);
#3403 = EDGE_CURVE('',#3396,#3404,#3406,.T.);
#3404 = VERTEX_POINT('',#3405);
#3405 = CARTESIAN_POINT('',(172.970833,-137.250447,1.585));
#3406 = CIRCLE('',#3407,0.18686440374);
#3407 = AXIS2_PLACEMENT_3D('',#3408,#3409,#3410);
#3408 = CARTESIAN_POINT('',(172.790116,-137.202911,1.585));
#3409 = DIRECTION('',(0.,0.,1.));
#3410 = DIRECTION('',(0.254387668537,-0.967102328658,0.));
#3411 = ORIENTED_EDGE('',*,*,#3412,.T.);
#3412 = EDGE_CURVE('',#3404,#3369,#3413,.T.);
#3413 = LINE('',#3414,#3415);
#3414 = CARTESIAN_POINT('',(172.970833,-137.250447,1.585));
#3415 = VECTOR('',#3416,1.);
#3416 = DIRECTION('',(0.,1.,0.));
#3417 = PLANE('',#3418);
#3418 = AXIS2_PLACEMENT_3D('',#3419,#3420,#3421);
#3419 = CARTESIAN_POINT('',(0.,0.,1.585));
#3420 = DIRECTION('',(0.,0.,1.));
#3421 = DIRECTION('',(1.,0.,-0.));
#3422 = SHELL_BASED_SURFACE_MODEL('',(#3423));
#3423 = OPEN_SHELL('',(#3424));
#3424 = ADVANCED_FACE('',(#3425),#3436,.T.);
#3425 = FACE_BOUND('',#3426,.T.);
#3426 = EDGE_LOOP('',(#3427));
#3427 = ORIENTED_EDGE('',*,*,#3428,.T.);
#3428 = EDGE_CURVE('',#3429,#3429,#3431,.T.);
#3429 = VERTEX_POINT('',#3430);
#3430 = CARTESIAN_POINT('',(173.869999,-133.13,1.585));
#3431 = CIRCLE('',#3432,0.799999);
#3432 = AXIS2_PLACEMENT_3D('',#3433,#3434,#3435);
#3433 = CARTESIAN_POINT('',(173.07,-133.13,1.585));
#3434 = DIRECTION('',(0.,0.,1.));
#3435 = DIRECTION('',(1.,0.,-0.));
#3436 = PLANE('',#3437);
#3437 = AXIS2_PLACEMENT_3D('',#3438,#3439,#3440);
#3438 = CARTESIAN_POINT('',(0.,0.,1.585));
#3439 = DIRECTION('',(0.,0.,1.));
#3440 = DIRECTION('',(1.,0.,-0.));
#3441 = SHELL_BASED_SURFACE_MODEL('',(#3442));
#3442 = OPEN_SHELL('',(#3443));
#3443 = ADVANCED_FACE('',(#3444),#3544,.T.);
#3444 = FACE_BOUND('',#3445,.F.);
#3445 = EDGE_LOOP('',(#3446,#3456,#3464,#3472,#3480,#3489,#3497,#3505,
    #3513,#3521,#3529,#3538));
#3446 = ORIENTED_EDGE('',*,*,#3447,.T.);
#3447 = EDGE_CURVE('',#3448,#3450,#3452,.T.);
#3448 = VERTEX_POINT('',#3449);
#3449 = CARTESIAN_POINT('',(173.866148,-125.13,1.585));
#3450 = VERTEX_POINT('',#3451);
#3451 = CARTESIAN_POINT('',(173.87,-125.13,1.585));
#3452 = LINE('',#3453,#3454);
#3453 = CARTESIAN_POINT('',(173.866148,-125.13,1.585));
#3454 = VECTOR('',#3455,1.);
#3455 = DIRECTION('',(1.,0.,0.));
#3456 = ORIENTED_EDGE('',*,*,#3457,.T.);
#3457 = EDGE_CURVE('',#3450,#3458,#3460,.T.);
#3458 = VERTEX_POINT('',#3459);
#3459 = CARTESIAN_POINT('',(173.47,-131.13,1.585));
#3460 = LINE('',#3461,#3462);
#3461 = CARTESIAN_POINT('',(173.87,-125.13,1.585));
#3462 = VECTOR('',#3463,1.);
#3463 = DIRECTION('',(-6.651901052377E-02,-0.997785157857,0.));
#3464 = ORIENTED_EDGE('',*,*,#3465,.T.);
#3465 = EDGE_CURVE('',#3458,#3466,#3468,.T.);
#3466 = VERTEX_POINT('',#3467);
#3467 = CARTESIAN_POINT('',(173.466578,-131.13,1.585));
#3468 = LINE('',#3469,#3470);
#3469 = CARTESIAN_POINT('',(173.47,-131.13,1.585));
#3470 = VECTOR('',#3471,1.);
#3471 = DIRECTION('',(-1.,0.,0.));
#3472 = ORIENTED_EDGE('',*,*,#3473,.T.);
#3473 = EDGE_CURVE('',#3466,#3474,#3476,.T.);
#3474 = VERTEX_POINT('',#3475);
#3475 = CARTESIAN_POINT('',(173.466578,-131.18221,1.585));
#3476 = LINE('',#3477,#3478);
#3477 = CARTESIAN_POINT('',(173.466578,-131.13,1.585));
#3478 = VECTOR('',#3479,1.);
#3479 = DIRECTION('',(0.,-1.,0.));
#3480 = ORIENTED_EDGE('',*,*,#3481,.T.);
#3481 = EDGE_CURVE('',#3474,#3482,#3484,.T.);
#3482 = VERTEX_POINT('',#3483);
#3483 = CARTESIAN_POINT('',(172.673422,-131.18221,1.585));
#3484 = CIRCLE('',#3485,0.39999999273);
#3485 = AXIS2_PLACEMENT_3D('',#3486,#3487,#3488);
#3486 = CARTESIAN_POINT('',(173.07,-131.13,1.585));
#3487 = DIRECTION('',(-0.,0.,-1.));
#3488 = DIRECTION('',(0.99144501802,-0.130525002372,-0.));
#3489 = ORIENTED_EDGE('',*,*,#3490,.T.);
#3490 = EDGE_CURVE('',#3482,#3491,#3493,.T.);
#3491 = VERTEX_POINT('',#3492);
#3492 = CARTESIAN_POINT('',(172.673422,-131.13,1.585));
#3493 = LINE('',#3494,#3495);
#3494 = CARTESIAN_POINT('',(172.673422,-131.18221,1.585));
#3495 = VECTOR('',#3496,1.);
#3496 = DIRECTION('',(0.,1.,0.));
#3497 = ORIENTED_EDGE('',*,*,#3498,.T.);
#3498 = EDGE_CURVE('',#3491,#3499,#3501,.T.);
#3499 = VERTEX_POINT('',#3500);
#3500 = CARTESIAN_POINT('',(172.67,-131.13,1.585));
#3501 = LINE('',#3502,#3503);
#3502 = CARTESIAN_POINT('',(172.673422,-131.13,1.585));
#3503 = VECTOR('',#3504,1.);
#3504 = DIRECTION('',(-1.,0.,0.));
#3505 = ORIENTED_EDGE('',*,*,#3506,.T.);
#3506 = EDGE_CURVE('',#3499,#3507,#3509,.T.);
#3507 = VERTEX_POINT('',#3508);
#3508 = CARTESIAN_POINT('',(172.27,-125.13,1.585));
#3509 = LINE('',#3510,#3511);
#3510 = CARTESIAN_POINT('',(172.67,-131.13,1.585));
#3511 = VECTOR('',#3512,1.);
#3512 = DIRECTION('',(-6.651901052377E-02,0.997785157857,0.));
#3513 = ORIENTED_EDGE('',*,*,#3514,.T.);
#3514 = EDGE_CURVE('',#3507,#3515,#3517,.T.);
#3515 = VERTEX_POINT('',#3516);
#3516 = CARTESIAN_POINT('',(172.273852,-125.13,1.585));
#3517 = LINE('',#3518,#3519);
#3518 = CARTESIAN_POINT('',(172.27,-125.13,1.585));
#3519 = VECTOR('',#3520,1.);
#3520 = DIRECTION('',(1.,0.,0.));
#3521 = ORIENTED_EDGE('',*,*,#3522,.T.);
#3522 = EDGE_CURVE('',#3515,#3523,#3525,.T.);
#3523 = VERTEX_POINT('',#3524);
#3524 = CARTESIAN_POINT('',(172.273852,-125.051586,1.585));
#3525 = LINE('',#3526,#3527);
#3526 = CARTESIAN_POINT('',(172.273852,-125.13,1.585));
#3527 = VECTOR('',#3528,1.);
#3528 = DIRECTION('',(0.,1.,0.));
#3529 = ORIENTED_EDGE('',*,*,#3530,.T.);
#3530 = EDGE_CURVE('',#3523,#3531,#3533,.T.);
#3531 = VERTEX_POINT('',#3532);
#3532 = CARTESIAN_POINT('',(173.866148,-125.051586,1.585));
#3533 = CIRCLE('',#3534,0.800000298763);
#3534 = AXIS2_PLACEMENT_3D('',#3535,#3536,#3537);
#3535 = CARTESIAN_POINT('',(173.07,-125.1300005402,1.585));
#3536 = DIRECTION('',(0.,0.,-1.));
#3537 = DIRECTION('',(-0.995184628345,9.801813865973E-02,0.));
#3538 = ORIENTED_EDGE('',*,*,#3539,.T.);
#3539 = EDGE_CURVE('',#3531,#3448,#3540,.T.);
#3540 = LINE('',#3541,#3542);
#3541 = CARTESIAN_POINT('',(173.866148,-125.051586,1.585));
#3542 = VECTOR('',#3543,1.);
#3543 = DIRECTION('',(0.,-1.,0.));
#3544 = PLANE('',#3545);
#3545 = AXIS2_PLACEMENT_3D('',#3546,#3547,#3548);
#3546 = CARTESIAN_POINT('',(0.,0.,1.585));
#3547 = DIRECTION('',(0.,0.,1.));
#3548 = DIRECTION('',(1.,0.,-0.));
#3549 = SHELL_BASED_SURFACE_MODEL('',(#3550));
#3550 = OPEN_SHELL('',(#3551));
#3551 = ADVANCED_FACE('',(#3552,#3621),#3663,.T.);
#3552 = FACE_BOUND('',#3553,.F.);
#3553 = EDGE_LOOP('',(#3554,#3565,#3573,#3582,#3590,#3599,#3607,#3615));
#3554 = ORIENTED_EDGE('',*,*,#3555,.T.);
#3555 = EDGE_CURVE('',#3556,#3558,#3560,.T.);
#3556 = VERTEX_POINT('',#3557);
#3557 = CARTESIAN_POINT('',(172.826531,-120.882631,1.585));
#3558 = VERTEX_POINT('',#3559);
#3559 = CARTESIAN_POINT('',(173.416433,-121.000039,1.585));
#3560 = CIRCLE('',#3561,0.400010521159);
#3561 = AXIS2_PLACEMENT_3D('',#3562,#3563,#3564);
#3562 = CARTESIAN_POINT('',(173.06999696149,-121.2000152192,1.585));
#3563 = DIRECTION('',(0.,0.,-1.));
#3564 = DIRECTION('',(-0.608648894517,0.793439678364,0.));
#3565 = ORIENTED_EDGE('',*,*,#3566,.T.);
#3566 = EDGE_CURVE('',#3558,#3567,#3569,.T.);
#3567 = VERTEX_POINT('',#3568);
#3568 = CARTESIAN_POINT('',(181.416433,-134.860039,1.585));
#3569 = LINE('',#3570,#3571);
#3570 = CARTESIAN_POINT('',(173.416433,-121.000039,1.585));
#3571 = VECTOR('',#3572,1.);
#3572 = DIRECTION('',(0.499902762748,-0.86608153646,0.));
#3573 = ORIENTED_EDGE('',*,*,#3574,.T.);
#3574 = EDGE_CURVE('',#3567,#3575,#3577,.T.);
#3575 = VERTEX_POINT('',#3576);
#3576 = CARTESIAN_POINT('',(181.07,-135.46,1.585));
#3577 = CIRCLE('',#3578,0.40000028848);
#3578 = AXIS2_PLACEMENT_3D('',#3579,#3580,#3581);
#3579 = CARTESIAN_POINT('',(181.06999982515,-135.0599997115,1.585));
#3580 = DIRECTION('',(0.,0.,-1.));
#3581 = DIRECTION('',(0.866082312492,0.499901418269,0.));
#3582 = ORIENTED_EDGE('',*,*,#3583,.T.);
#3583 = EDGE_CURVE('',#3575,#3584,#3586,.T.);
#3584 = VERTEX_POINT('',#3585);
#3585 = CARTESIAN_POINT('',(165.07,-135.46,1.585));
#3586 = LINE('',#3587,#3588);
#3587 = CARTESIAN_POINT('',(181.07,-135.46,1.585));
#3588 = VECTOR('',#3589,1.);
#3589 = DIRECTION('',(-1.,0.,0.));
#3590 = ORIENTED_EDGE('',*,*,#3591,.T.);
#3591 = EDGE_CURVE('',#3584,#3592,#3594,.T.);
#3592 = VERTEX_POINT('',#3593);
#3593 = CARTESIAN_POINT('',(164.723567,-134.860039,1.585));
#3594 = CIRCLE('',#3595,0.400000268147);
#3595 = AXIS2_PLACEMENT_3D('',#3596,#3597,#3598);
#3596 = CARTESIAN_POINT('',(165.07000013963,-135.0599997318,1.585));
#3597 = DIRECTION('',(0.,0.,-1.));
#3598 = DIRECTION('',(-3.490776881133E-07,-1.,-0.));
#3599 = ORIENTED_EDGE('',*,*,#3600,.T.);
#3600 = EDGE_CURVE('',#3592,#3601,#3603,.T.);
#3601 = VERTEX_POINT('',#3602);
#3602 = CARTESIAN_POINT('',(172.723567,-121.000039,1.585));
#3603 = LINE('',#3604,#3605);
#3604 = CARTESIAN_POINT('',(164.723567,-134.860039,1.585));
#3605 = VECTOR('',#3606,1.);
#3606 = DIRECTION('',(0.499902762748,0.86608153646,0.));
#3607 = ORIENTED_EDGE('',*,*,#3608,.T.);
#3608 = EDGE_CURVE('',#3601,#3609,#3611,.T.);
#3609 = VERTEX_POINT('',#3610);
#3610 = CARTESIAN_POINT('',(172.752686,-120.956459,1.585));
#3611 = LINE('',#3612,#3613);
#3612 = CARTESIAN_POINT('',(172.723567,-121.000039,1.585));
#3613 = VECTOR('',#3614,1.);
#3614 = DIRECTION('',(0.555567264676,0.831471595679,0.));
#3615 = ORIENTED_EDGE('',*,*,#3616,.T.);
#3616 = EDGE_CURVE('',#3609,#3556,#3617,.T.);
#3617 = LINE('',#3618,#3619);
#3618 = CARTESIAN_POINT('',(172.752686,-120.956459,1.585));
#3619 = VECTOR('',#3620,1.);
#3620 = DIRECTION('',(0.707188178079,0.707025374923,0.));
#3621 = FACE_BOUND('',#3622,.F.);
#3622 = EDGE_LOOP('',(#3623,#3633,#3641,#3649,#3657));
#3623 = ORIENTED_EDGE('',*,*,#3624,.T.);
#3624 = EDGE_CURVE('',#3625,#3627,#3629,.T.);
#3625 = VERTEX_POINT('',#3626);
#3626 = CARTESIAN_POINT('',(180.148155,-134.66,1.585));
#3627 = VERTEX_POINT('',#3628);
#3628 = CARTESIAN_POINT('',(180.269572,-134.473414,1.585));
#3629 = LINE('',#3630,#3631);
#3630 = CARTESIAN_POINT('',(180.148155,-134.66,1.585));
#3631 = VECTOR('',#3632,1.);
#3632 = DIRECTION('',(0.545418068565,0.838164142923,0.));
#3633 = ORIENTED_EDGE('',*,*,#3634,.T.);
#3634 = EDGE_CURVE('',#3627,#3635,#3637,.T.);
#3635 = VERTEX_POINT('',#3636);
#3636 = CARTESIAN_POINT('',(173.07,-122.000156,1.585));
#3637 = LINE('',#3638,#3639);
#3638 = CARTESIAN_POINT('',(180.269572,-134.473414,1.585));
#3639 = VECTOR('',#3640,1.);
#3640 = DIRECTION('',(-0.499902777478,0.866081527958,0.));
#3641 = ORIENTED_EDGE('',*,*,#3642,.T.);
#3642 = EDGE_CURVE('',#3635,#3643,#3645,.T.);
#3643 = VERTEX_POINT('',#3644);
#3644 = CARTESIAN_POINT('',(165.845507,-134.516588,1.585));
#3645 = LINE('',#3646,#3647);
#3646 = CARTESIAN_POINT('',(173.07,-122.000156,1.585));
#3647 = VECTOR('',#3648,1.);
#3648 = DIRECTION('',(-0.499902826335,-0.866081499758,0.));
#3649 = ORIENTED_EDGE('',*,*,#3650,.T.);
#3650 = EDGE_CURVE('',#3643,#3651,#3653,.T.);
#3651 = VERTEX_POINT('',#3652);
#3652 = CARTESIAN_POINT('',(165.93883,-134.66,1.585));
#3653 = LINE('',#3654,#3655);
#3654 = CARTESIAN_POINT('',(165.845507,-134.516588,1.585));
#3655 = VECTOR('',#3656,1.);
#3656 = DIRECTION('',(0.545420499546,-0.838162561008,0.));
#3657 = ORIENTED_EDGE('',*,*,#3658,.T.);
#3658 = EDGE_CURVE('',#3651,#3625,#3659,.T.);
#3659 = LINE('',#3660,#3661);
#3660 = CARTESIAN_POINT('',(165.93883,-134.66,1.585));
#3661 = VECTOR('',#3662,1.);
#3662 = DIRECTION('',(1.,0.,0.));
#3663 = PLANE('',#3664);
#3664 = AXIS2_PLACEMENT_3D('',#3665,#3666,#3667);
#3665 = CARTESIAN_POINT('',(0.,0.,1.585));
#3666 = DIRECTION('',(0.,0.,1.));
#3667 = DIRECTION('',(1.,0.,-0.));
#3668 = ( GEOMETRIC_REPRESENTATION_CONTEXT(3) 
GLOBAL_UNCERTAINTY_ASSIGNED_CONTEXT((#3672)) 
GLOBAL_UNIT_ASSIGNED_CONTEXT((#3669,#3670,#3671)) REPRESENTATION_CONTEXT
('Context #1','3D Context with UNIT and UNCERTAINTY') );
#3669 = ( LENGTH_UNIT() NAMED_UNIT(*) SI_UNIT(.MILLI.,.METRE.) );
#3670 = ( NAMED_UNIT(*) PLANE_ANGLE_UNIT() SI_UNIT($,.RADIAN.) );
#3671 = ( NAMED_UNIT(*) SI_UNIT($,.STERADIAN.) SOLID_ANGLE_UNIT() );
#3672 = UNCERTAINTY_MEASURE_WITH_UNIT(LENGTH_MEASURE(1.E-07),#3669,
  'distance_accuracy_value','confusion accuracy');
#3673 = CONTEXT_DEPENDENT_SHAPE_REPRESENTATION(#3674,#3676);
#3674 = ( REPRESENTATION_RELATIONSHIP('','',#2075,#10) 
REPRESENTATION_RELATIONSHIP_WITH_TRANSFORMATION(#3675) 
SHAPE_REPRESENTATION_RELATIONSHIP() );
#3675 = ITEM_DEFINED_TRANSFORMATION('','',#11,#23);
#3676 = PRODUCT_DEFINITION_SHAPE('Placement','Placement of an item',
  #3677);
#3677 = NEXT_ASSEMBLY_USAGE_OCCURRENCE('4','=>[0:1:1:5]','',#5,#2070,$);
#3678 = PRODUCT_RELATED_PRODUCT_CATEGORY('part',$,(#2072));
#3679 = SHAPE_DEFINITION_REPRESENTATION(#3680,#3686);
#3680 = PRODUCT_DEFINITION_SHAPE('','',#3681);
#3681 = PRODUCT_DEFINITION('design','',#3682,#3685);
#3682 = PRODUCT_DEFINITION_FORMATION('','',#3683);
#3683 = PRODUCT('HeaFAF2_PCB','HeaFAF2_PCB','',(#3684));
#3684 = PRODUCT_CONTEXT('',#2,'mechanical');
#3685 = PRODUCT_DEFINITION_CONTEXT('part definition',#2,'design');
#3686 = ADVANCED_BREP_SHAPE_REPRESENTATION('',(#11,#3687),#4133);
#3687 = MANIFOLD_SOLID_BREP('',#3688);
#3688 = CLOSED_SHELL('',(#3689,#3731,#3762,#3793,#3889,#3985,#4002,#4019
    ,#4036,#4053,#4065,#4082,#4099,#4116));
#3689 = ADVANCED_FACE('',(#3690),#3726,.T.);
#3690 = FACE_BOUND('',#3691,.T.);
#3691 = EDGE_LOOP('',(#3692,#3702,#3711,#3719));
#3692 = ORIENTED_EDGE('',*,*,#3693,.T.);
#3693 = EDGE_CURVE('',#3694,#3696,#3698,.T.);
#3694 = VERTEX_POINT('',#3695);
#3695 = CARTESIAN_POINT('',(218.027903,-55.169011,0.));
#3696 = VERTEX_POINT('',#3697);
#3697 = CARTESIAN_POINT('',(218.027903,-55.169011,1.51));
#3698 = LINE('',#3699,#3700);
#3699 = CARTESIAN_POINT('',(218.027903,-55.169011,0.));
#3700 = VECTOR('',#3701,1.);
#3701 = DIRECTION('',(0.,0.,1.));
#3702 = ORIENTED_EDGE('',*,*,#3703,.T.);
#3703 = EDGE_CURVE('',#3696,#3704,#3706,.T.);
#3704 = VERTEX_POINT('',#3705);
#3705 = CARTESIAN_POINT('',(223.027903,-60.169011,1.51));
#3706 = CIRCLE('',#3707,4.999999678834);
#3707 = AXIS2_PLACEMENT_3D('',#3708,#3709,#3710);
#3708 = CARTESIAN_POINT('',(218.02790332116,-60.16901067883,1.51));
#3709 = DIRECTION('',(0.,0.,-1.));
#3710 = DIRECTION('',(-6.423313565071E-08,1.,0.));
#3711 = ORIENTED_EDGE('',*,*,#3712,.F.);
#3712 = EDGE_CURVE('',#3713,#3704,#3715,.T.);
#3713 = VERTEX_POINT('',#3714);
#3714 = CARTESIAN_POINT('',(223.027903,-60.169011,0.));
#3715 = LINE('',#3716,#3717);
#3716 = CARTESIAN_POINT('',(223.027903,-60.169011,0.));
#3717 = VECTOR('',#3718,1.);
#3718 = DIRECTION('',(0.,0.,1.));
#3719 = ORIENTED_EDGE('',*,*,#3720,.F.);
#3720 = EDGE_CURVE('',#3694,#3713,#3721,.T.);
#3721 = CIRCLE('',#3722,4.999999678834);
#3722 = AXIS2_PLACEMENT_3D('',#3723,#3724,#3725);
#3723 = CARTESIAN_POINT('',(218.02790332116,-60.16901067883,0.));
#3724 = DIRECTION('',(0.,0.,-1.));
#3725 = DIRECTION('',(-6.423313565071E-08,1.,0.));
#3726 = CYLINDRICAL_SURFACE('',#3727,4.999999678834);
#3727 = AXIS2_PLACEMENT_3D('',#3728,#3729,#3730);
#3728 = CARTESIAN_POINT('',(218.02790332116,-60.16901067883,0.));
#3729 = DIRECTION('',(0.,0.,-1.));
#3730 = DIRECTION('',(-6.423313565071E-08,1.,0.));
#3731 = ADVANCED_FACE('',(#3732),#3757,.T.);
#3732 = FACE_BOUND('',#3733,.T.);
#3733 = EDGE_LOOP('',(#3734,#3744,#3750,#3751));
#3734 = ORIENTED_EDGE('',*,*,#3735,.T.);
#3735 = EDGE_CURVE('',#3736,#3738,#3740,.T.);
#3736 = VERTEX_POINT('',#3737);
#3737 = CARTESIAN_POINT('',(128.027903,-55.169011,0.));
#3738 = VERTEX_POINT('',#3739);
#3739 = CARTESIAN_POINT('',(128.027903,-55.169011,1.51));
#3740 = LINE('',#3741,#3742);
#3741 = CARTESIAN_POINT('',(128.027903,-55.169011,0.));
#3742 = VECTOR('',#3743,1.);
#3743 = DIRECTION('',(0.,0.,1.));
#3744 = ORIENTED_EDGE('',*,*,#3745,.T.);
#3745 = EDGE_CURVE('',#3738,#3696,#3746,.T.);
#3746 = LINE('',#3747,#3748);
#3747 = CARTESIAN_POINT('',(128.027903,-55.169011,1.51));
#3748 = VECTOR('',#3749,1.);
#3749 = DIRECTION('',(1.,0.,0.));
#3750 = ORIENTED_EDGE('',*,*,#3693,.F.);
#3751 = ORIENTED_EDGE('',*,*,#3752,.F.);
#3752 = EDGE_CURVE('',#3736,#3694,#3753,.T.);
#3753 = LINE('',#3754,#3755);
#3754 = CARTESIAN_POINT('',(128.027903,-55.169011,0.));
#3755 = VECTOR('',#3756,1.);
#3756 = DIRECTION('',(1.,0.,0.));
#3757 = PLANE('',#3758);
#3758 = AXIS2_PLACEMENT_3D('',#3759,#3760,#3761);
#3759 = CARTESIAN_POINT('',(128.027903,-55.169011,0.));
#3760 = DIRECTION('',(0.,1.,0.));
#3761 = DIRECTION('',(1.,0.,0.));
#3762 = ADVANCED_FACE('',(#3763),#3788,.T.);
#3763 = FACE_BOUND('',#3764,.T.);
#3764 = EDGE_LOOP('',(#3765,#3766,#3774,#3782));
#3765 = ORIENTED_EDGE('',*,*,#3712,.T.);
#3766 = ORIENTED_EDGE('',*,*,#3767,.T.);
#3767 = EDGE_CURVE('',#3704,#3768,#3770,.T.);
#3768 = VERTEX_POINT('',#3769);
#3769 = CARTESIAN_POINT('',(223.027903,-150.169011,1.51));
#3770 = LINE('',#3771,#3772);
#3771 = CARTESIAN_POINT('',(223.027903,-60.169011,1.51));
#3772 = VECTOR('',#3773,1.);
#3773 = DIRECTION('',(0.,-1.,0.));
#3774 = ORIENTED_EDGE('',*,*,#3775,.F.);
#3775 = EDGE_CURVE('',#3776,#3768,#3778,.T.);
#3776 = VERTEX_POINT('',#3777);
#3777 = CARTESIAN_POINT('',(223.027903,-150.169011,0.));
#3778 = LINE('',#3779,#3780);
#3779 = CARTESIAN_POINT('',(223.027903,-150.169011,0.));
#3780 = VECTOR('',#3781,1.);
#3781 = DIRECTION('',(0.,0.,1.));
#3782 = ORIENTED_EDGE('',*,*,#3783,.F.);
#3783 = EDGE_CURVE('',#3713,#3776,#3784,.T.);
#3784 = LINE('',#3785,#3786);
#3785 = CARTESIAN_POINT('',(223.027903,-60.169011,0.));
#3786 = VECTOR('',#3787,1.);
#3787 = DIRECTION('',(0.,-1.,0.));
#3788 = PLANE('',#3789);
#3789 = AXIS2_PLACEMENT_3D('',#3790,#3791,#3792);
#3790 = CARTESIAN_POINT('',(223.027903,-60.169011,0.));
#3791 = DIRECTION('',(1.,0.,-0.));
#3792 = DIRECTION('',(0.,-1.,0.));
#3793 = ADVANCED_FACE('',(#3794,#3840,#3851,#3862,#3873),#3884,.F.);
#3794 = FACE_BOUND('',#3795,.F.);
#3795 = EDGE_LOOP('',(#3796,#3797,#3798,#3807,#3815,#3824,#3832,#3839));
#3796 = ORIENTED_EDGE('',*,*,#3720,.F.);
#3797 = ORIENTED_EDGE('',*,*,#3752,.F.);
#3798 = ORIENTED_EDGE('',*,*,#3799,.F.);
#3799 = EDGE_CURVE('',#3800,#3736,#3802,.T.);
#3800 = VERTEX_POINT('',#3801);
#3801 = CARTESIAN_POINT('',(123.027903,-60.169011,0.));
#3802 = CIRCLE('',#3803,4.999999678834);
#3803 = AXIS2_PLACEMENT_3D('',#3804,#3805,#3806);
#3804 = CARTESIAN_POINT('',(128.02790267883,-60.16901067883,0.));
#3805 = DIRECTION('',(0.,0.,-1.));
#3806 = DIRECTION('',(-1.,-6.423314133505E-08,-0.));
#3807 = ORIENTED_EDGE('',*,*,#3808,.F.);
#3808 = EDGE_CURVE('',#3809,#3800,#3811,.T.);
#3809 = VERTEX_POINT('',#3810);
#3810 = CARTESIAN_POINT('',(123.027903,-150.169011,0.));
#3811 = LINE('',#3812,#3813);
#3812 = CARTESIAN_POINT('',(123.027903,-150.169011,0.));
#3813 = VECTOR('',#3814,1.);
#3814 = DIRECTION('',(0.,1.,0.));
#3815 = ORIENTED_EDGE('',*,*,#3816,.F.);
#3816 = EDGE_CURVE('',#3817,#3809,#3819,.T.);
#3817 = VERTEX_POINT('',#3818);
#3818 = CARTESIAN_POINT('',(128.027903,-155.169011,0.));
#3819 = CIRCLE('',#3820,4.999999678834);
#3820 = AXIS2_PLACEMENT_3D('',#3821,#3822,#3823);
#3821 = CARTESIAN_POINT('',(128.02790267883,-150.1690113211,0.));
#3822 = DIRECTION('',(0.,0.,-1.));
#3823 = DIRECTION('',(6.423314133505E-08,-1.,0.));
#3824 = ORIENTED_EDGE('',*,*,#3825,.F.);
#3825 = EDGE_CURVE('',#3826,#3817,#3828,.T.);
#3826 = VERTEX_POINT('',#3827);
#3827 = CARTESIAN_POINT('',(218.027903,-155.169011,0.));
#3828 = LINE('',#3829,#3830);
#3829 = CARTESIAN_POINT('',(218.027903,-155.169011,0.));
#3830 = VECTOR('',#3831,1.);
#3831 = DIRECTION('',(-1.,0.,0.));
#3832 = ORIENTED_EDGE('',*,*,#3833,.F.);
#3833 = EDGE_CURVE('',#3776,#3826,#3834,.T.);
#3834 = CIRCLE('',#3835,4.999999678834);
#3835 = AXIS2_PLACEMENT_3D('',#3836,#3837,#3838);
#3836 = CARTESIAN_POINT('',(218.02790332116,-150.1690113211,0.));
#3837 = DIRECTION('',(0.,0.,-1.));
#3838 = DIRECTION('',(1.,6.423313565071E-08,0.));
#3839 = ORIENTED_EDGE('',*,*,#3783,.F.);
#3840 = FACE_BOUND('',#3841,.F.);
#3841 = EDGE_LOOP('',(#3842));
#3842 = ORIENTED_EDGE('',*,*,#3843,.T.);
#3843 = EDGE_CURVE('',#3844,#3844,#3846,.T.);
#3844 = VERTEX_POINT('',#3845);
#3845 = CARTESIAN_POINT('',(127.8,-150.48,0.));
#3846 = CIRCLE('',#3847,1.6);
#3847 = AXIS2_PLACEMENT_3D('',#3848,#3849,#3850);
#3848 = CARTESIAN_POINT('',(127.8,-148.88,0.));
#3849 = DIRECTION('',(-0.,0.,-1.));
#3850 = DIRECTION('',(-8.881784197001E-15,-1.,0.));
#3851 = FACE_BOUND('',#3852,.F.);
#3852 = EDGE_LOOP('',(#3853));
#3853 = ORIENTED_EDGE('',*,*,#3854,.T.);
#3854 = EDGE_CURVE('',#3855,#3855,#3857,.T.);
#3855 = VERTEX_POINT('',#3856);
#3856 = CARTESIAN_POINT('',(217.87,-150.48,0.));
#3857 = CIRCLE('',#3858,1.6);
#3858 = AXIS2_PLACEMENT_3D('',#3859,#3860,#3861);
#3859 = CARTESIAN_POINT('',(217.87,-148.88,0.));
#3860 = DIRECTION('',(-0.,0.,-1.));
#3861 = DIRECTION('',(-0.,-1.,0.));
#3862 = FACE_BOUND('',#3863,.F.);
#3863 = EDGE_LOOP('',(#3864));
#3864 = ORIENTED_EDGE('',*,*,#3865,.T.);
#3865 = EDGE_CURVE('',#3866,#3866,#3868,.T.);
#3866 = VERTEX_POINT('',#3867);
#3867 = CARTESIAN_POINT('',(127.8,-63.3,0.));
#3868 = CIRCLE('',#3869,1.6);
#3869 = AXIS2_PLACEMENT_3D('',#3870,#3871,#3872);
#3870 = CARTESIAN_POINT('',(127.8,-61.7,0.));
#3871 = DIRECTION('',(-0.,0.,-1.));
#3872 = DIRECTION('',(-8.881784197001E-15,-1.,0.));
#3873 = FACE_BOUND('',#3874,.F.);
#3874 = EDGE_LOOP('',(#3875));
#3875 = ORIENTED_EDGE('',*,*,#3876,.T.);
#3876 = EDGE_CURVE('',#3877,#3877,#3879,.T.);
#3877 = VERTEX_POINT('',#3878);
#3878 = CARTESIAN_POINT('',(217.87,-63.3,0.));
#3879 = CIRCLE('',#3880,1.6);
#3880 = AXIS2_PLACEMENT_3D('',#3881,#3882,#3883);
#3881 = CARTESIAN_POINT('',(217.87,-61.7,0.));
#3882 = DIRECTION('',(-0.,0.,-1.));
#3883 = DIRECTION('',(-0.,-1.,0.));
#3884 = PLANE('',#3885);
#3885 = AXIS2_PLACEMENT_3D('',#3886,#3887,#3888);
#3886 = CARTESIAN_POINT('',(0.,0.,0.));
#3887 = DIRECTION('',(0.,0.,1.));
#3888 = DIRECTION('',(1.,0.,-0.));
#3889 = ADVANCED_FACE('',(#3890,#3936,#3947,#3958,#3969),#3980,.T.);
#3890 = FACE_BOUND('',#3891,.T.);
#3891 = EDGE_LOOP('',(#3892,#3893,#3894,#3903,#3911,#3920,#3928,#3935));
#3892 = ORIENTED_EDGE('',*,*,#3703,.F.);
#3893 = ORIENTED_EDGE('',*,*,#3745,.F.);
#3894 = ORIENTED_EDGE('',*,*,#3895,.F.);
#3895 = EDGE_CURVE('',#3896,#3738,#3898,.T.);
#3896 = VERTEX_POINT('',#3897);
#3897 = CARTESIAN_POINT('',(123.027903,-60.169011,1.51));
#3898 = CIRCLE('',#3899,4.999999678834);
#3899 = AXIS2_PLACEMENT_3D('',#3900,#3901,#3902);
#3900 = CARTESIAN_POINT('',(128.02790267883,-60.16901067883,1.51));
#3901 = DIRECTION('',(0.,0.,-1.));
#3902 = DIRECTION('',(-1.,-6.423314133505E-08,-0.));
#3903 = ORIENTED_EDGE('',*,*,#3904,.F.);
#3904 = EDGE_CURVE('',#3905,#3896,#3907,.T.);
#3905 = VERTEX_POINT('',#3906);
#3906 = CARTESIAN_POINT('',(123.027903,-150.169011,1.51));
#3907 = LINE('',#3908,#3909);
#3908 = CARTESIAN_POINT('',(123.027903,-150.169011,1.51));
#3909 = VECTOR('',#3910,1.);
#3910 = DIRECTION('',(0.,1.,0.));
#3911 = ORIENTED_EDGE('',*,*,#3912,.F.);
#3912 = EDGE_CURVE('',#3913,#3905,#3915,.T.);
#3913 = VERTEX_POINT('',#3914);
#3914 = CARTESIAN_POINT('',(128.027903,-155.169011,1.51));
#3915 = CIRCLE('',#3916,4.999999678834);
#3916 = AXIS2_PLACEMENT_3D('',#3917,#3918,#3919);
#3917 = CARTESIAN_POINT('',(128.02790267883,-150.1690113211,1.51));
#3918 = DIRECTION('',(0.,0.,-1.));
#3919 = DIRECTION('',(6.423314133505E-08,-1.,0.));
#3920 = ORIENTED_EDGE('',*,*,#3921,.F.);
#3921 = EDGE_CURVE('',#3922,#3913,#3924,.T.);
#3922 = VERTEX_POINT('',#3923);
#3923 = CARTESIAN_POINT('',(218.027903,-155.169011,1.51));
#3924 = LINE('',#3925,#3926);
#3925 = CARTESIAN_POINT('',(218.027903,-155.169011,1.51));
#3926 = VECTOR('',#3927,1.);
#3927 = DIRECTION('',(-1.,0.,0.));
#3928 = ORIENTED_EDGE('',*,*,#3929,.F.);
#3929 = EDGE_CURVE('',#3768,#3922,#3930,.T.);
#3930 = CIRCLE('',#3931,4.999999678834);
#3931 = AXIS2_PLACEMENT_3D('',#3932,#3933,#3934);
#3932 = CARTESIAN_POINT('',(218.02790332116,-150.1690113211,1.51));
#3933 = DIRECTION('',(0.,0.,-1.));
#3934 = DIRECTION('',(1.,6.423313565071E-08,0.));
#3935 = ORIENTED_EDGE('',*,*,#3767,.F.);
#3936 = FACE_BOUND('',#3937,.T.);
#3937 = EDGE_LOOP('',(#3938));
#3938 = ORIENTED_EDGE('',*,*,#3939,.T.);
#3939 = EDGE_CURVE('',#3940,#3940,#3942,.T.);
#3940 = VERTEX_POINT('',#3941);
#3941 = CARTESIAN_POINT('',(127.8,-150.48,1.51));
#3942 = CIRCLE('',#3943,1.6);
#3943 = AXIS2_PLACEMENT_3D('',#3944,#3945,#3946);
#3944 = CARTESIAN_POINT('',(127.8,-148.88,1.51));
#3945 = DIRECTION('',(-0.,0.,-1.));
#3946 = DIRECTION('',(-8.881784197001E-15,-1.,0.));
#3947 = FACE_BOUND('',#3948,.T.);
#3948 = EDGE_LOOP('',(#3949));
#3949 = ORIENTED_EDGE('',*,*,#3950,.T.);
#3950 = EDGE_CURVE('',#3951,#3951,#3953,.T.);
#3951 = VERTEX_POINT('',#3952);
#3952 = CARTESIAN_POINT('',(217.87,-150.48,1.51));
#3953 = CIRCLE('',#3954,1.6);
#3954 = AXIS2_PLACEMENT_3D('',#3955,#3956,#3957);
#3955 = CARTESIAN_POINT('',(217.87,-148.88,1.51));
#3956 = DIRECTION('',(-0.,0.,-1.));
#3957 = DIRECTION('',(-0.,-1.,0.));
#3958 = FACE_BOUND('',#3959,.T.);
#3959 = EDGE_LOOP('',(#3960));
#3960 = ORIENTED_EDGE('',*,*,#3961,.T.);
#3961 = EDGE_CURVE('',#3962,#3962,#3964,.T.);
#3962 = VERTEX_POINT('',#3963);
#3963 = CARTESIAN_POINT('',(127.8,-63.3,1.51));
#3964 = CIRCLE('',#3965,1.6);
#3965 = AXIS2_PLACEMENT_3D('',#3966,#3967,#3968);
#3966 = CARTESIAN_POINT('',(127.8,-61.7,1.51));
#3967 = DIRECTION('',(-0.,0.,-1.));
#3968 = DIRECTION('',(-8.881784197001E-15,-1.,0.));
#3969 = FACE_BOUND('',#3970,.T.);
#3970 = EDGE_LOOP('',(#3971));
#3971 = ORIENTED_EDGE('',*,*,#3972,.T.);
#3972 = EDGE_CURVE('',#3973,#3973,#3975,.T.);
#3973 = VERTEX_POINT('',#3974);
#3974 = CARTESIAN_POINT('',(217.87,-63.3,1.51));
#3975 = CIRCLE('',#3976,1.6);
#3976 = AXIS2_PLACEMENT_3D('',#3977,#3978,#3979);
#3977 = CARTESIAN_POINT('',(217.87,-61.7,1.51));
#3978 = DIRECTION('',(-0.,0.,-1.));
#3979 = DIRECTION('',(-0.,-1.,0.));
#3980 = PLANE('',#3981);
#3981 = AXIS2_PLACEMENT_3D('',#3982,#3983,#3984);
#3982 = CARTESIAN_POINT('',(0.,0.,1.51));
#3983 = DIRECTION('',(0.,0.,1.));
#3984 = DIRECTION('',(1.,0.,-0.));
#3985 = ADVANCED_FACE('',(#3986),#3997,.T.);
#3986 = FACE_BOUND('',#3987,.T.);
#3987 = EDGE_LOOP('',(#3988,#3994,#3995,#3996));
#3988 = ORIENTED_EDGE('',*,*,#3989,.T.);
#3989 = EDGE_CURVE('',#3800,#3896,#3990,.T.);
#3990 = LINE('',#3991,#3992);
#3991 = CARTESIAN_POINT('',(123.027903,-60.169011,0.));
#3992 = VECTOR('',#3993,1.);
#3993 = DIRECTION('',(0.,0.,1.));
#3994 = ORIENTED_EDGE('',*,*,#3895,.T.);
#3995 = ORIENTED_EDGE('',*,*,#3735,.F.);
#3996 = ORIENTED_EDGE('',*,*,#3799,.F.);
#3997 = CYLINDRICAL_SURFACE('',#3998,4.999999678834);
#3998 = AXIS2_PLACEMENT_3D('',#3999,#4000,#4001);
#3999 = CARTESIAN_POINT('',(128.02790267883,-60.16901067883,0.));
#4000 = DIRECTION('',(0.,0.,-1.));
#4001 = DIRECTION('',(-1.,-6.423314133505E-08,-0.));
#4002 = ADVANCED_FACE('',(#4003),#4014,.T.);
#4003 = FACE_BOUND('',#4004,.T.);
#4004 = EDGE_LOOP('',(#4005,#4006,#4007,#4013));
#4005 = ORIENTED_EDGE('',*,*,#3775,.T.);
#4006 = ORIENTED_EDGE('',*,*,#3929,.T.);
#4007 = ORIENTED_EDGE('',*,*,#4008,.F.);
#4008 = EDGE_CURVE('',#3826,#3922,#4009,.T.);
#4009 = LINE('',#4010,#4011);
#4010 = CARTESIAN_POINT('',(218.027903,-155.169011,0.));
#4011 = VECTOR('',#4012,1.);
#4012 = DIRECTION('',(0.,0.,1.));
#4013 = ORIENTED_EDGE('',*,*,#3833,.F.);
#4014 = CYLINDRICAL_SURFACE('',#4015,4.999999678834);
#4015 = AXIS2_PLACEMENT_3D('',#4016,#4017,#4018);
#4016 = CARTESIAN_POINT('',(218.02790332116,-150.1690113211,0.));
#4017 = DIRECTION('',(0.,0.,-1.));
#4018 = DIRECTION('',(1.,6.423313565071E-08,0.));
#4019 = ADVANCED_FACE('',(#4020),#4031,.T.);
#4020 = FACE_BOUND('',#4021,.T.);
#4021 = EDGE_LOOP('',(#4022,#4028,#4029,#4030));
#4022 = ORIENTED_EDGE('',*,*,#4023,.T.);
#4023 = EDGE_CURVE('',#3809,#3905,#4024,.T.);
#4024 = LINE('',#4025,#4026);
#4025 = CARTESIAN_POINT('',(123.027903,-150.169011,0.));
#4026 = VECTOR('',#4027,1.);
#4027 = DIRECTION('',(0.,0.,1.));
#4028 = ORIENTED_EDGE('',*,*,#3904,.T.);
#4029 = ORIENTED_EDGE('',*,*,#3989,.F.);
#4030 = ORIENTED_EDGE('',*,*,#3808,.F.);
#4031 = PLANE('',#4032);
#4032 = AXIS2_PLACEMENT_3D('',#4033,#4034,#4035);
#4033 = CARTESIAN_POINT('',(123.027903,-150.169011,0.));
#4034 = DIRECTION('',(-1.,0.,0.));
#4035 = DIRECTION('',(0.,1.,0.));
#4036 = ADVANCED_FACE('',(#4037),#4048,.T.);
#4037 = FACE_BOUND('',#4038,.T.);
#4038 = EDGE_LOOP('',(#4039,#4040,#4041,#4047));
#4039 = ORIENTED_EDGE('',*,*,#4008,.T.);
#4040 = ORIENTED_EDGE('',*,*,#3921,.T.);
#4041 = ORIENTED_EDGE('',*,*,#4042,.F.);
#4042 = EDGE_CURVE('',#3817,#3913,#4043,.T.);
#4043 = LINE('',#4044,#4045);
#4044 = CARTESIAN_POINT('',(128.027903,-155.169011,0.));
#4045 = VECTOR('',#4046,1.);
#4046 = DIRECTION('',(0.,0.,1.));
#4047 = ORIENTED_EDGE('',*,*,#3825,.F.);
#4048 = PLANE('',#4049);
#4049 = AXIS2_PLACEMENT_3D('',#4050,#4051,#4052);
#4050 = CARTESIAN_POINT('',(218.027903,-155.169011,0.));
#4051 = DIRECTION('',(0.,-1.,0.));
#4052 = DIRECTION('',(-1.,0.,0.));
#4053 = ADVANCED_FACE('',(#4054),#4060,.T.);
#4054 = FACE_BOUND('',#4055,.T.);
#4055 = EDGE_LOOP('',(#4056,#4057,#4058,#4059));
#4056 = ORIENTED_EDGE('',*,*,#4042,.T.);
#4057 = ORIENTED_EDGE('',*,*,#3912,.T.);
#4058 = ORIENTED_EDGE('',*,*,#4023,.F.);
#4059 = ORIENTED_EDGE('',*,*,#3816,.F.);
#4060 = CYLINDRICAL_SURFACE('',#4061,4.999999678834);
#4061 = AXIS2_PLACEMENT_3D('',#4062,#4063,#4064);
#4062 = CARTESIAN_POINT('',(128.02790267883,-150.1690113211,0.));
#4063 = DIRECTION('',(0.,0.,-1.));
#4064 = DIRECTION('',(6.423314133505E-08,-1.,0.));
#4065 = ADVANCED_FACE('',(#4066),#4077,.F.);
#4066 = FACE_BOUND('',#4067,.T.);
#4067 = EDGE_LOOP('',(#4068,#4069,#4075,#4076));
#4068 = ORIENTED_EDGE('',*,*,#3843,.T.);
#4069 = ORIENTED_EDGE('',*,*,#4070,.T.);
#4070 = EDGE_CURVE('',#3844,#3940,#4071,.T.);
#4071 = LINE('',#4072,#4073);
#4072 = CARTESIAN_POINT('',(127.8,-150.48,-4.6E-02));
#4073 = VECTOR('',#4074,1.);
#4074 = DIRECTION('',(0.,0.,1.));
#4075 = ORIENTED_EDGE('',*,*,#3939,.F.);
#4076 = ORIENTED_EDGE('',*,*,#4070,.F.);
#4077 = CYLINDRICAL_SURFACE('',#4078,1.6);
#4078 = AXIS2_PLACEMENT_3D('',#4079,#4080,#4081);
#4079 = CARTESIAN_POINT('',(127.8,-148.88,-4.6E-02));
#4080 = DIRECTION('',(-0.,-0.,-1.));
#4081 = DIRECTION('',(-8.881784197001E-15,-1.,0.));
#4082 = ADVANCED_FACE('',(#4083),#4094,.F.);
#4083 = FACE_BOUND('',#4084,.T.);
#4084 = EDGE_LOOP('',(#4085,#4086,#4092,#4093));
#4085 = ORIENTED_EDGE('',*,*,#3854,.T.);
#4086 = ORIENTED_EDGE('',*,*,#4087,.T.);
#4087 = EDGE_CURVE('',#3855,#3951,#4088,.T.);
#4088 = LINE('',#4089,#4090);
#4089 = CARTESIAN_POINT('',(217.87,-150.48,-4.6E-02));
#4090 = VECTOR('',#4091,1.);
#4091 = DIRECTION('',(0.,0.,1.));
#4092 = ORIENTED_EDGE('',*,*,#3950,.F.);
#4093 = ORIENTED_EDGE('',*,*,#4087,.F.);
#4094 = CYLINDRICAL_SURFACE('',#4095,1.6);
#4095 = AXIS2_PLACEMENT_3D('',#4096,#4097,#4098);
#4096 = CARTESIAN_POINT('',(217.87,-148.88,-4.6E-02));
#4097 = DIRECTION('',(-0.,-0.,-1.));
#4098 = DIRECTION('',(-0.,-1.,0.));
#4099 = ADVANCED_FACE('',(#4100),#4111,.F.);
#4100 = FACE_BOUND('',#4101,.T.);
#4101 = EDGE_LOOP('',(#4102,#4103,#4109,#4110));
#4102 = ORIENTED_EDGE('',*,*,#3865,.T.);
#4103 = ORIENTED_EDGE('',*,*,#4104,.T.);
#4104 = EDGE_CURVE('',#3866,#3962,#4105,.T.);
#4105 = LINE('',#4106,#4107);
#4106 = CARTESIAN_POINT('',(127.8,-63.3,-4.6E-02));
#4107 = VECTOR('',#4108,1.);
#4108 = DIRECTION('',(0.,0.,1.));
#4109 = ORIENTED_EDGE('',*,*,#3961,.F.);
#4110 = ORIENTED_EDGE('',*,*,#4104,.F.);
#4111 = CYLINDRICAL_SURFACE('',#4112,1.6);
#4112 = AXIS2_PLACEMENT_3D('',#4113,#4114,#4115);
#4113 = CARTESIAN_POINT('',(127.8,-61.7,-4.6E-02));
#4114 = DIRECTION('',(-0.,-0.,-1.));
#4115 = DIRECTION('',(-8.881784197001E-15,-1.,0.));
#4116 = ADVANCED_FACE('',(#4117),#4128,.F.);
#4117 = FACE_BOUND('',#4118,.T.);
#4118 = EDGE_LOOP('',(#4119,#4120,#4126,#4127));
#4119 = ORIENTED_EDGE('',*,*,#3876,.T.);
#4120 = ORIENTED_EDGE('',*,*,#4121,.T.);
#4121 = EDGE_CURVE('',#3877,#3973,#4122,.T.);
#4122 = LINE('',#4123,#4124);
#4123 = CARTESIAN_POINT('',(217.87,-63.3,-4.6E-02));
#4124 = VECTOR('',#4125,1.);
#4125 = DIRECTION('',(0.,0.,1.));
#4126 = ORIENTED_EDGE('',*,*,#3972,.F.);
#4127 = ORIENTED_EDGE('',*,*,#4121,.F.);
#4128 = CYLINDRICAL_SURFACE('',#4129,1.6);
#4129 = AXIS2_PLACEMENT_3D('',#4130,#4131,#4132);
#4130 = CARTESIAN_POINT('',(217.87,-61.7,-4.6E-02));
#4131 = DIRECTION('',(-0.,-0.,-1.));
#4132 = DIRECTION('',(-0.,-1.,0.));
#4133 = ( GEOMETRIC_REPRESENTATION_CONTEXT(3) 
GLOBAL_UNCERTAINTY_ASSIGNED_CONTEXT((#4137)) 
GLOBAL_UNIT_ASSIGNED_CONTEXT((#4134,#4135,#4136)) REPRESENTATION_CONTEXT
('Context #1','3D Context with UNIT and UNCERTAINTY') );
#4134 = ( LENGTH_UNIT() NAMED_UNIT(*) SI_UNIT(.MILLI.,.METRE.) );
#4135 = ( NAMED_UNIT(*) PLANE_ANGLE_UNIT() SI_UNIT($,.RADIAN.) );
#4136 = ( NAMED_UNIT(*) SI_UNIT($,.STERADIAN.) SOLID_ANGLE_UNIT() );
#4137 = UNCERTAINTY_MEASURE_WITH_UNIT(LENGTH_MEASURE(1.E-07),#4134,
  'distance_accuracy_value','confusion accuracy');
#4138 = CONTEXT_DEPENDENT_SHAPE_REPRESENTATION(#4139,#4141);
#4139 = ( REPRESENTATION_RELATIONSHIP('','',#3686,#10) 
REPRESENTATION_RELATIONSHIP_WITH_TRANSFORMATION(#4140) 
SHAPE_REPRESENTATION_RELATIONSHIP() );
#4140 = ITEM_DEFINED_TRANSFORMATION('','',#11,#27);
#4141 = PRODUCT_DEFINITION_SHAPE('Placement','Placement of an item',
  #4142);
#4142 = NEXT_ASSEMBLY_USAGE_OCCURRENCE('5','=>[0:1:1:6]','',#5,#3681,$);
#4143 = PRODUCT_RELATED_PRODUCT_CATEGORY('part',$,(#3683));
#4144 = MECHANICAL_DESIGN_GEOMETRIC_PRESENTATION_REPRESENTATION('',(
    #4145),#4133);
#4145 = STYLED_ITEM('color',(#4146),#3687);
#4146 = PRESENTATION_STYLE_ASSIGNMENT((#4147));
#4147 = SURFACE_STYLE_USAGE(.BOTH.,#4148);
#4148 = SURFACE_SIDE_STYLE('',(#4149));
#4149 = SURFACE_STYLE_FILL_AREA(#4150);
#4150 = FILL_AREA_STYLE('',(#4151));
#4151 = FILL_AREA_STYLE_COLOUR('',#4152);
#4152 = COLOUR_RGB('',0.313304153717,0.484529207832,0.410020903123);
#4153 = MECHANICAL_DESIGN_GEOMETRIC_PRESENTATION_REPRESENTATION('',(
    #4154,#4162,#4169,#4176,#4183,#4190),#2057);
#4154 = STYLED_ITEM('color',(#4155),#877);
#4155 = PRESENTATION_STYLE_ASSIGNMENT((#4156));
#4156 = SURFACE_STYLE_USAGE(.BOTH.,#4157);
#4157 = SURFACE_SIDE_STYLE('',(#4158));
#4158 = SURFACE_STYLE_FILL_AREA(#4159);
#4159 = FILL_AREA_STYLE('',(#4160));
#4160 = FILL_AREA_STYLE_COLOUR('',#4161);
#4161 = COLOUR_RGB('',0.735356983052,0.735356983052,0.735356983052);
#4162 = STYLED_ITEM('color',(#4163),#1027);
#4163 = PRESENTATION_STYLE_ASSIGNMENT((#4164));
#4164 = SURFACE_STYLE_USAGE(.BOTH.,#4165);
#4165 = SURFACE_SIDE_STYLE('',(#4166));
#4166 = SURFACE_STYLE_FILL_AREA(#4167);
#4167 = FILL_AREA_STYLE('',(#4168));
#4168 = FILL_AREA_STYLE_COLOUR('',#4161);
#4169 = STYLED_ITEM('color',(#4170),#1177);
#4170 = PRESENTATION_STYLE_ASSIGNMENT((#4171));
#4171 = SURFACE_STYLE_USAGE(.BOTH.,#4172);
#4172 = SURFACE_SIDE_STYLE('',(#4173));
#4173 = SURFACE_STYLE_FILL_AREA(#4174);
#4174 = FILL_AREA_STYLE('',(#4175));
#4175 = FILL_AREA_STYLE_COLOUR('',#4161);
#4176 = STYLED_ITEM('color',(#4177),#1467);
#4177 = PRESENTATION_STYLE_ASSIGNMENT((#4178));
#4178 = SURFACE_STYLE_USAGE(.BOTH.,#4179);
#4179 = SURFACE_SIDE_STYLE('',(#4180));
#4180 = SURFACE_STYLE_FILL_AREA(#4181);
#4181 = FILL_AREA_STYLE('',(#4182));
#4182 = FILL_AREA_STYLE_COLOUR('',#4161);
#4183 = STYLED_ITEM('color',(#4184),#1617);
#4184 = PRESENTATION_STYLE_ASSIGNMENT((#4185));
#4185 = SURFACE_STYLE_USAGE(.BOTH.,#4186);
#4186 = SURFACE_SIDE_STYLE('',(#4187));
#4187 = SURFACE_STYLE_FILL_AREA(#4188);
#4188 = FILL_AREA_STYLE('',(#4189));
#4189 = FILL_AREA_STYLE_COLOUR('',#4161);
#4190 = STYLED_ITEM('color',(#4191),#1767);
#4191 = PRESENTATION_STYLE_ASSIGNMENT((#4192));
#4192 = SURFACE_STYLE_USAGE(.BOTH.,#4193);
#4193 = SURFACE_SIDE_STYLE('',(#4194));
#4194 = SURFACE_STYLE_FILL_AREA(#4195);
#4195 = FILL_AREA_STYLE('',(#4196));
#4196 = FILL_AREA_STYLE_COLOUR('',#4161);
#4197 = MECHANICAL_DESIGN_GEOMETRIC_PRESENTATION_REPRESENTATION('',(
    #4198,#4206,#4213,#4220,#4227,#4234,#4241,#4248,#4256,#4263,#4270,
    #4277,#4284,#4291,#4299,#4306,#4313,#4320,#4327,#4334,#4341,#4348,
    #4355,#4362,#4369,#4376),#858);
#4198 = STYLED_ITEM('color',(#4199),#70);
#4199 = PRESENTATION_STYLE_ASSIGNMENT((#4200));
#4200 = SURFACE_STYLE_USAGE(.BOTH.,#4201);
#4201 = SURFACE_SIDE_STYLE('',(#4202));
#4202 = SURFACE_STYLE_FILL_AREA(#4203);
#4203 = FILL_AREA_STYLE('',(#4204));
#4204 = FILL_AREA_STYLE_COLOUR('',#4205);
#4205 = COLOUR_RGB('',0.823999987314,0.819999987296,0.781000009244);
#4206 = STYLED_ITEM('color',(#4207),#110);
#4207 = PRESENTATION_STYLE_ASSIGNMENT((#4208));
#4208 = SURFACE_STYLE_USAGE(.BOTH.,#4209);
#4209 = SURFACE_SIDE_STYLE('',(#4210));
#4210 = SURFACE_STYLE_FILL_AREA(#4211);
#4211 = FILL_AREA_STYLE('',(#4212));
#4212 = FILL_AREA_STYLE_COLOUR('',#4205);
#4213 = STYLED_ITEM('color',(#4214),#193);
#4214 = PRESENTATION_STYLE_ASSIGNMENT((#4215));
#4215 = SURFACE_STYLE_USAGE(.BOTH.,#4216);
#4216 = SURFACE_SIDE_STYLE('',(#4217));
#4217 = SURFACE_STYLE_FILL_AREA(#4218);
#4218 = FILL_AREA_STYLE('',(#4219));
#4219 = FILL_AREA_STYLE_COLOUR('',#4205);
#4220 = STYLED_ITEM('color',(#4221),#218);
#4221 = PRESENTATION_STYLE_ASSIGNMENT((#4222));
#4222 = SURFACE_STYLE_USAGE(.BOTH.,#4223);
#4223 = SURFACE_SIDE_STYLE('',(#4224));
#4224 = SURFACE_STYLE_FILL_AREA(#4225);
#4225 = FILL_AREA_STYLE('',(#4226));
#4226 = FILL_AREA_STYLE_COLOUR('',#4205);
#4227 = STYLED_ITEM('color',(#4228),#243);
#4228 = PRESENTATION_STYLE_ASSIGNMENT((#4229));
#4229 = SURFACE_STYLE_USAGE(.BOTH.,#4230);
#4230 = SURFACE_SIDE_STYLE('',(#4231));
#4231 = SURFACE_STYLE_FILL_AREA(#4232);
#4232 = FILL_AREA_STYLE('',(#4233));
#4233 = FILL_AREA_STYLE_COLOUR('',#4205);
#4234 = STYLED_ITEM('color',(#4235),#310);
#4235 = PRESENTATION_STYLE_ASSIGNMENT((#4236));
#4236 = SURFACE_STYLE_USAGE(.BOTH.,#4237);
#4237 = SURFACE_SIDE_STYLE('',(#4238));
#4238 = SURFACE_STYLE_FILL_AREA(#4239);
#4239 = FILL_AREA_STYLE('',(#4240));
#4240 = FILL_AREA_STYLE_COLOUR('',#4205);
#4241 = STYLED_ITEM('color',(#4242),#327);
#4242 = PRESENTATION_STYLE_ASSIGNMENT((#4243));
#4243 = SURFACE_STYLE_USAGE(.BOTH.,#4244);
#4244 = SURFACE_SIDE_STYLE('',(#4245));
#4245 = SURFACE_STYLE_FILL_AREA(#4246);
#4246 = FILL_AREA_STYLE('',(#4247));
#4247 = FILL_AREA_STYLE_COLOUR('',#4205);
#4248 = STYLED_ITEM('color',(#4249),#344);
#4249 = PRESENTATION_STYLE_ASSIGNMENT((#4250));
#4250 = SURFACE_STYLE_USAGE(.BOTH.,#4251);
#4251 = SURFACE_SIDE_STYLE('',(#4252));
#4252 = SURFACE_STYLE_FILL_AREA(#4253);
#4253 = FILL_AREA_STYLE('',(#4254));
#4254 = FILL_AREA_STYLE_COLOUR('',#4255);
#4255 = COLOUR_RGB('',0.894999966383,0.890999961016,0.813000030345);
#4256 = STYLED_ITEM('color',(#4257),#393);
#4257 = PRESENTATION_STYLE_ASSIGNMENT((#4258));
#4258 = SURFACE_STYLE_USAGE(.BOTH.,#4259);
#4259 = SURFACE_SIDE_STYLE('',(#4260));
#4260 = SURFACE_STYLE_FILL_AREA(#4261);
#4261 = FILL_AREA_STYLE('',(#4262));
#4262 = FILL_AREA_STYLE_COLOUR('',#4205);
#4263 = STYLED_ITEM('color',(#4264),#410);
#4264 = PRESENTATION_STYLE_ASSIGNMENT((#4265));
#4265 = SURFACE_STYLE_USAGE(.BOTH.,#4266);
#4266 = SURFACE_SIDE_STYLE('',(#4267));
#4267 = SURFACE_STYLE_FILL_AREA(#4268);
#4268 = FILL_AREA_STYLE('',(#4269));
#4269 = FILL_AREA_STYLE_COLOUR('',#4205);
#4270 = STYLED_ITEM('color',(#4271),#427);
#4271 = PRESENTATION_STYLE_ASSIGNMENT((#4272));
#4272 = SURFACE_STYLE_USAGE(.BOTH.,#4273);
#4273 = SURFACE_SIDE_STYLE('',(#4274));
#4274 = SURFACE_STYLE_FILL_AREA(#4275);
#4275 = FILL_AREA_STYLE('',(#4276));
#4276 = FILL_AREA_STYLE_COLOUR('',#4255);
#4277 = STYLED_ITEM('color',(#4278),#476);
#4278 = PRESENTATION_STYLE_ASSIGNMENT((#4279));
#4279 = SURFACE_STYLE_USAGE(.BOTH.,#4280);
#4280 = SURFACE_SIDE_STYLE('',(#4281));
#4281 = SURFACE_STYLE_FILL_AREA(#4282);
#4282 = FILL_AREA_STYLE('',(#4283));
#4283 = FILL_AREA_STYLE_COLOUR('',#4255);
#4284 = STYLED_ITEM('color',(#4285),#493);
#4285 = PRESENTATION_STYLE_ASSIGNMENT((#4286));
#4286 = SURFACE_STYLE_USAGE(.BOTH.,#4287);
#4287 = SURFACE_SIDE_STYLE('',(#4288));
#4288 = SURFACE_STYLE_FILL_AREA(#4289);
#4289 = FILL_AREA_STYLE('',(#4290));
#4290 = FILL_AREA_STYLE_COLOUR('',#4205);
#4291 = STYLED_ITEM('color',(#4292),#562);
#4292 = PRESENTATION_STYLE_ASSIGNMENT((#4293));
#4293 = SURFACE_STYLE_USAGE(.BOTH.,#4294);
#4294 = SURFACE_SIDE_STYLE('',(#4295));
#4295 = SURFACE_STYLE_FILL_AREA(#4296);
#4296 = FILL_AREA_STYLE('',(#4297));
#4297 = FILL_AREA_STYLE_COLOUR('',#4298);
#4298 = COLOUR_RGB('',8.200000279077E-02,8.600000121357E-02,
  9.399999706163E-02);
#4299 = STYLED_ITEM('color',(#4300),#593);
#4300 = PRESENTATION_STYLE_ASSIGNMENT((#4301));
#4301 = SURFACE_STYLE_USAGE(.BOTH.,#4302);
#4302 = SURFACE_SIDE_STYLE('',(#4303));
#4303 = SURFACE_STYLE_FILL_AREA(#4304);
#4304 = FILL_AREA_STYLE('',(#4305));
#4305 = FILL_AREA_STYLE_COLOUR('',#4298);
#4306 = STYLED_ITEM('color',(#4307),#617);
#4307 = PRESENTATION_STYLE_ASSIGNMENT((#4308));
#4308 = SURFACE_STYLE_USAGE(.BOTH.,#4309);
#4309 = SURFACE_SIDE_STYLE('',(#4310));
#4310 = SURFACE_STYLE_FILL_AREA(#4311);
#4311 = FILL_AREA_STYLE('',(#4312));
#4312 = FILL_AREA_STYLE_COLOUR('',#4205);
#4313 = STYLED_ITEM('color',(#4314),#686);
#4314 = PRESENTATION_STYLE_ASSIGNMENT((#4315));
#4315 = SURFACE_STYLE_USAGE(.BOTH.,#4316);
#4316 = SURFACE_SIDE_STYLE('',(#4317));
#4317 = SURFACE_STYLE_FILL_AREA(#4318);
#4318 = FILL_AREA_STYLE('',(#4319));
#4319 = FILL_AREA_STYLE_COLOUR('',#4298);
#4320 = STYLED_ITEM('color',(#4321),#710);
#4321 = PRESENTATION_STYLE_ASSIGNMENT((#4322));
#4322 = SURFACE_STYLE_USAGE(.BOTH.,#4323);
#4323 = SURFACE_SIDE_STYLE('',(#4324));
#4324 = SURFACE_STYLE_FILL_AREA(#4325);
#4325 = FILL_AREA_STYLE('',(#4326));
#4326 = FILL_AREA_STYLE_COLOUR('',#4205);
#4327 = STYLED_ITEM('color',(#4328),#727);
#4328 = PRESENTATION_STYLE_ASSIGNMENT((#4329));
#4329 = SURFACE_STYLE_USAGE(.BOTH.,#4330);
#4330 = SURFACE_SIDE_STYLE('',(#4331));
#4331 = SURFACE_STYLE_FILL_AREA(#4332);
#4332 = FILL_AREA_STYLE('',(#4333));
#4333 = FILL_AREA_STYLE_COLOUR('',#4205);
#4334 = STYLED_ITEM('color',(#4335),#744);
#4335 = PRESENTATION_STYLE_ASSIGNMENT((#4336));
#4336 = SURFACE_STYLE_USAGE(.BOTH.,#4337);
#4337 = SURFACE_SIDE_STYLE('',(#4338));
#4338 = SURFACE_STYLE_FILL_AREA(#4339);
#4339 = FILL_AREA_STYLE('',(#4340));
#4340 = FILL_AREA_STYLE_COLOUR('',#4205);
#4341 = STYLED_ITEM('color',(#4342),#761);
#4342 = PRESENTATION_STYLE_ASSIGNMENT((#4343));
#4343 = SURFACE_STYLE_USAGE(.BOTH.,#4344);
#4344 = SURFACE_SIDE_STYLE('',(#4345));
#4345 = SURFACE_STYLE_FILL_AREA(#4346);
#4346 = FILL_AREA_STYLE('',(#4347));
#4347 = FILL_AREA_STYLE_COLOUR('',#4205);
#4348 = STYLED_ITEM('color',(#4349),#778);
#4349 = PRESENTATION_STYLE_ASSIGNMENT((#4350));
#4350 = SURFACE_STYLE_USAGE(.BOTH.,#4351);
#4351 = SURFACE_SIDE_STYLE('',(#4352));
#4352 = SURFACE_STYLE_FILL_AREA(#4353);
#4353 = FILL_AREA_STYLE('',(#4354));
#4354 = FILL_AREA_STYLE_COLOUR('',#4205);
#4355 = STYLED_ITEM('color',(#4356),#795);
#4356 = PRESENTATION_STYLE_ASSIGNMENT((#4357));
#4357 = SURFACE_STYLE_USAGE(.BOTH.,#4358);
#4358 = SURFACE_SIDE_STYLE('',(#4359));
#4359 = SURFACE_STYLE_FILL_AREA(#4360);
#4360 = FILL_AREA_STYLE('',(#4361));
#4361 = FILL_AREA_STYLE_COLOUR('',#4205);
#4362 = STYLED_ITEM('color',(#4363),#812);
#4363 = PRESENTATION_STYLE_ASSIGNMENT((#4364));
#4364 = SURFACE_STYLE_USAGE(.BOTH.,#4365);
#4365 = SURFACE_SIDE_STYLE('',(#4366));
#4366 = SURFACE_STYLE_FILL_AREA(#4367);
#4367 = FILL_AREA_STYLE('',(#4368));
#4368 = FILL_AREA_STYLE_COLOUR('',#4205);
#4369 = STYLED_ITEM('color',(#4370),#829);
#4370 = PRESENTATION_STYLE_ASSIGNMENT((#4371));
#4371 = SURFACE_STYLE_USAGE(.BOTH.,#4372);
#4372 = SURFACE_SIDE_STYLE('',(#4373));
#4373 = SURFACE_STYLE_FILL_AREA(#4374);
#4374 = FILL_AREA_STYLE('',(#4375));
#4375 = FILL_AREA_STYLE_COLOUR('',#4298);
#4376 = STYLED_ITEM('color',(#4377),#846);
#4377 = PRESENTATION_STYLE_ASSIGNMENT((#4378));
#4378 = SURFACE_STYLE_USAGE(.BOTH.,#4379);
#4379 = SURFACE_SIDE_STYLE('',(#4380));
#4380 = SURFACE_STYLE_FILL_AREA(#4381);
#4381 = FILL_AREA_STYLE('',(#4382));
#4382 = FILL_AREA_STYLE_COLOUR('',#4298);
#4383 = MECHANICAL_DESIGN_GEOMETRIC_PRESENTATION_REPRESENTATION('',(
    #4384,#4394,#4403,#4412,#4421,#4430,#4439,#4448,#4457,#4466,#4475,
    #4484,#4493,#4502,#4511),#3668);
#4384 = STYLED_ITEM('color',(#4385),#2078);
#4385 = PRESENTATION_STYLE_ASSIGNMENT((#4386));
#4386 = SURFACE_STYLE_USAGE(.BOTH.,#4387);
#4387 = SURFACE_SIDE_STYLE('',(#4388,#4392));
#4388 = SURFACE_STYLE_FILL_AREA(#4389);
#4389 = FILL_AREA_STYLE('',(#4390));
#4390 = FILL_AREA_STYLE_COLOUR('',#4391);
#4391 = DRAUGHTING_PRE_DEFINED_COLOUR('white');
#4392 = SURFACE_STYLE_RENDERING_WITH_PROPERTIES(.NORMAL_SHADING.,#4391,(
    #4393));
#4393 = SURFACE_STYLE_TRANSPARENT(0.100000023842);
#4394 = STYLED_ITEM('color',(#4395),#2190);
#4395 = PRESENTATION_STYLE_ASSIGNMENT((#4396));
#4396 = SURFACE_STYLE_USAGE(.BOTH.,#4397);
#4397 = SURFACE_SIDE_STYLE('',(#4398,#4401));
#4398 = SURFACE_STYLE_FILL_AREA(#4399);
#4399 = FILL_AREA_STYLE('',(#4400));
#4400 = FILL_AREA_STYLE_COLOUR('',#4391);
#4401 = SURFACE_STYLE_RENDERING_WITH_PROPERTIES(.NORMAL_SHADING.,#4391,(
    #4402));
#4402 = SURFACE_STYLE_TRANSPARENT(0.100000023842);
#4403 = STYLED_ITEM('color',(#4404),#2302);
#4404 = PRESENTATION_STYLE_ASSIGNMENT((#4405));
#4405 = SURFACE_STYLE_USAGE(.BOTH.,#4406);
#4406 = SURFACE_SIDE_STYLE('',(#4407,#4410));
#4407 = SURFACE_STYLE_FILL_AREA(#4408);
#4408 = FILL_AREA_STYLE('',(#4409));
#4409 = FILL_AREA_STYLE_COLOUR('',#4391);
#4410 = SURFACE_STYLE_RENDERING_WITH_PROPERTIES(.NORMAL_SHADING.,#4391,(
    #4411));
#4411 = SURFACE_STYLE_TRANSPARENT(0.100000023842);
#4412 = STYLED_ITEM('color',(#4413),#2414);
#4413 = PRESENTATION_STYLE_ASSIGNMENT((#4414));
#4414 = SURFACE_STYLE_USAGE(.BOTH.,#4415);
#4415 = SURFACE_SIDE_STYLE('',(#4416,#4419));
#4416 = SURFACE_STYLE_FILL_AREA(#4417);
#4417 = FILL_AREA_STYLE('',(#4418));
#4418 = FILL_AREA_STYLE_COLOUR('',#4391);
#4419 = SURFACE_STYLE_RENDERING_WITH_PROPERTIES(.NORMAL_SHADING.,#4391,(
    #4420));
#4420 = SURFACE_STYLE_TRANSPARENT(0.100000023842);
#4421 = STYLED_ITEM('color',(#4422),#2526);
#4422 = PRESENTATION_STYLE_ASSIGNMENT((#4423));
#4423 = SURFACE_STYLE_USAGE(.BOTH.,#4424);
#4424 = SURFACE_SIDE_STYLE('',(#4425,#4428));
#4425 = SURFACE_STYLE_FILL_AREA(#4426);
#4426 = FILL_AREA_STYLE('',(#4427));
#4427 = FILL_AREA_STYLE_COLOUR('',#4391);
#4428 = SURFACE_STYLE_RENDERING_WITH_PROPERTIES(.NORMAL_SHADING.,#4391,(
    #4429));
#4429 = SURFACE_STYLE_TRANSPARENT(0.100000023842);
#4430 = STYLED_ITEM('color',(#4431),#2668);
#4431 = PRESENTATION_STYLE_ASSIGNMENT((#4432));
#4432 = SURFACE_STYLE_USAGE(.BOTH.,#4433);
#4433 = SURFACE_SIDE_STYLE('',(#4434,#4437));
#4434 = SURFACE_STYLE_FILL_AREA(#4435);
#4435 = FILL_AREA_STYLE('',(#4436));
#4436 = FILL_AREA_STYLE_COLOUR('',#4391);
#4437 = SURFACE_STYLE_RENDERING_WITH_PROPERTIES(.NORMAL_SHADING.,#4391,(
    #4438));
#4438 = SURFACE_STYLE_TRANSPARENT(0.100000023842);
#4439 = STYLED_ITEM('color',(#4440),#2835);
#4440 = PRESENTATION_STYLE_ASSIGNMENT((#4441));
#4441 = SURFACE_STYLE_USAGE(.BOTH.,#4442);
#4442 = SURFACE_SIDE_STYLE('',(#4443,#4446));
#4443 = SURFACE_STYLE_FILL_AREA(#4444);
#4444 = FILL_AREA_STYLE('',(#4445));
#4445 = FILL_AREA_STYLE_COLOUR('',#4391);
#4446 = SURFACE_STYLE_RENDERING_WITH_PROPERTIES(.NORMAL_SHADING.,#4391,(
    #4447));
#4447 = SURFACE_STYLE_TRANSPARENT(0.100000023842);
#4448 = STYLED_ITEM('color',(#4449),#2929);
#4449 = PRESENTATION_STYLE_ASSIGNMENT((#4450));
#4450 = SURFACE_STYLE_USAGE(.BOTH.,#4451);
#4451 = SURFACE_SIDE_STYLE('',(#4452,#4455));
#4452 = SURFACE_STYLE_FILL_AREA(#4453);
#4453 = FILL_AREA_STYLE('',(#4454));
#4454 = FILL_AREA_STYLE_COLOUR('',#4391);
#4455 = SURFACE_STYLE_RENDERING_WITH_PROPERTIES(.NORMAL_SHADING.,#4391,(
    #4456));
#4456 = SURFACE_STYLE_TRANSPARENT(0.100000023842);
#4457 = STYLED_ITEM('color',(#4458),#3023);
#4458 = PRESENTATION_STYLE_ASSIGNMENT((#4459));
#4459 = SURFACE_STYLE_USAGE(.BOTH.,#4460);
#4460 = SURFACE_SIDE_STYLE('',(#4461,#4464));
#4461 = SURFACE_STYLE_FILL_AREA(#4462);
#4462 = FILL_AREA_STYLE('',(#4463));
#4463 = FILL_AREA_STYLE_COLOUR('',#4391);
#4464 = SURFACE_STYLE_RENDERING_WITH_PROPERTIES(.NORMAL_SHADING.,#4391,(
    #4465));
#4465 = SURFACE_STYLE_TRANSPARENT(0.100000023842);
#4466 = STYLED_ITEM('color',(#4467),#3067);
#4467 = PRESENTATION_STYLE_ASSIGNMENT((#4468));
#4468 = SURFACE_STYLE_USAGE(.BOTH.,#4469);
#4469 = SURFACE_SIDE_STYLE('',(#4470,#4473));
#4470 = SURFACE_STYLE_FILL_AREA(#4471);
#4471 = FILL_AREA_STYLE('',(#4472));
#4472 = FILL_AREA_STYLE_COLOUR('',#4391);
#4473 = SURFACE_STYLE_RENDERING_WITH_PROPERTIES(.NORMAL_SHADING.,#4391,(
    #4474));
#4474 = SURFACE_STYLE_TRANSPARENT(0.100000023842);
#4475 = STYLED_ITEM('color',(#4476),#3111);
#4476 = PRESENTATION_STYLE_ASSIGNMENT((#4477));
#4477 = SURFACE_STYLE_USAGE(.BOTH.,#4478);
#4478 = SURFACE_SIDE_STYLE('',(#4479,#4482));
#4479 = SURFACE_STYLE_FILL_AREA(#4480);
#4480 = FILL_AREA_STYLE('',(#4481));
#4481 = FILL_AREA_STYLE_COLOUR('',#4391);
#4482 = SURFACE_STYLE_RENDERING_WITH_PROPERTIES(.NORMAL_SHADING.,#4391,(
    #4483));
#4483 = SURFACE_STYLE_TRANSPARENT(0.100000023842);
#4484 = STYLED_ITEM('color',(#4485),#3253);
#4485 = PRESENTATION_STYLE_ASSIGNMENT((#4486));
#4486 = SURFACE_STYLE_USAGE(.BOTH.,#4487);
#4487 = SURFACE_SIDE_STYLE('',(#4488,#4491));
#4488 = SURFACE_STYLE_FILL_AREA(#4489);
#4489 = FILL_AREA_STYLE('',(#4490));
#4490 = FILL_AREA_STYLE_COLOUR('',#4391);
#4491 = SURFACE_STYLE_RENDERING_WITH_PROPERTIES(.NORMAL_SHADING.,#4391,(
    #4492));
#4492 = SURFACE_STYLE_TRANSPARENT(0.100000023842);
#4493 = STYLED_ITEM('color',(#4494),#3424);
#4494 = PRESENTATION_STYLE_ASSIGNMENT((#4495));
#4495 = SURFACE_STYLE_USAGE(.BOTH.,#4496);
#4496 = SURFACE_SIDE_STYLE('',(#4497,#4500));
#4497 = SURFACE_STYLE_FILL_AREA(#4498);
#4498 = FILL_AREA_STYLE('',(#4499));
#4499 = FILL_AREA_STYLE_COLOUR('',#4391);
#4500 = SURFACE_STYLE_RENDERING_WITH_PROPERTIES(.NORMAL_SHADING.,#4391,(
    #4501));
#4501 = SURFACE_STYLE_TRANSPARENT(0.100000023842);
#4502 = STYLED_ITEM('color',(#4503),#3443);
#4503 = PRESENTATION_STYLE_ASSIGNMENT((#4504));
#4504 = SURFACE_STYLE_USAGE(.BOTH.,#4505);
#4505 = SURFACE_SIDE_STYLE('',(#4506,#4509));
#4506 = SURFACE_STYLE_FILL_AREA(#4507);
#4507 = FILL_AREA_STYLE('',(#4508));
#4508 = FILL_AREA_STYLE_COLOUR('',#4391);
#4509 = SURFACE_STYLE_RENDERING_WITH_PROPERTIES(.NORMAL_SHADING.,#4391,(
    #4510));
#4510 = SURFACE_STYLE_TRANSPARENT(0.100000023842);
#4511 = STYLED_ITEM('color',(#4512),#3551);
#4512 = PRESENTATION_STYLE_ASSIGNMENT((#4513));
#4513 = SURFACE_STYLE_USAGE(.BOTH.,#4514);
#4514 = SURFACE_SIDE_STYLE('',(#4515,#4518));
#4515 = SURFACE_STYLE_FILL_AREA(#4516);
#4516 = FILL_AREA_STYLE('',(#4517));
#4517 = FILL_AREA_STYLE_COLOUR('',#4391);
#4518 = SURFACE_STYLE_RENDERING_WITH_PROPERTIES(.NORMAL_SHADING.,#4391,(
    #4519));
#4519 = SURFACE_STYLE_TRANSPARENT(0.100000023842);
ENDSEC;
END-ISO-10303-21;
